{
    "dsc": 0.8907355840471057,
    "loss": 0.12308598438898724,
    "iou": 0.8346850846608479,
    "accuracy": 0.9989617187500001,
    "precision": 0.9114476976924472,
    "recall": 0.9111533301671345
}