{
    "dsc": 0.8735739164185106,
    "loss": 0.0984485337608739,
    "iou": 0.8125342086741799,
    "accuracy": 0.9988444567228617,
    "precision": 0.9184278021778975,
    "recall": 0.8819189251514905
}