{
    "dsc": 0.914869889418284,
    "loss": 0.08368838596343994,
    "iou": 0.8690695185926225,
    "accuracy": 0.9982350954861111,
    "precision": 0.944170414182875,
    "recall": 0.9184463318188986
}