{
    "epoch_01": {
        "dsc": 0.8951514676997534,
        "iou": 0.828500336199476,
        "accuracy": 0.9971887849506579,
        "precision": 0.9427060411687481,
        "recall": 0.8804958938506611,
        "loss": 0.10618845804741509
    },
    "epoch_02": {
        "dsc": 0.9047538062982392,
        "iou": 0.845644616244132,
        "accuracy": 0.9975964569627194,
        "precision": 0.9461563323673449,
        "recall": 0.8915375220148188,
        "loss": 0.09651089498871251
    },
    "epoch_03": {
        "dsc": 0.9120917963354215,
        "iou": 0.856725781110295,
        "accuracy": 0.9977736088267543,
        "precision": 0.9404391018967879,
        "recall": 0.9110214851404491,
        "loss": 0.08897678318776582
    },
    "epoch_04": {
        "dsc": 0.910113555297517,
        "iou": 0.8554360003847825,
        "accuracy": 0.9978311746162278,
        "precision": 0.9567360783878126,
        "recall": 0.8960267268774802,
        "loss": 0.09082378760764473
    },
    "epoch_05": {
        "dsc": 0.9137630467874963,
        "iou": 0.8607900357037259,
        "accuracy": 0.9979120836759868,
        "precision": 0.9493821043717235,
        "recall": 0.9055097542311018,
        "loss": 0.08708486509950537
    },
    "epoch_06": {
        "dsc": 0.9154083984985685,
        "iou": 0.8628665857147751,
        "accuracy": 0.9979415947094297,
        "precision": 0.9499474565188091,
        "recall": 0.9080137699319605,
        "loss": 0.08530541470176295
    },
    "epoch_07": {
        "dsc": 0.9145030175384721,
        "iou": 0.8626227797123424,
        "accuracy": 0.9979846833881579,
        "precision": 0.9511799916886446,
        "recall": 0.9076389764484606,
        "loss": 0.08587312933645751
    },
    "epoch_08": {
        "dsc": 0.9136927295149417,
        "iou": 0.8617933857859226,
        "accuracy": 0.997994020696272,
        "precision": 0.9563500013267783,
        "recall": 0.9006864046841336,
        "loss": 0.08679616608117756
    },
    "epoch_09": {
        "dsc": 0.9168083401102767,
        "iou": 0.8660484625582111,
        "accuracy": 0.9980493592379387,
        "precision": 0.9508600078131021,
        "recall": 0.9117225638607092,
        "loss": 0.08356586961369765
    },
    "epoch_10": {
        "dsc": 0.9199044960632662,
        "iou": 0.8698931111578353,
        "accuracy": 0.9980739874588818,
        "precision": 0.9480554932042172,
        "recall": 0.918326705171351,
        "loss": 0.08040507451484077
    },
    "epoch_11": {
        "dsc": 0.9187213658240803,
        "iou": 0.8685374777568016,
        "accuracy": 0.9980790415981361,
        "precision": 0.9471609623808608,
        "recall": 0.917955499992036,
        "loss": 0.08145446526376825
    },
    "epoch_12": {
        "dsc": 0.9182620994877396,
        "iou": 0.8683657039675797,
        "accuracy": 0.9981055972450656,
        "precision": 0.9522837410893358,
        "recall": 0.9126267046259161,
        "loss": 0.08191281008092981
    },
    "epoch_13": {
        "dsc": 0.9162347813447316,
        "iou": 0.8659354965937766,
        "accuracy": 0.9980984015213817,
        "precision": 0.960144527125777,
        "recall": 0.903808731781809,
        "loss": 0.08386643858332384
    },
    "epoch_14": {
        "dsc": 0.9205416252738551,
        "iou": 0.871066247162066,
        "accuracy": 0.9981302254660086,
        "precision": 0.9515098594782645,
        "recall": 0.9170344330762562,
        "loss": 0.07947980730157149
    },
    "epoch_15": {
        "dsc": 0.9179592875012181,
        "iou": 0.8683223342686368,
        "accuracy": 0.9981270559210527,
        "precision": 0.9559822699479888,
        "recall": 0.9103674569673706,
        "loss": 0.08210031374504692
    },
    "epoch_16": {
        "dsc": 0.9204829424096826,
        "iou": 0.871521705598162,
        "accuracy": 0.9981514699835526,
        "precision": 0.9513334778317235,
        "recall": 0.9182536544507008,
        "loss": 0.07962498617799658
    },
    "epoch_17": {
        "dsc": 0.9217263627470584,
        "iou": 0.8733684091191543,
        "accuracy": 0.9981706585800438,
        "precision": 0.9499561870307254,
        "recall": 0.9215135626625597,
        "loss": 0.07841793408519343
    },
    "epoch_18": {
        "dsc": 0.9217610505589269,
        "iou": 0.8736235468011155,
        "accuracy": 0.9982016687225876,
        "precision": 0.957274705694433,
        "recall": 0.914402318105363,
        "loss": 0.07831363144673799
    },
    "epoch_19": {
        "dsc": 0.9226073084170358,
        "iou": 0.8748221005264082,
        "accuracy": 0.9982018400493419,
        "precision": 0.9531650386358564,
        "recall": 0.9197505602711127,
        "loss": 0.07729698874448475
    },
    "epoch_20": {
        "dsc": 0.918460890912173,
        "iou": 0.8699073671248924,
        "accuracy": 0.9981735283031795,
        "precision": 0.9598221318763599,
        "recall": 0.9081905207090211,
        "loss": 0.08142518369775069
    },
    "epoch_21": {
        "dsc": 0.9199099216544838,
        "iou": 0.8722256280873951,
        "accuracy": 0.9981961434347588,
        "precision": 0.9535375697570935,
        "recall": 0.9168986165732667,
        "loss": 0.08009681968312514
    },
    "epoch_22": {
        "dsc": 0.9213272422029258,
        "iou": 0.8742244536416571,
        "accuracy": 0.9982254831414474,
        "precision": 0.9565036317758392,
        "recall": 0.9158436169749812,
        "loss": 0.07860052193465986
    },
    "epoch_23": {
        "dsc": 0.9236126301581399,
        "iou": 0.8765044960013608,
        "accuracy": 0.998230194627193,
        "precision": 0.9513228138287864,
        "recall": 0.9233053969709495,
        "loss": 0.07626643149476302
    },
    "epoch_24": {
        "dsc": 0.9226374056255607,
        "iou": 0.8756320215108101,
        "accuracy": 0.9982409882127192,
        "precision": 0.953661484676495,
        "recall": 0.9201067874306127,
        "loss": 0.07717279697719373
    },
    "epoch_25": {
        "dsc": 0.9212182409930645,
        "iou": 0.8746529739154013,
        "accuracy": 0.9982581208881576,
        "precision": 0.95836173233233,
        "recall": 0.9144491229140969,
        "loss": 0.0786686155356859
    },
    "epoch_26": {
        "dsc": 0.922112797958809,
        "iou": 0.8761066763024581,
        "accuracy": 0.9982537520559212,
        "precision": 0.953775986244804,
        "recall": 0.9204962347683153,
        "loss": 0.07773596048355103
    },
    "epoch_27": {
        "dsc": 0.9261583194398043,
        "iou": 0.8800133869313357,
        "accuracy": 0.9982649739583332,
        "precision": 0.9490199036765518,
        "recall": 0.9291562082474693,
        "loss": 0.07369160809014973
    },
    "epoch_28": {
        "dsc": 0.9220774252163735,
        "iou": 0.8759714511402867,
        "accuracy": 0.9982514391447368,
        "precision": 0.9518918708751074,
        "recall": 0.922277920078813,
        "loss": 0.07774580544547031
    },
    "epoch_29": {
        "dsc": 0.9249676617614009,
        "iou": 0.8793275586345741,
        "accuracy": 0.9982839912280704,
        "precision": 0.9508095665981895,
        "recall": 0.9266980760975886,
        "loss": 0.07479240627665269
    },
    "epoch_30": {
        "dsc": 0.9261342464831838,
        "iou": 0.8806794704052441,
        "accuracy": 0.998307891310307,
        "precision": 0.9536999913684108,
        "recall": 0.9251739095177566,
        "loss": 0.07375915191675488
    },
    "epoch_31": {
        "dsc": 0.9231693718517037,
        "iou": 0.8777514988915961,
        "accuracy": 0.9982957271107454,
        "precision": 0.9566439787546792,
        "recall": 0.9192943708938466,
        "loss": 0.07666424936369846
    },
    "epoch_32": {
        "dsc": 0.9253328730139817,
        "iou": 0.8802357504242343,
        "accuracy": 0.9983176997669957,
        "precision": 0.9547754160144872,
        "recall": 0.9236542174690646,
        "loss": 0.07450999633262032
    },