{
    "dsc": 0.9150098954306708,
    "loss": 0.08354131412506102,
    "iou": 0.8690708189275529,
    "accuracy": 0.9982363975694446,
    "precision": 0.9458815251986185,
    "recall": 0.9171169740094077
}