{
    "epoch_01": {
        "dsc": 0.8083848818313205,
        "iou": 0.7072240201865926,
        "accuracy": 0.995188680230615,
        "precision": 0.9321559132101701,
        "recall": 0.7600878981770465,
        "loss": 0.19156289578759098
    },
    "epoch_02": {
        "dsc": 0.8898010011662774,
        "iou": 0.8247688483320669,
        "accuracy": 0.997337439769942,
        "precision": 0.9182869405776208,
        "recall": 0.8938733467337494,
        "loss": 0.11037085049930104
    },
    "epoch_03": {
        "dsc": 0.8980681046232608,
        "iou": 0.8388572717201688,
        "accuracy": 0.997639416917335,
        "precision": 0.9258175773841598,
        "recall": 0.9039896394585969,
        "loss": 0.10209601209125417
    },
    "epoch_04": {
        "dsc": 0.9029284797993998,
        "iou": 0.8456855901316102,
        "accuracy": 0.9977462730475712,
        "precision": 0.9278801734859718,
        "recall": 0.9082594019312699,
        "loss": 0.09685898416820057
    },
    "epoch_05": {
        "dsc": 0.9053679723259389,
        "iou": 0.8501611225001529,
        "accuracy": 0.9978298030860071,
        "precision": 0.9311370189283409,
        "recall": 0.9101901774206688,
        "loss": 0.09424656310820961
    },
    "epoch_06": {
        "dsc": 0.9083313470749508,
        "iou": 0.8547601786951754,
        "accuracy": 0.9979114444073083,
        "precision": 0.9354286407935641,
        "recall": 0.9124390306001041,
        "loss": 0.09106802127578041
    },
    "epoch_07": {
        "dsc": 0.910531156309573,
        "iou": 0.8579711915124972,
        "accuracy": 0.9979555899064172,
        "precision": 0.9348117905717057,
        "recall": 0.9149866395774372,
        "loss": 0.08878726834919363
    },
    "epoch_08": {
        "dsc": 0.912511323331299,
        "iou": 0.8610755346994349,
        "accuracy": 0.998000144482509,
        "precision": 0.9386009530375136,
        "recall": 0.9163589504100846,
        "loss": 0.08679544479451715
    },
    "epoch_09": {
        "dsc": 0.91362588168678,
        "iou": 0.8628837412585124,
        "accuracy": 0.9980298939533201,
        "precision": 0.937539082478712,
        "recall": 0.9172368487891029,
        "loss": 0.08549981576236174
    },
    "epoch_10": {
        "dsc": 0.9149326057888819,
        "iou": 0.8650060061783714,
        "accuracy": 0.9980741090825536,
        "precision": 0.9401171606385985,
        "recall": 0.9183551550655229,
        "loss": 0.08428282358429649
    },
    "epoch_11": {
        "dsc": 0.9163001690212632,
        "iou": 0.8671370013724886,
        "accuracy": 0.9981037802194742,
        "precision": 0.93925696515782,
        "recall": 0.9209198465640532,
        "loss": 0.0827228334498278
    },
    "epoch_12": {
        "dsc": 0.9171666254334271,
        "iou": 0.8684402379122648,
        "accuracy": 0.9981248868510474,
        "precision": 0.9384066899192525,
        "recall": 0.9224269232860436,
        "loss": 0.0819396851534512
    },
    "epoch_13": {
        "dsc": 0.9182405859072578,
        "iou": 0.8700924884932989,
        "accuracy": 0.998145741073418,
        "precision": 0.9410856871362676,
        "recall": 0.9226451496495707,
        "loss": 0.08074463752501788
    },
    "epoch_14": {
        "dsc": 0.9194765368247415,
        "iou": 0.8720976312423986,
        "accuracy": 0.9981867184018494,
        "precision": 0.9400869054909058,
        "recall": 0.9229891309232425,
        "loss": 0.07950208164791372
    },
    "epoch_15": {
        "dsc": 0.9202116788921085,
        "iou": 0.8733435212078366,
        "accuracy": 0.9981967190285205,
        "precision": 0.9418380353433776,
        "recall": 0.923889411271362,
        "loss": 0.07864770213550425
    },
    "epoch_16": {
        "dsc": 0.9217014795106149,
        "iou": 0.875831853578435,
        "accuracy": 0.9982342844808377,
        "precision": 0.9431916112462042,
        "recall": 0.9254611111685977,
        "loss": 0.07722381490437105
    },
    "epoch_17": {
        "dsc": 0.9224875683559242,
        "iou": 0.8769864837328593,
        "accuracy": 0.9982501340379903,
        "precision": 0.943118674657349,
        "recall": 0.9266312328995656,
        "loss": 0.07642237005386761
    },
    "epoch_18": {
        "dsc": 0.9232361198215349,
        "iou": 0.8780637118905623,
        "accuracy": 0.9982661228553922,
        "precision": 0.9441944466980171,
        "recall": 0.9275630103181814,
        "loss": 0.07564569252697542
    },
    "epoch_19": {
        "dsc": 0.9241596526746868,
        "iou": 0.8796749978779471,
        "accuracy": 0.9982950280609402,
        "precision": 0.9454762494181567,
        "recall": 0.9279238663998942,
        "loss": 0.07469586414449356
    },
    "epoch_20": {
        "dsc": 0.9247655948215627,
        "iou": 0.8808664966394557,
        "accuracy": 0.9983096677946747,
        "precision": 0.9461033907378633,
        "recall": 0.9286102506991163,
        "loss": 0.07404449008365366
    },
    "epoch_21": {
        "dsc": 0.925468587142261,
        "iou": 0.8819004266976035,
        "accuracy": 0.9983240203041445,
        "precision": 0.9467954826333732,
        "recall": 0.9290496257005952,
        "loss": 0.07332228801467201
    },
    "epoch_22": {
        "dsc": 0.9254927364262667,
        "iou": 0.8818361932368628,
        "accuracy": 0.9983234980782085,
        "precision": 0.9468417012011515,
        "recall": 0.929150283867875,
        "loss": 0.07327601935136764
    },
    "epoch_23": {
        "dsc": 0.9262429985770567,
        "iou": 0.8832761877998311,
        "accuracy": 0.9983452052696078,
        "precision": 0.9471927034982386,
        "recall": 0.9301430833212194,
        "loss": 0.07251506374481527
    },
    "epoch_24": {
        "dsc": 0.9265358276439437,
        "iou": 0.8838044516543017,
        "accuracy": 0.9983612289020722,
        "precision": 0.946180614717504,
        "recall": 0.9309229107039073,
        "loss": 0.07222502148725132
    },
    "epoch_25": {
        "dsc": 0.9281534848472438,
        "iou": 0.8862151281506406,
        "accuracy": 0.9983831536876113,
        "precision": 0.9489777163069516,
        "recall": 0.9313080697561117,
        "loss": 0.07062632355460509
    },
    "epoch_26": {
        "dsc": 0.928144614645504,
        "iou": 0.8863304946936813,
        "accuracy": 0.9983895422515597,
        "precision": 0.9500238472021412,
        "recall": 0.9315655630965071,
        "loss": 0.0706268026229532
    },
    "epoch_27": {
        "dsc": 0.9269757612928774,
        "iou": 0.885466802300829,
        "accuracy": 0.9983943032113413,
        "precision": 0.9486860935700768,
        "recall": 0.9301867527545242,
        "loss": 0.0716803940859708
    },
    "epoch_28": {
        "dsc": 0.9291198556435937,
        "iou": 0.8879313747300608,
        "accuracy": 0.9984101005459002,
        "precision": 0.9503862224585656,
        "recall": 0.9319027350441871,
        "loss": 0.0696273747293707
    },
    "epoch_29": {
        "dsc": 0.9293513594464184,
        "iou": 0.8883167276832935,
        "accuracy": 0.9984222074838457,
        "precision": 0.9482438160030175,
        "recall": 0.933389376669644,
        "loss": 0.06932606480338356
    },
    "epoch_30": {
        "dsc": 0.9296820034636534,
        "iou": 0.8890550749080918,
        "accuracy": 0.9984395453849152,
        "precision": 0.9507347253979632,
        "recall": 0.9336126469035837,
        "loss": 0.06902479089517645
    },
    "epoch_31": {
        "dsc": 0.929956930365792,
        "iou": 0.8894615648795791,
        "accuracy": 0.9984351586870543,
        "precision": 0.9517810098202685,
        "recall": 0.9329769362740338,
        "loss": 0.0687753268104186
    },
    "epoch_32": {
        "dsc": 0.9304574137809228,
        "iou": 0.8903055012544846,
        "accuracy": 0.9984594770081328,
        "precision": 0.9500484540394495,
        "recall": 0.9337961795389546,
        "loss": 0.06826035861663002
    },