{
    "dsc": 0.7535182988977311,
    "loss": 0.6115613051043212,
    "iou": 0.6622958700013828,
    "accuracy": 0.994198883289599,
    "precision": 0.7164721835812237,
    "recall": 0.9061304324455843
}