{
    "dsc": 0.9171442568567064,
    "loss": 0.04260096695274115,
    "iou": 0.8668253218332926,
    "accuracy": 0.9844637803819445,
    "precision": 0.9336080792215136,
    "recall": 0.9177588122155932
}