{
    "epoch_01": {
        "dsc": 0.6776132609648713,
        "iou": 0.5765588908537612,
        "accuracy": 0.9271563753342247,
        "precision": 0.7143734194962524,
        "recall": 0.679997640271769,
        "loss": 0.389940233632205
    },
    "epoch_02": {
        "dsc": 0.8427242942672363,
        "iou": 0.7704918888163439,
        "accuracy": 0.9699160782921123,
        "precision": 0.8590819488234699,
        "recall": 0.8519896175878358,
        "loss": 0.2502820027225158
    },
    "epoch_03": {
        "dsc": 0.8660534614972678,
        "iou": 0.8009954839679221,
        "accuracy": 0.9751366230085784,
        "precision": 0.8842825047047592,
        "recall": 0.8727758505552634,
        "loss": 0.1839392506741585
    },
    "epoch_04": {
        "dsc": 0.8826734009804786,
        "iou": 0.8218523829697287,
        "accuracy": 0.9782520488664217,
        "precision": 0.8946567067275497,
        "recall": 0.8885524239982089,
        "loss": 0.13853191731766584
    },
    "epoch_05": {
        "dsc": 0.8909891816702756,
        "iou": 0.834090279491615,
        "accuracy": 0.9801681219362746,
        "precision": 0.9050279383990854,
        "recall": 0.8954794726694756,
        "loss": 0.10871418356337649
    },
    "epoch_06": {
        "dsc": 0.8975988631261224,
        "iou": 0.8426469221259609,
        "accuracy": 0.9813618346841578,
        "precision": 0.9119815064092797,
        "recall": 0.9001716984147057,
        "loss": 0.08823870357504503
    },
    "epoch_07": {
        "dsc": 0.9048666161436874,
        "iou": 0.8512401465001167,
        "accuracy": 0.9821929920760918,
        "precision": 0.9168089616532418,
        "recall": 0.9086761020934091,
        "loss": 0.0747587162064996
    },
    "epoch_08": {
        "dsc": 0.9104078418430798,
        "iou": 0.858414657985038,
        "accuracy": 0.9831009427918894,
        "precision": 0.9202337644316934,
        "recall": 0.9114885209609691,
        "loss": 0.06438326637415007
    },
    "epoch_09": {
        "dsc": 0.915136332286658,
        "iou": 0.8646292709836774,
        "accuracy": 0.9838439136307933,
        "precision": 0.925452749784405,
        "recall": 0.9183985542061069,
        "loss": 0.05690242933796689
    },
    "epoch_10": {
        "dsc": 0.9136009076593608,
        "iou": 0.8628649600580627,
        "accuracy": 0.9835596921652184,
        "precision": 0.9228535242471679,
        "recall": 0.9161578089051917,
        "loss": 0.053740994197958934
    },
    "epoch_11": {
        "dsc": 0.9211239957129466,
        "iou": 0.8714687682940573,
        "accuracy": 0.9846110548267603,
        "precision": 0.9320493719794534,
        "recall": 0.9253062470923981,
        "loss": 0.048229585705514263
    },
    "epoch_12": {
        "dsc": 0.92454964836226,
        "iou": 0.8758373849107196,
        "accuracy": 0.9851807685076872,
        "precision": 0.9335013894155064,
        "recall": 0.9281143536010952,
        "loss": 0.04444950128243091
    },
    "epoch_13": {
        "dsc": 0.9235827825073676,
        "iou": 0.8752439766325415,
        "accuracy": 0.9851285110990419,
        "precision": 0.9343527934236746,
        "recall": 0.9256731234026041,
        "loss": 0.0431606693960288
    },
    "epoch_14": {
        "dsc": 0.9263827039489984,
        "iou": 0.8782635501149291,
        "accuracy": 0.9855266126336898,
        "precision": 0.938378288412264,
        "recall": 0.9292216428460922,
        "loss": 0.04090672890272211
    },
    "epoch_15": {
        "dsc": 0.9299955692095765,
        "iou": 0.8828539730393313,
        "accuracy": 0.9860084182820855,
        "precision": 0.9371294014275393,
        "recall": 0.9341372001298609,
        "loss": 0.03863232144538094
    },
    "epoch_16": {
        "dsc": 0.9294199133408049,
        "iou": 0.8835356694491789,
        "accuracy": 0.9862359347147951,
        "precision": 0.9378846799838565,
        "recall": 0.9327861488715424,
        "loss": 0.03732013223782421
    },
    "epoch_17": {
        "dsc": 0.9316707693319269,
        "iou": 0.8860135809941725,
        "accuracy": 0.9863347659731506,
        "precision": 0.9371260888011272,
        "recall": 0.9364692033824649,
        "loss": 0.0365726031104033
    },
    "epoch_18": {
        "dsc": 0.9326267385865278,
        "iou": 0.8879243227356044,
        "accuracy": 0.9867356788240865,
        "precision": 0.9415171048645453,
        "recall": 0.9360261785792795,
        "loss": 0.034924850485382235
    },
    "epoch_19": {
        "dsc": 0.9344324343663486,
        "iou": 0.8894429747114845,
        "accuracy": 0.9868412380932486,
        "precision": 0.940610025655777,
        "recall": 0.938172323287277,
        "loss": 0.034324788627897035
    },
    "epoch_20": {
        "dsc": 0.9347291600470451,
        "iou": 0.8903015788757441,
        "accuracy": 0.9868718144217914,
        "precision": 0.9419528677289285,
        "recall": 0.9373046585264053,
        "loss": 0.033728256722025694
    },
    "epoch_21": {
        "dsc": 0.9360912252024959,
        "iou": 0.8914069320853805,
        "accuracy": 0.9869332717106727,
        "precision": 0.9406492090692709,
        "recall": 0.9414718580862204,
        "loss": 0.033513267400032055
    },
    "epoch_22": {
        "dsc": 0.9379924694059577,
        "iou": 0.8948140642647225,
        "accuracy": 0.9873748050356504,
        "precision": 0.9461342001768782,
        "recall": 0.9405673491551063,
        "loss": 0.03225203995956456
    },
    "epoch_23": {
        "dsc": 0.9373132890877239,
        "iou": 0.8943368266610539,
        "accuracy": 0.9875315163352273,
        "precision": 0.9447050030324973,
        "recall": 0.9398154923941364,
        "loss": 0.03163265023519967
    },
    "epoch_24": {
        "dsc": 0.9383647045562188,
        "iou": 0.894309944116283,
        "accuracy": 0.9870886165190508,
        "precision": 0.941703732691559,
        "recall": 0.9431497524235126,
        "loss": 0.0324753842660211
    },
    "epoch_25": {
        "dsc": 0.9395199981177768,
        "iou": 0.8981091854512798,
        "accuracy": 0.9878724689449643,
        "precision": 0.9479866292387407,
        "recall": 0.9414664871339917,
        "loss": 0.03040763807238981
    },
    "epoch_26": {
        "dsc": 0.9400839431613098,
        "iou": 0.8978414411213309,
        "accuracy": 0.9877875114889705,
        "precision": 0.946203558733969,
        "recall": 0.9433908318559541,
        "loss": 0.030335836473573498
    },
    "epoch_27": {
        "dsc": 0.9387727075932072,
        "iou": 0.8965088823899866,
        "accuracy": 0.9877469345337567,
        "precision": 0.9461610611003564,
        "recall": 0.9419596358310306,
        "loss": 0.030381388989660668
    },
    "epoch_28": {
        "dsc": 0.9446636044192865,
        "iou": 0.9037872216068273,
        "accuracy": 0.9883461626838235,
        "precision": 0.949923895259592,
        "recall": 0.9468449697350012,
        "loss": 0.028400947255167095
    },
    "epoch_29": {
        "dsc": 0.9449629826129226,
        "iou": 0.9032377134244923,
        "accuracy": 0.988257941315731,
        "precision": 0.9513978233524398,
        "recall": 0.9458703992094799,
        "loss": 0.028767219358646776
    },
    "epoch_30": {
        "dsc": 0.9438957319115149,
        "iou": 0.90342975842124,
        "accuracy": 0.9884583455186051,
        "precision": 0.951532194480539,
        "recall": 0.9460783321377214,
        "loss": 0.028055617451309203
    },
    "epoch_31": {
        "dsc": 0.9445222845689498,
        "iou": 0.903521173990559,
        "accuracy": 0.988373570841689,
        "precision": 0.9495385346565655,
        "recall": 0.9461702161506749,
        "loss": 0.028068361417913343
    },
    "epoch_32": {
        "dsc": 0.9423267698436711,
        "iou": 0.9016143421571099,
        "accuracy": 0.9883504710477942,
        "precision": 0.9499078389927877,
        "recall": 0.9460581482625474,
        "loss": 0.028410640171664284
    },