{
    "dsc": 0.9147761144638062,
    "loss": 0.04452805646012227,
    "iou": 0.8648934583134121,
    "accuracy": 0.9845112630208334,
    "precision": 0.9409939363797506,
    "recall": 0.9064240623050266
}