{
    "epoch_01": {
        "dsc": 0.8291402480058503,
        "iou": 0.7586176952249126,
        "accuracy": 0.9693315686677635,
        "precision": 0.9017591931317982,
        "recall": 0.80939942807482,
        "loss": 0.28393290427170303
    },
    "epoch_02": {
        "dsc": 0.8688770919515375,
        "iou": 0.7979653467211806,
        "accuracy": 0.9716361276726976,
        "precision": 0.8585608638169473,
        "recall": 0.8979285233899169,
        "loss": 0.20931230975609078
    },
    "epoch_03": {
        "dsc": 0.893812752606576,
        "iou": 0.8318927915472734,
        "accuracy": 0.9790034779331142,
        "precision": 0.9116138878621554,
        "recall": 0.8900704336793798,
        "loss": 0.1553556252467005
    },
    "epoch_04": {
        "dsc": 0.8985880775409831,
        "iou": 0.8410942245993698,
        "accuracy": 0.9809625565378288,
        "precision": 0.9292666342174797,
        "recall": 0.8899938621019062,
        "loss": 0.11874231196155674
    },
    "epoch_05": {
        "dsc": 0.9104873966752436,
        "iou": 0.8563974306248782,
        "accuracy": 0.9819700006853072,
        "precision": 0.9264090735661358,
        "recall": 0.9067301933179821,
        "loss": 0.09371059505563033
    },
    "epoch_06": {
        "dsc": 0.8975157131228532,
        "iou": 0.8416316472647482,
        "accuracy": 0.9810955917626094,
        "precision": 0.9332980142350785,
        "recall": 0.886600590065906,
        "loss": 0.07737467702674239
    },
    "epoch_07": {
        "dsc": 0.9219958912907984,
        "iou": 0.872647692236984,
        "accuracy": 0.9842498029742327,
        "precision": 0.9351735941150732,
        "recall": 0.9166688438047443,
        "loss": 0.0642981938527603
    },
    "epoch_08": {
        "dsc": 0.9200824886037594,
        "iou": 0.8700548635240187,
        "accuracy": 0.9841319729989033,
        "precision": 0.9349103543842049,
        "recall": 0.9137949917400093,
        "loss": 0.05762380601740197
    },
    "epoch_09": {
        "dsc": 0.922135199893985,
        "iou": 0.8733887295973929,
        "accuracy": 0.9842604252330043,
        "precision": 0.9309148783223674,
        "recall": 0.9216981185109991,
        "loss": 0.054560699058990726
    },
    "epoch_10": {
        "dsc": 0.9269324274439561,
        "iou": 0.8791935956268979,
        "accuracy": 0.984697993763706,
        "precision": 0.9300904284443771,
        "recall": 0.9285839430072851,
        "loss": 0.04776179109160837
    },
    "epoch_11": {
        "dsc": 0.9247716863950095,
        "iou": 0.8766235353653892,
        "accuracy": 0.984539388020833,
        "precision": 0.9421686713109936,
        "recall": 0.913890364922975,
        "loss": 0.046719086405478026
    },
    "epoch_12": {
        "dsc": 0.9286836694207107,
        "iou": 0.8827641167138752,
        "accuracy": 0.9851927425986842,
        "precision": 0.9403055712842104,
        "recall": 0.9211461387182537,
        "loss": 0.04317544148254551
    },
    "epoch_13": {
        "dsc": 0.9222557644049324,
        "iou": 0.8720662097136178,
        "accuracy": 0.983364900287829,
        "precision": 0.9251997345372248,
        "recall": 0.9286881815968899,
        "loss": 0.04605436234391833
    },
    "epoch_14": {
        "dsc": 0.9301511828313793,
        "iou": 0.8850111177093103,
        "accuracy": 0.9857918722587719,
        "precision": 0.9400768855161834,
        "recall": 0.9251698030714403,
        "loss": 0.03987448270383634
    },
    "epoch_15": {
        "dsc": 0.9279461335717587,
        "iou": 0.8808792421692294,
        "accuracy": 0.9847768897341007,
        "precision": 0.9386070135392642,
        "recall": 0.92296799755933,
        "loss": 0.041066876612603664
    },
    "epoch_16": {
        "dsc": 0.9286708429194332,
        "iou": 0.8829978631253829,
        "accuracy": 0.9851596765350877,
        "precision": 0.9327548057363745,
        "recall": 0.9339079187627427,
        "loss": 0.03959873590716406
    },
    "epoch_17": {
        "dsc": 0.9248775520868469,
        "iou": 0.8772889292031003,
        "accuracy": 0.9847153834292766,
        "precision": 0.9550317138956305,
        "recall": 0.9104536667204739,
        "loss": 0.04078563398338462
    },
    "epoch_18": {
        "dsc": 0.9274768102587316,
        "iou": 0.8816134061729697,
        "accuracy": 0.985421934964364,
        "precision": 0.9500445462109752,
        "recall": 0.9135850484956773,
        "loss": 0.037815691094453395
    },
    "epoch_19": {
        "dsc": 0.933777129440977,
        "iou": 0.8897726112290433,
        "accuracy": 0.9863657740542764,
        "precision": 0.9439472493372467,
        "recall": 0.9329443605322587,
        "loss": 0.035303146161727215
    },
    "epoch_20": {
        "dsc": 0.9278622588567565,
        "iou": 0.8830899366161278,
        "accuracy": 0.9857065515350877,
        "precision": 0.9431618253389993,
        "recall": 0.9284608479131733,
        "loss": 0.03690850776375124
    },
    "epoch_21": {
        "dsc": 0.9338833412580322,
        "iou": 0.8905639031477139,
        "accuracy": 0.9865257932428728,
        "precision": 0.9435583258930004,
        "recall": 0.9377739575871251,
        "loss": 0.03457771033342732
    },
    "epoch_22": {
        "dsc": 0.9322265501607929,
        "iou": 0.8865376250785694,
        "accuracy": 0.9858015950520833,
        "precision": 0.9479370870088276,
        "recall": 0.9304370289308984,
        "loss": 0.036046891497742185
    },
    "epoch_23": {
        "dsc": 0.9298618577028576,
        "iou": 0.8862587161231459,
        "accuracy": 0.9861557702850879,
        "precision": 0.9552727592618842,
        "recall": 0.9242489280407887,
        "loss": 0.036448012816866764
    },
    "epoch_24": {
        "dsc": 0.9347300827503202,
        "iou": 0.8917456394747686,
        "accuracy": 0.9864851888020832,
        "precision": 0.9435573413706663,
        "recall": 0.9340906106589131,
        "loss": 0.034393765154833854
    },
    "epoch_25": {
        "dsc": 0.9328397366038541,
        "iou": 0.8886066884325262,
        "accuracy": 0.9863197299890353,
        "precision": 0.9386918591825587,
        "recall": 0.9348044421589167,
        "loss": 0.035075222044006774
    },
    "epoch_26": {
        "dsc": 0.930892994006475,
        "iou": 0.8868103592019331,
        "accuracy": 0.9860151966831142,
        "precision": 0.9359280179467119,
        "recall": 0.9321872032525246,
        "loss": 0.036528927077980416
    },
    "epoch_27": {
        "dsc": 0.9342204703573597,
        "iou": 0.89014431102234,
        "accuracy": 0.9864195706551534,
        "precision": 0.9518798343967972,
        "recall": 0.9297160150711997,
        "loss": 0.035009354009832204
    },
    "epoch_28": {
        "dsc": 0.938299847276587,
        "iou": 0.895180053878249,
        "accuracy": 0.9867477898848684,
        "precision": 0.9390133535652829,
        "recall": 0.9473840264897597,
        "loss": 0.032838904078265556
    },
    "epoch_29": {
        "dsc": 0.9361379188403748,
        "iou": 0.8923903698461096,
        "accuracy": 0.9866858124314691,
        "precision": 0.9511124543976366,
        "recall": 0.9287538287932414,
        "loss": 0.033569026297252426
    },
    "epoch_30": {
        "dsc": 0.9330746683112361,
        "iou": 0.886988109663913,
        "accuracy": 0.985701326069079,
        "precision": 0.9377827278354711,
        "recall": 0.9377990537568143,
        "loss": 0.036158363628936444
    },
    "epoch_31": {
        "dsc": 0.9351117093312112,
        "iou": 0.8932709735736514,
        "accuracy": 0.9869129488760965,
        "precision": 0.9392800195175305,
        "recall": 0.9409512527156294,
        "loss": 0.03284834055720191
    },
    "epoch_32": {
        "dsc": 0.9411555288130776,
        "iou": 0.8982411926252801,
        "accuracy": 0.9871555903919956,
        "precision": 0.9503239748770732,
        "recall": 0.9397786704071782,
        "loss": 0.03167771753904067
    },