{
    "dsc": 0.9284047735532124,
    "loss": 0.07006996615727742,
    "iou": 0.8861440161599052,
    "accuracy": 0.998428984375,
    "precision": 0.9505081708696153,
    "recall": 0.9288399895032248
}