{
    "epoch_01": {
        "dsc": 0.28293415453782245,
        "iou": 0.1867205726075011,
        "accuracy": 0.9354536141516265,
        "precision": 0.18729399888177975,
        "recall": 0.9021858250499835,
        "loss": 0.9588952482065415
    },
    "epoch_02": {
        "dsc": 0.5429179564835553,
        "iou": 0.4060691376872454,
        "accuracy": 0.9880784174465241,
        "precision": 0.4083107762609786,
        "recall": 0.968859708032931,
        "loss": 0.9407982145719987
    },
    "epoch_03": {
        "dsc": 0.6253118401595829,
        "iou": 0.4942391665781883,
        "accuracy": 0.9922545973289884,
        "precision": 0.5005370920487479,
        "recall": 0.9740515624350619,
        "loss": 0.9191169276594479
    },
    "epoch_04": {
        "dsc": 0.6885044763060603,
        "iou": 0.5692638137814408,
        "accuracy": 0.9944948508522728,
        "precision": 0.5781003547809129,
        "recall": 0.9681784191871072,
        "loss": 0.8692532592916233
    },
    "epoch_05": {
        "dsc": 0.7685961520395602,
        "iou": 0.6694448942487891,
        "accuracy": 0.9969600531974153,
        "precision": 0.6906920727508379,
        "recall": 0.9574701482174445,
        "loss": 0.7490614767380577
    },
    "epoch_06": {
        "dsc": 0.831236594022914,
        "iou": 0.7504441520587646,
        "accuracy": 0.9981379599069742,
        "precision": 0.783747185439987,
        "recall": 0.947488087277574,
        "loss": 0.5563775430069887
    },
    "epoch_07": {
        "dsc": 0.8640890203270257,
        "iou": 0.7964371902844911,
        "accuracy": 0.9986389834698085,
        "precision": 0.8441024575641448,
        "recall": 0.9405975002337267,
        "loss": 0.3794862576984467
    },
    "epoch_08": {
        "dsc": 0.8658664445932323,
        "iou": 0.8001585953907108,
        "accuracy": 0.9986862971395944,
        "precision": 0.8616588449308153,
        "recall": 0.9226567729802906,
        "loss": 0.28221499043352466
    },
    "epoch_09": {
        "dsc": 0.8797224280349711,
        "iou": 0.818369441544521,
        "accuracy": 0.9988614517184714,
        "precision": 0.8774485851035398,
        "recall": 0.9289316147193976,
        "loss": 0.21908010056312072
    },
    "epoch_10": {
        "dsc": 0.879414179320854,
        "iou": 0.8188736371284289,
        "accuracy": 0.9988611731979724,
        "precision": 0.8822874544510443,
        "recall": 0.9239418509809728,
        "loss": 0.19030966924473564
    },
    "epoch_11": {
        "dsc": 0.8856435345349678,
        "iou": 0.8252035122291713,
        "accuracy": 0.9988877980169341,
        "precision": 0.8859835096009063,
        "recall": 0.9294812401454503,
        "loss": 0.16790382428602738
    },
    "epoch_12": {
        "dsc": 0.8855740090636222,
        "iou": 0.8263442901472781,
        "accuracy": 0.9989304377645946,
        "precision": 0.8872836346401036,
        "recall": 0.9298991346847989,
        "loss": 0.1555897193477753
    },
    "epoch_13": {
        "dsc": 0.8968568943613566,
        "iou": 0.8402729036548772,
        "accuracy": 0.9990092938809045,
        "precision": 0.8958350183598286,
        "recall": 0.9355777130726187,
        "loss": 0.1425300967247091
    },
    "epoch_14": {
        "dsc": 0.8994135993023181,
        "iou": 0.8438544507385789,
        "accuracy": 0.9990338384998886,
        "precision": 0.8964509689606023,
        "recall": 0.9382898639655156,
        "loss": 0.13582581823522394
    },
    "epoch_15": {
        "dsc": 0.8908290186242838,
        "iou": 0.8321150582210689,
        "accuracy": 0.9989559833166222,
        "precision": 0.8916513371595087,
        "recall": 0.9306242548314433,
        "loss": 0.1390764523636211
    },
    "epoch_16": {
        "dsc": 0.8978173287582056,
        "iou": 0.8407897348922417,
        "accuracy": 0.9989864116811498,
        "precision": 0.8992129486724867,
        "recall": 0.9321802017841747,
        "loss": 0.133701109790547
    },
    "epoch_17": {
        "dsc": 0.9069902793290143,
        "iou": 0.8519937523014831,
        "accuracy": 0.9990522295565953,
        "precision": 0.9045927909181293,
        "recall": 0.9384420450358467,
        "loss": 0.1244918023519975
    },
    "epoch_18": {
        "dsc": 0.8972808147602964,
        "iou": 0.8396338094789502,
        "accuracy": 0.9989725465825533,
        "precision": 0.8981762784475098,
        "recall": 0.9309984114080827,
        "loss": 0.1304321413371652
    },
    "epoch_19": {
        "dsc": 0.8943272206447554,
        "iou": 0.8358194310078646,
        "accuracy": 0.9989530066287879,
        "precision": 0.8945593664990389,
        "recall": 0.9299837598932404,
        "loss": 0.13012321030392365
    },
    "epoch_20": {
        "dsc": 0.9001272885450918,
        "iou": 0.8442292976294395,
        "accuracy": 0.9990363277768494,
        "precision": 0.9001721943763488,
        "recall": 0.9351597289138086,
        "loss": 0.12271836559402752
    },
    "epoch_21": {
        "dsc": 0.9059394801470472,
        "iou": 0.8514875712772954,
        "accuracy": 0.999057077554033,
        "precision": 0.9032385004501716,
        "recall": 0.939582699919767,
        "loss": 0.1195126034040502
    },
    "epoch_22": {
        "dsc": 0.8973629703602475,
        "iou": 0.8399534307805399,
        "accuracy": 0.9989850364861854,
        "precision": 0.8970020968008806,
        "recall": 0.9324241431957898,
        "loss": 0.12492717220821482
    },
    "epoch_23": {
        "dsc": 0.9027158671628133,
        "iou": 0.8471365669831873,
        "accuracy": 0.9990425509692513,
        "precision": 0.9017534248544147,
        "recall": 0.9365126816771672,
        "loss": 0.11927749352021651
    },
    "epoch_24": {
        "dsc": 0.9011513027702848,
        "iou": 0.8444377775710747,
        "accuracy": 0.9990163787461006,
        "precision": 0.8996593160106536,
        "recall": 0.935294960643731,
        "loss": 0.12063925804938862
    },
    "epoch_25": {
        "dsc": 0.9085941341790286,
        "iou": 0.8535974345530206,
        "accuracy": 0.9990687667112299,
        "precision": 0.9086792703830836,
        "recall": 0.9364074728918161,
        "loss": 0.11636543911408613
    },
    "epoch_26": {
        "dsc": 0.9075680570593916,
        "iou": 0.8529183228704381,
        "accuracy": 0.999079550676805,
        "precision": 0.904072562534754,
        "recall": 0.9396670091492183,
        "loss": 0.11475589202049581
    },
    "epoch_27": {
        "dsc": 0.9031688133238046,
        "iou": 0.8469860901700833,
        "accuracy": 0.9990067697888816,
        "precision": 0.9027925638910284,
        "recall": 0.935410942517075,
        "loss": 0.11846687162623686
    },
    "epoch_28": {
        "dsc": 0.8960777030271643,
        "iou": 0.8381810243541968,
        "accuracy": 0.9989648872688279,
        "precision": 0.8954864762152368,
        "recall": 0.9303432274842219,
        "loss": 0.12392315332264824
    },
    "epoch_29": {
        "dsc": 0.9082931387976954,
        "iou": 0.8540817789746691,
        "accuracy": 0.999066025025067,
        "precision": 0.9097603841580172,
        "recall": 0.9347999382784022,
        "loss": 0.11594384813053722
    },
    "epoch_30": {
        "dsc": 0.9073492617424372,
        "iou": 0.8535535329165943,
        "accuracy": 0.9990705857982397,
        "precision": 0.9088830024057105,
        "recall": 0.9358561377899318,
        "loss": 0.11368246097615696
    },
    "epoch_31": {
        "dsc": 0.9065891611066094,
        "iou": 0.8506243566247018,
        "accuracy": 0.9990259180731952,
        "precision": 0.9055587180264282,
        "recall": 0.9351280791130507,
        "loss": 0.11601573404143839
    },
    "epoch_32": {
        "dsc": 0.9148513546176986,
        "iou": 0.8615699928924574,
        "accuracy": 0.9990901257520054,
        "precision": 0.9140497270752402,
        "recall": 0.938553296999073,
        "loss": 0.10995053065651879
    },