{
    "dsc": 0.8934077962769402,
    "loss": 0.13113305584589638,
    "iou": 0.8356736894713507,
    "accuracy": 0.998969709201389,
    "precision": 0.8970380157894559,
    "recall": 0.9268525926272074
}