{
    "dsc": 0.8774842908364218,
    "loss": 0.10433668826372569,
    "iou": 0.8167682847600553,
    "accuracy": 0.9985959242803754,
    "precision": 0.9225254256306714,
    "recall": 0.8826609676120846
}