{
    "dsc": 0.8944076391273479,
    "loss": 0.09850891837636933,
    "iou": 0.8384457859070853,
    "accuracy": 0.9988144481552161,
    "precision": 0.9134697733944609,
    "recall": 0.9138468597984801
}