{
    "dsc": 0.8940665557270959,
    "loss": 0.1237495169043541,
    "iou": 0.8393269418534779,
    "accuracy": 0.9990281866164434,
    "precision": 0.9151692969458445,
    "recall": 0.9140984624908084
}