{
    "dsc": 0.8864204502942268,
    "loss": 0.08732571664609408,
    "iou": 0.828766527719665,
    "accuracy": 0.9989510219640898,
    "precision": 0.922093379706667,
    "recall": 0.895210719945138
}