{
    "epoch_01": {
        "dsc": 0.6348513030169303,
        "iou": 0.495099521519845,
        "accuracy": 0.9924741296600877,
        "precision": 0.5051406308224327,
        "recall": 0.9694351982652094,
        "loss": 0.9416608810424805
    },
    "epoch_02": {
        "dsc": 0.7173354604787994,
        "iou": 0.599330088548493,
        "accuracy": 0.9958253238075658,
        "precision": 0.6899324425479822,
        "recall": 0.8748032293821636,
        "loss": 0.9161815611939681
    },
    "epoch_03": {
        "dsc": 0.6937485075833504,
        "iou": 0.5907697238420185,
        "accuracy": 0.9962398488898025,
        "precision": 0.7893707124810471,
        "recall": 0.7735141327506618,
        "loss": 0.7771437670055189
    },
    "epoch_04": {
        "dsc": 0.6737877987978752,
        "iou": 0.5705349759051674,
        "accuracy": 0.9923800712719298,
        "precision": 0.6268284007122642,
        "recall": 0.925540100064194,
        "loss": 0.717485111010702
    },
    "epoch_05": {
        "dsc": 0.8781655336681166,
        "iou": 0.8091456179033247,
        "accuracy": 0.9987138928865132,
        "precision": 0.8484998125779001,
        "recall": 0.9436815412420976,
        "loss": 0.46838318360479253
    },
    "epoch_06": {
        "dsc": 0.8812441491244132,
        "iou": 0.8143326064996552,
        "accuracy": 0.9987888483415572,
        "precision": 0.8790407975514731,
        "recall": 0.9174391846907767,
        "loss": 0.2830642963710584
    },
    "epoch_07": {
        "dsc": 0.9025571890044631,
        "iou": 0.8440770559143601,
        "accuracy": 0.9990065189830044,
        "precision": 0.8887459688019335,
        "recall": 0.9458937644958498,
        "loss": 0.1764797756546422
    },
    "epoch_08": {
        "dsc": 0.9083647644310666,
        "iou": 0.8540612605580113,
        "accuracy": 0.9990639991091008,
        "precision": 0.937975101303636,
        "recall": 0.9105494566131056,
        "loss": 0.14091369980259946
    },
    "epoch_09": {
        "dsc": 0.9127526785198011,
        "iou": 0.8528246586782892,
        "accuracy": 0.9989672423245616,
        "precision": 0.8857389416610985,
        "recall": 0.9610787567339445,
        "loss": 0.12954143473976537
    },
    "epoch_10": {
        "dsc": 0.9054403639676277,
        "iou": 0.848363575182463,
        "accuracy": 0.9990445106907897,
        "precision": 0.8752986213617158,
        "recall": 0.961279923455757,
        "loss": 0.11913633346557617
    },
    "epoch_11": {
        "dsc": 0.922115225540964,
        "iou": 0.8695930096141078,
        "accuracy": 0.99916015625,
        "precision": 0.9504729488439727,
        "recall": 0.9132087732616225,
        "loss": 0.10548233044774909
    },
    "epoch_12": {
        "dsc": 0.9145569341224536,
        "iou": 0.8613225786309493,
        "accuracy": 0.9991349712171052,
        "precision": 0.9248859171281782,
        "recall": 0.930759538683975,
        "loss": 0.10138979397322002
    },
    "epoch_13": {
        "dsc": 0.9200523192422433,
        "iou": 0.8681570772539104,
        "accuracy": 0.9991380550986841,
        "precision": 0.9318124411398906,
        "recall": 0.9306175123181258,
        "loss": 0.10012658646232203
    },
    "epoch_14": {
        "dsc": 0.9128513545320743,
        "iou": 0.8538039985455965,
        "accuracy": 0.9990202251233553,
        "precision": 0.94818591653255,
        "recall": 0.8991044655180814,
        "loss": 0.10117669168271516
    },
    "epoch_15": {
        "dsc": 0.917917013168335,
        "iou": 0.8640330758011131,
        "accuracy": 0.9991162966008771,
        "precision": 0.9239926881957472,
        "recall": 0.934204708065903,
        "loss": 0.0957903265953064
    },
    "epoch_16": {
        "dsc": 0.9240948275515908,
        "iou": 0.8740903996584708,
        "accuracy": 0.9991975054824562,
        "precision": 0.9183608105308131,
        "recall": 0.9507324151825487,
        "loss": 0.08395075170617354
    },
    "epoch_17": {
        "dsc": 0.9205758487969113,
        "iou": 0.8678412311955502,
        "accuracy": 0.9991344144051536,
        "precision": 0.9344935919109144,
        "recall": 0.9278758701525235,
        "loss": 0.088856976283224
    },
    "epoch_18": {
        "dsc": 0.89400753640292,
        "iou": 0.8330114389720716,
        "accuracy": 0.9989081345942982,
        "precision": 0.969530088859692,
        "recall": 0.8578617321817499,
        "loss": 0.11315590456912392
    },
    "epoch_19": {
        "dsc": 0.9238742610864471,
        "iou": 0.8715362548828125,
        "accuracy": 0.9991609272203945,
        "precision": 0.9496309799060486,
        "recall": 0.9147708917918959,
        "loss": 0.07922810002377159
    },
    "epoch_20": {
        "dsc": 0.9230356760192335,
        "iou": 0.8716699742434318,
        "accuracy": 0.9991640111019737,
        "precision": 0.9257533173812065,
        "recall": 0.9398686174760784,
        "loss": 0.07473467211974294
    },
    "epoch_21": {
        "dsc": 0.9182513805857875,
        "iou": 0.8653689852932045,
        "accuracy": 0.9991359135142545,
        "precision": 0.9405732363985294,
        "recall": 0.9188758197583651,
        "loss": 0.07927428734929938
    },
    "epoch_22": {
        "dsc": 0.7816139062245686,
        "iou": 0.6746725304084912,
        "accuracy": 0.9964884868421054,
        "precision": 0.7003256458985178,
        "recall": 0.9461075799507007,
        "loss": 0.21441579806177238
    },
    "epoch_23": {
        "dsc": 0.9047239119546454,
        "iou": 0.8486557968875816,
        "accuracy": 0.9990133292214914,
        "precision": 0.928872777704607,
        "recall": 0.9108173428920278,
        "loss": 0.08551457053736637
    },
    "epoch_24": {
        "dsc": 0.8983300275969923,
        "iou": 0.8378670508401436,
        "accuracy": 0.9989195706551536,
        "precision": 0.9494413785767136,
        "recall": 0.8817492618895414,
        "loss": 0.09126197350652594
    },
    "epoch_25": {
        "dsc": 0.9209327446786981,
        "iou": 0.8686952632770205,
        "accuracy": 0.9991229783442982,
        "precision": 0.9160306370049194,
        "recall": 0.9476874878532007,
        "loss": 0.06633767328764263
    },
    "epoch_26": {
        "dsc": 0.9239744596314011,
        "iou": 0.8681610927247164,
        "accuracy": 0.9990681109512062,
        "precision": 0.9194160218824421,
        "recall": 0.9410216724663449,
        "loss": 0.0619960019462987
    },
    "epoch_27": {
        "dsc": 0.9131047474710565,
        "iou": 0.8601488565143786,
        "accuracy": 0.9991026761239036,
        "precision": 0.9215112150761119,
        "recall": 0.9340128982276246,
        "loss": 0.07216444768403706
    },
    "epoch_28": {
        "dsc": 0.9237886479026393,
        "iou": 0.8712479315306011,
        "accuracy": 0.9991530033580045,
        "precision": 0.9497433043362802,
        "recall": 0.915710913507562,
        "loss": 0.060772560144725596
    },
    "epoch_29": {
        "dsc": 0.9081921493797971,
        "iou": 0.8529375519668846,
        "accuracy": 0.9990434398985745,
        "precision": 0.9073277732782196,
        "recall": 0.9412975604074044,
        "loss": 0.07646502005426507
    },
    "epoch_30": {
        "dsc": 0.8320985216843454,
        "iou": 0.7647326912796288,
        "accuracy": 0.9983828895970396,
        "precision": 0.9677306518220065,
        "recall": 0.7914735141553376,
        "loss": 0.15181750059127808
    },
    "epoch_31": {
        "dsc": 0.9045807646031966,
        "iou": 0.8437896360430802,
        "accuracy": 0.998926295230263,
        "precision": 0.9495848480023836,
        "recall": 0.8859447470882482,
        "loss": 0.08024283145603381
    },
    "epoch_32": {
        "dsc": 0.903625203852068,
        "iou": 0.8514613185012548,
        "accuracy": 0.9990855862801533,
        "precision": 0.943304609834102,
        "recall": 0.9031706860190946,
        "loss": 0.07990081059305291
    },