{
    "dsc": 0.8892488945325215,
    "loss": 0.0924744675954183,
    "iou": 0.8332101052072314,
    "accuracy": 0.9989903211805556,
    "precision": 0.908218429406484,
    "recall": 0.9153476292822097
}