{
    "dsc": 0.8864296977255078,
    "loss": 0.09099984391530355,
    "iou": 0.8303289675182768,
    "accuracy": 0.9989692881944446,
    "precision": 0.9093347981770835,
    "recall": 0.9096035167376201
}