{
    "dsc": 0.874100855615404,
    "loss": 0.10203945922851562,
    "iou": 0.8116669923994276,
    "accuracy": 0.9988048654513889,
    "precision": 0.9084074756834243,
    "recall": 0.8914584497345818
}