{
    "dsc": 0.8810456318855285,
    "loss": 0.1239880716005961,
    "iou": 0.8190952751901415,
    "accuracy": 0.9988344878472223,
    "precision": 0.9077212457127042,
    "recall": 0.9004307809935674
}