{
    "dsc": 0.8919853165414597,
    "loss": 0.113315105120341,
    "iou": 0.8355523537529839,
    "accuracy": 0.9989839279513888,
    "precision": 0.9168822161356609,
    "recall": 0.9065112716886731
}