{
    "dsc": 0.8715467279222275,
    "loss": 0.10666057109832763,
    "iou": 0.8143864169650609,
    "accuracy": 0.9988694097222222,
    "precision": 0.9149394425816005,
    "recall": 0.884515545686086
}