{
    "epoch_01": {
        "dsc": 0.6702407107018589,
        "iou": 0.5406777955460966,
        "accuracy": 0.9938507401315788,
        "precision": 0.5887274726441032,
        "recall": 0.9243384604914148,
        "loss": 0.9411943052944384
    },
    "epoch_02": {
        "dsc": 0.5827592700196986,
        "iou": 0.4366534969262908,
        "accuracy": 0.9906145490679823,
        "precision": 0.44754584578045625,
        "recall": 0.9587429165840149,
        "loss": 0.9147067948391563
    },
    "epoch_03": {
        "dsc": 0.7298283535137511,
        "iou": 0.608539018714637,
        "accuracy": 0.9957256544682016,
        "precision": 0.6215166865210784,
        "recall": 0.9783702409058286,
        "loss": 0.8510377869794243
    },
    "epoch_04": {
        "dsc": 0.8269655767240023,
        "iou": 0.7410152248646084,
        "accuracy": 0.99809784470943,
        "precision": 0.7990417888290003,
        "recall": 0.9323440868603557,
        "loss": 0.6926094136740032
    },
    "epoch_05": {
        "dsc": 0.8540280100546384,
        "iou": 0.7804284503585415,
        "accuracy": 0.9985273180509868,
        "precision": 0.8011340953801807,
        "recall": 0.9592338549463374,
        "loss": 0.4920380068452735
    },
    "epoch_06": {
        "dsc": 0.8962267051663316,
        "iou": 0.8342816583942949,
        "accuracy": 0.9989217550712718,
        "precision": 0.9250545093887731,
        "recall": 0.8938414658370771,
        "loss": 0.3439687513991406
    },
    "epoch_07": {
        "dsc": 0.8957334756851194,
        "iou": 0.8387399671370525,
        "accuracy": 0.9990034779331141,
        "precision": 0.9086146312847473,
        "recall": 0.924217519530079,
        "loss": 0.22726825507063614
    },
    "epoch_08": {
        "dsc": 0.9036731421947479,
        "iou": 0.8456908720627164,
        "accuracy": 0.99894775390625,
        "precision": 0.943518688804225,
        "recall": 0.8970487269393186,
        "loss": 0.1908217794016788
    },
    "epoch_09": {
        "dsc": 0.9132700436993647,
        "iou": 0.8578332856036068,
        "accuracy": 0.9990762061403508,
        "precision": 0.905648160399052,
        "recall": 0.9483723488816046,
        "loss": 0.14399400667140358
    },
    "epoch_10": {
        "dsc": 0.9208458442437021,
        "iou": 0.8660838190923656,
        "accuracy": 0.9991117564418858,
        "precision": 0.9306922481771099,
        "recall": 0.9308740852171916,
        "loss": 0.12423751464015559
    },
    "epoch_11": {
        "dsc": 0.9186290099955442,
        "iou": 0.8649395458530962,
        "accuracy": 0.9991240491365133,
        "precision": 0.9236540815286468,
        "recall": 0.936262852267215,
        "loss": 0.1175528701983
    },
    "epoch_12": {
        "dsc": 0.9197100421838593,
        "iou": 0.8645269154456624,
        "accuracy": 0.9990987784402412,
        "precision": 0.8980550206544106,
        "recall": 0.957281984780964,
        "loss": 0.10712281340046932
    },
    "epoch_13": {
        "dsc": 0.9103190830925056,
        "iou": 0.8583597943448183,
        "accuracy": 0.9991304738898027,
        "precision": 0.9065477722569514,
        "recall": 0.9486008009366822,
        "loss": 0.10739131193411977
    },
    "epoch_14": {
        "dsc": 0.906531911670116,
        "iou": 0.8505267469506514,
        "accuracy": 0.9990226665296051,
        "precision": 0.9639176370804768,
        "recall": 0.8819860988541657,
        "loss": 0.1125570629772387
    },
    "epoch_15": {
        "dsc": 0.9110318108608848,
        "iou": 0.8579247687992295,
        "accuracy": 0.9991341145833332,
        "precision": 0.9131254240086206,
        "recall": 0.9350047639587471,
        "loss": 0.09734104024736505
    },
    "epoch_16": {
        "dsc": 0.9205058813095093,
        "iou": 0.8696082433064778,
        "accuracy": 0.9991710354989033,
        "precision": 0.9467504578724241,
        "recall": 0.9187176075943728,
        "loss": 0.0922780366320359
    },
    "epoch_17": {
        "dsc": 0.9159403940041859,
        "iou": 0.8584847382286138,
        "accuracy": 0.9990350020559208,
        "precision": 0.8934225847846583,
        "recall": 0.960788329442342,
        "loss": 0.09446790343836735
    },
    "epoch_18": {
        "dsc": 0.7971135722963434,
        "iou": 0.7105665855240404,
        "accuracy": 0.9970139031661184,
        "precision": 0.7507048128989705,
        "recall": 0.939320396435888,
        "loss": 0.20706918521931297
    },
    "epoch_19": {
        "dsc": 0.8961367654172996,
        "iou": 0.8454544601733224,
        "accuracy": 0.9991018194901314,
        "precision": 0.9238185213323223,
        "recall": 0.9175685774861722,
        "loss": 0.106536245659778
    },
    "epoch_20": {
        "dsc": 0.9166733706206607,
        "iou": 0.864482818465484,
        "accuracy": 0.9991673091419957,
        "precision": 0.9442082643508911,
        "recall": 0.9149194051299178,
        "loss": 0.08869187141719617
    },
    "epoch_21": {
        "dsc": 0.8251475216003886,
        "iou": 0.7424815255298951,
        "accuracy": 0.9981019993832236,
        "precision": 0.9142396084049291,
        "recall": 0.8115981466937483,
        "loss": 0.17115119256471334
    },
    "epoch_22": {
        "dsc": 0.911783794562022,
        "iou": 0.859665185213089,
        "accuracy": 0.9991120990953947,
        "precision": 0.9233017532449018,
        "recall": 0.9277583439099161,
        "loss": 0.08272255800272289
    },
    "epoch_23": {
        "dsc": 0.9173107664836081,
        "iou": 0.866972530097292,
        "accuracy": 0.9991686797560306,
        "precision": 0.9454842994087621,
        "recall": 0.9161606112070251,
        "loss": 0.07421579329591048
    },
    "epoch_24": {
        "dsc": 0.9194072558168781,
        "iou": 0.8652640701385966,
        "accuracy": 0.9991215648985744,
        "precision": 0.9558065429068451,
        "recall": 0.9041368213661931,
        "loss": 0.07099295525174391
    },
    "epoch_25": {
        "dsc": 0.9222380173833745,
        "iou": 0.8732009483011145,
        "accuracy": 0.9992040158991228,
        "precision": 0.945219905752885,
        "recall": 0.9233510321692416,
        "loss": 0.06707072806985755
    },
    "epoch_26": {
        "dsc": 0.9220541961360396,
        "iou": 0.870776274748016,
        "accuracy": 0.9991671378152412,
        "precision": 0.91653430357314,
        "recall": 0.9500923893953624,
        "loss": 0.0664807511003394
    },
    "epoch_27": {
        "dsc": 0.9253015565244777,
        "iou": 0.8772171160631013,
        "accuracy": 0.9992146381578946,
        "precision": 0.9433867607200354,
        "recall": 0.9289491715138417,
        "loss": 0.06153384478468644
    },
    "epoch_28": {
        "dsc": 0.9210598118472518,
        "iou": 0.8670486922849687,
        "accuracy": 0.9991339860882678,
        "precision": 0.9553390281242238,
        "recall": 0.9057995227345248,
        "loss": 0.065671222774606
    },
    "epoch_29": {
        "dsc": 0.9203022211267237,
        "iou": 0.8688816386356689,
        "accuracy": 0.9991556160910088,
        "precision": 0.947685320126383,
        "recall": 0.9164682741750749,
        "loss": 0.06536627913776197
    },
    "epoch_30": {
        "dsc": 0.9246330852048438,
        "iou": 0.8738732181097332,
        "accuracy": 0.9991622550027411,
        "precision": 0.952196474660907,
        "recall": 0.9169895188850269,
        "loss": 0.061344683170318604
    },
    "epoch_31": {
        "dsc": 0.9047718753940183,
        "iou": 0.8502190097382194,
        "accuracy": 0.999049436334978,
        "precision": 0.9543495554673046,
        "recall": 0.8887297511100769,
        "loss": 0.08042446798399876
    },
    "epoch_32": {
        "dsc": 0.8900574890145085,
        "iou": 0.8399648587954672,
        "accuracy": 0.9990730365953946,
        "precision": 0.9265552497746652,
        "recall": 0.9081065994605685,
        "loss": 0.09774002511250346
    },