{
    "dsc": 0.8599961200820075,
    "loss": 0.02834927209218343,
    "iou": 0.7940773036744859,
    "accuracy": 0.9899500477430555,
    "precision": 0.9221907824410334,
    "recall": 0.8537162926991779
}