{
    "dsc": 0.8703894135157265,
    "loss": 0.027038274216155213,
    "iou": 0.8081663895183139,
    "accuracy": 0.9905254166666667,
    "precision": 0.8936190379460653,
    "recall": 0.8963402155770195
}