{
    "epoch_01": {
        "dsc": 0.7699562572596366,
        "iou": 0.6630323218149051,
        "accuracy": 0.9758703827439692,
        "precision": 0.8096873200776283,
        "recall": 0.790312632656934,
        "loss": 0.35424094372674036
    },
    "epoch_02": {
        "dsc": 0.8230698312583723,
        "iou": 0.7366955907721268,
        "accuracy": 0.9833111893503288,
        "precision": 0.8417007457791715,
        "recall": 0.8582956513814758,
        "loss": 0.2987084043653388
    },
    "epoch_03": {
        "dsc": 0.8440421809229933,
        "iou": 0.7661760747432709,
        "accuracy": 0.986372498629386,
        "precision": 0.8584949452626077,
        "recall": 0.8811709891285812,
        "loss": 0.25746995426322283
    },
    "epoch_04": {
        "dsc": 0.8469623013546592,
        "iou": 0.7702931704228384,
        "accuracy": 0.9863255122669957,
        "precision": 0.8552844560982888,
        "recall": 0.8937696453772093,
        "loss": 0.2170600714652162
    },
    "epoch_05": {
        "dsc": 0.8664455732755494,
        "iou": 0.7967806301618877,
        "accuracy": 0.9890411698190787,
        "precision": 0.9166322852435866,
        "recall": 0.8607684399997978,
        "loss": 0.18235062454876147
    },
    "epoch_06": {
        "dsc": 0.8594673317775393,
        "iou": 0.7954533288353368,
        "accuracy": 0.9897362852933114,
        "precision": 0.9158638287008856,
        "recall": 0.8628311580733249,
        "loss": 0.15819693846922173
    },
    "epoch_07": {
        "dsc": 0.8818418812333488,
        "iou": 0.8187944915210992,
        "accuracy": 0.9905676483689694,
        "precision": 0.9084312675292031,
        "recall": 0.8891670604546866,
        "loss": 0.13193365843280366
    },
    "epoch_08": {
        "dsc": 0.8818736510318622,
        "iou": 0.8214696431369113,
        "accuracy": 0.9910795727110746,
        "precision": 0.9337673861729471,
        "recall": 0.8711548175728113,
        "loss": 0.11081334507386935
    },
    "epoch_09": {
        "dsc": 0.884890330988064,
        "iou": 0.8250527653777808,
        "accuracy": 0.990685606839364,
        "precision": 0.8984745840231576,
        "recall": 0.9114021230162237,
        "loss": 0.09758964935807805
    },
    "epoch_10": {
        "dsc": 0.8783336281776428,
        "iou": 0.8149626443260596,
        "accuracy": 0.9901272101151316,
        "precision": 0.937562681081002,
        "recall": 0.8684423367182414,
        "loss": 0.08579770495232783
    },
    "epoch_11": {
        "dsc": 0.9030678899664628,
        "iou": 0.8439466069664873,
        "accuracy": 0.9915601442571272,
        "precision": 0.9323761473622237,
        "recall": 0.8976740272421586,
        "loss": 0.07334061349300962
    },
    "epoch_12": {
        "dsc": 0.899495824387199,
        "iou": 0.8422364294528961,
        "accuracy": 0.9918157209429824,
        "precision": 0.9377064213418124,
        "recall": 0.893034616583272,
        "loss": 0.06307572528327766
    },
    "epoch_13": {
        "dsc": 0.8984438813569252,
        "iou": 0.8395309322758725,
        "accuracy": 0.9916554019325657,
        "precision": 0.9430276103187025,
        "recall": 0.8832134844964011,
        "loss": 0.0566647089037456
    },
    "epoch_14": {
        "dsc": 0.8892612912152943,
        "iou": 0.8287115625122137,
        "accuracy": 0.9913157038103071,
        "precision": 0.9592836007737278,
        "recall": 0.8584289231844116,
        "loss": 0.049922188302796135
    },
    "epoch_15": {
        "dsc": 0.8981073864719324,
        "iou": 0.8400364434509947,
        "accuracy": 0.9916576720120611,
        "precision": 0.9269744884549527,
        "recall": 0.9008927073395044,
        "loss": 0.04578260165688239
    },
    "epoch_16": {
        "dsc": 0.8961601937026311,
        "iou": 0.8360116194214737,
        "accuracy": 0.9915240799753291,
        "precision": 0.9587406265108209,
        "recall": 0.8702137789182495,
        "loss": 0.04003449276971974
    },
    "epoch_17": {
        "dsc": 0.8984472369938565,
        "iou": 0.8440574888597454,
        "accuracy": 0.9920835474917764,
        "precision": 0.9333148232677526,
        "recall": 0.8990532771537179,
        "loss": 0.036314457654953
    },
    "epoch_18": {
        "dsc": 0.8980607960307806,
        "iou": 0.8404762703075744,
        "accuracy": 0.9919210440652411,
        "precision": 0.9576207713076941,
        "recall": 0.8751782586700037,
        "loss": 0.03451937287555713
    },
    "epoch_19": {
        "dsc": 0.9066321896879297,
        "iou": 0.8528443914756442,
        "accuracy": 0.9924776846902413,
        "precision": 0.9313885987850657,
        "recall": 0.910602112088287,
        "loss": 0.03035058103207695
    },
    "epoch_20": {
        "dsc": 0.9024754323457415,
        "iou": 0.846382406197096,
        "accuracy": 0.9921177700109649,
        "precision": 0.9561991095542905,
        "recall": 0.8824386926073777,
        "loss": 0.02864002840789525
    },
    "epoch_21": {
        "dsc": 0.9096904836202923,
        "iou": 0.8536137295396704,
        "accuracy": 0.9920910858689694,
        "precision": 0.9246395062981991,
        "recall": 0.9221979536508259,
        "loss": 0.027867261982081754
    },
    "epoch_22": {
        "dsc": 0.9044767790719085,
        "iou": 0.8499630381140794,
        "accuracy": 0.9922950932017546,
        "precision": 0.9352624855543438,
        "recall": 0.9074350386335138,
        "loss": 0.026054256620179666
    },
    "epoch_23": {
        "dsc": 0.8988843800728782,
        "iou": 0.8464952759575426,
        "accuracy": 0.992339509662829,
        "precision": 0.946583742635292,
        "recall": 0.8923237893665047,
        "loss": 0.024697733638612062
    },
    "epoch_24": {
        "dsc": 0.9072447330282448,
        "iou": 0.8518578122582351,
        "accuracy": 0.9920937842653509,
        "precision": 0.9339704189384191,
        "recall": 0.9080186475787247,
        "loss": 0.024500341583533508
    },
    "epoch_25": {
        "dsc": 0.9039600381725711,
        "iou": 0.8529225483275297,
        "accuracy": 0.9926446426123905,
        "precision": 0.9444599486233898,
        "recall": 0.9011567428446653,
        "loss": 0.02207107194944432
    },
    "epoch_26": {
        "dsc": 0.9091255000808784,
        "iou": 0.8557962498121094,
        "accuracy": 0.9925243712308113,
        "precision": 0.9410905566131859,
        "recall": 0.9058227680231398,
        "loss": 0.02170924977154324
    },
    "epoch_27": {
        "dsc": 0.9009178960532471,
        "iou": 0.8467144668102264,
        "accuracy": 0.9921864292077851,
        "precision": 0.9408572148858456,
        "recall": 0.8971544342082843,
        "loss": 0.0217886446043849
    },
    "epoch_28": {
        "dsc": 0.8971095770074612,
        "iou": 0.8428058911833848,
        "accuracy": 0.992145482113487,
        "precision": 0.9588313301404314,
        "recall": 0.8778794847036663,
        "loss": 0.02150528949048174
    },
    "epoch_29": {
        "dsc": 0.9036312751602711,
        "iou": 0.8515493315562866,
        "accuracy": 0.9924996573464913,
        "precision": 0.9543548038131312,
        "recall": 0.8909905369867359,
        "loss": 0.020332952226070983
    },
    "epoch_30": {
        "dsc": 0.8987815918629632,
        "iou": 0.8444464436748573,
        "accuracy": 0.9920009251644736,
        "precision": 0.9510668024682162,
        "recall": 0.887079191835303,
        "loss": 0.02135314430894428
    },
    "epoch_31": {
        "dsc": 0.9048923918029717,
        "iou": 0.8523303929128145,
        "accuracy": 0.9926284522341009,
        "precision": 0.9474358820078665,
        "recall": 0.8981359485994304,
        "loss": 0.019261464084449568
    },
    "epoch_32": {
        "dsc": 0.9007306621785748,
        "iou": 0.8456446899656663,
        "accuracy": 0.9920084207099782,
        "precision": 0.9492923742846439,
        "recall": 0.8891594833449313,
        "loss": 0.020958164437232835
    },