{
    "dsc": 0.8584180940661514,
    "loss": 0.3926701991181625,
    "iou": 0.7951212006702757,
    "accuracy": 0.9987617915638707,
    "precision": 0.9071811142720675,
    "recall": 0.8738506080811484
}