{
    "dsc": 0.852987225432145,
    "loss": 0.3824023893004969,
    "iou": 0.7867749958707575,
    "accuracy": 0.9986467028166117,
    "precision": 0.8800774091168455,
    "recall": 0.8887200483104639
}