{
    "dsc": 0.9193074933687846,
    "loss": 0.07897309809923173,
    "iou": 0.8748125207991828,
    "accuracy": 0.9983231712704613,
    "precision": 0.9449270784287226,
    "recall": 0.9213121509552001
}