{
    "dsc": 0.9031267550953649,
    "loss": 0.16095873744864214,
    "iou": 0.8495277902536225,
    "accuracy": 0.9990719443873356,
    "precision": 0.9141996772665728,
    "recall": 0.9245980020154987
}