{
    "dsc": 0.9166745730808803,
    "loss": 0.08159795254468918,
    "iou": 0.8714149062974113,
    "accuracy": 0.9982703066871281,
    "precision": 0.9416298207782564,
    "recall": 0.9229851180031187
}