{
    "dsc": 0.8920717017692432,
    "loss": 0.21746819019317626,
    "iou": 0.8345275083131958,
    "accuracy": 0.9989186711896931,
    "precision": 0.9058363368636684,
    "recall": 0.9162806073824564
}