{
    "dsc": 0.8897421019119129,
    "loss": 0.1767185179810775,
    "iou": 0.833799360614074,
    "accuracy": 0.9989550609923246,
    "precision": 0.9114068719378687,
    "recall": 0.910974362335707
}