{
    "dsc": 0.8872866233189901,
    "loss": 0.1278157949447632,
    "iou": 0.8300751791681563,
    "accuracy": 0.9989625023251488,
    "precision": 0.9082858447801498,
    "recall": 0.9082577046893892
}