{
    "dsc": 0.8943645460265024,
    "loss": 0.12725247144699098,
    "iou": 0.8383720209485009,
    "accuracy": 0.9990045968191964,
    "precision": 0.9193033924556915,
    "recall": 0.9087709632373991
}