{
    "dsc": 0.9037994082238938,
    "loss": 0.0717754724820455,
    "iou": 0.849180033577813,
    "accuracy": 0.9990632421875001,
    "precision": 0.9139060329861112,
    "recall": 0.92682844903734
}