{
    "dsc": 0.89269749795066,
    "loss": 0.0877787642478943,
    "iou": 0.8327391468154058,
    "accuracy": 0.9989577647569444,
    "precision": 0.908766768720415,
    "recall": 0.9108487005233765
}