{
    "dsc": 0.9008900677363079,
    "loss": 0.07395704873402914,
    "iou": 0.8451045558187695,
    "accuracy": 0.9990327343750002,
    "precision": 0.9137787872950236,
    "recall": 0.9224388589329191
}