{
    "dsc": 0.8774657657411364,
    "loss": 0.02797600966691971,
    "iou": 0.8158630619578892,
    "accuracy": 0.9907576909722222,
    "precision": 0.9027346279886033,
    "recall": 0.8965762911902534
}