{
    "epoch_01": {
        "dsc": 0.838461692798584,
        "iou": 0.7541537100512288,
        "accuracy": 0.9979157440675135,
        "precision": 0.8198370801786264,
        "recall": 0.9196218587922965,
        "loss": 0.17311557505857497
    },
    "epoch_02": {
        "dsc": 0.8857518430274651,
        "iou": 0.8199283980005777,
        "accuracy": 0.9988161660260695,
        "precision": 0.8890508991299254,
        "recall": 0.9195579921498018,
        "loss": 0.12646592492088277
    },
    "epoch_03": {
        "dsc": 0.8936645591535246,
        "iou": 0.83193825767002,
        "accuracy": 0.9989159982174689,
        "precision": 0.8914470199807655,
        "recall": 0.9308209533997398,
        "loss": 0.11651232280833199
    },
    "epoch_04": {
        "dsc": 0.8982826506390291,
        "iou": 0.837757700692311,
        "accuracy": 0.998953067555147,
        "precision": 0.9000361653147746,
        "recall": 0.9271740236596842,
        "loss": 0.10996275630226747
    },
    "epoch_05": {
        "dsc": 0.905205067466287,
        "iou": 0.845710744301053,
        "accuracy": 0.9989731384386141,
        "precision": 0.9072476130330839,
        "recall": 0.9293763019184378,
        "loss": 0.10298149789718383
    },
    "epoch_06": {
        "dsc": 0.9060907686351667,
        "iou": 0.8478787654542668,
        "accuracy": 0.9989998154801693,
        "precision": 0.9078352350920917,
        "recall": 0.9307606439645704,
        "loss": 0.09823467721913588
    },
    "epoch_07": {
        "dsc": 0.909741062478373,
        "iou": 0.8511775462172673,
        "accuracy": 0.99901250557041,
        "precision": 0.9113677301827598,
        "recall": 0.930793315490937,
        "loss": 0.09327410153526673
    },
    "epoch_08": {
        "dsc": 0.909286858404384,
        "iou": 0.852253645658493,
        "accuracy": 0.9990334555342023,
        "precision": 0.9106416480213987,
        "recall": 0.9322879538072836,
        "loss": 0.09031813237118848
    },
    "epoch_09": {
        "dsc": 0.9110137621561685,
        "iou": 0.8546180431855553,
        "accuracy": 0.9990481126754678,
        "precision": 0.9149974696138964,
        "recall": 0.930977587075157,
        "loss": 0.08618151121598513
    },
    "epoch_10": {
        "dsc": 0.9126283293208123,
        "iou": 0.8564807917132523,
        "accuracy": 0.9990566423657531,
        "precision": 0.9138720044583984,
        "recall": 0.9341796955322836,
        "loss": 0.08304065003752072
    },
    "epoch_11": {
        "dsc": 0.9141147489959968,
        "iou": 0.858841147546037,
        "accuracy": 0.9990649718694297,
        "precision": 0.9142789897009227,
        "recall": 0.9361991060502601,
        "loss": 0.07893311499274351
    },
    "epoch_12": {
        "dsc": 0.9110988057127185,
        "iou": 0.8559157797890763,
        "accuracy": 0.9990576607063278,
        "precision": 0.9117770853208348,
        "recall": 0.9340724523798454,
        "loss": 0.08153446186035075
    },
    "epoch_13": {
        "dsc": 0.9135836706017002,
        "iou": 0.8590688457357268,
        "accuracy": 0.9990782973345589,
        "precision": 0.9154047681792321,
        "recall": 0.9346211240784583,
        "loss": 0.0754057302831966
    },
    "epoch_14": {
        "dsc": 0.9148329504173223,
        "iou": 0.8610315189356837,
        "accuracy": 0.9990931372549019,
        "precision": 0.9205911886245809,
        "recall": 0.9322887291810034,
        "loss": 0.0717230435998682
    },
    "epoch_15": {
        "dsc": 0.9156750753495357,
        "iou": 0.8609925758711157,
        "accuracy": 0.9990768089906416,
        "precision": 0.9186275943502811,
        "recall": 0.9339135632901695,
        "loss": 0.07013466428307925
    },
    "epoch_16": {
        "dsc": 0.91665590245031,
        "iou": 0.8629968782053488,
        "accuracy": 0.9990929892908867,
        "precision": 0.9196154492742875,
        "recall": 0.93459221906628,
        "loss": 0.06649865791759389
    },
    "epoch_17": {
        "dsc": 0.9183965786999347,
        "iou": 0.8654158870804118,
        "accuracy": 0.9991106927501113,
        "precision": 0.9206714663063565,
        "recall": 0.9356689519529461,
        "loss": 0.06397922042219396
    },
    "epoch_18": {
        "dsc": 0.9189059376291623,
        "iou": 0.8666165156054201,
        "accuracy": 0.9991183433600713,
        "precision": 0.921732312855236,
        "recall": 0.9371165318710067,
        "loss": 0.06305569999995717
    },
    "epoch_19": {
        "dsc": 0.9190960198693948,
        "iou": 0.8665406861194739,
        "accuracy": 0.9991233219139929,
        "precision": 0.9225334847568404,
        "recall": 0.9355510153447456,
        "loss": 0.06053115244217735
    },
    "epoch_20": {
        "dsc": 0.9177246429490958,
        "iou": 0.8645931369693097,
        "accuracy": 0.9991122072053255,
        "precision": 0.918966816070883,
        "recall": 0.9379983672908707,
        "loss": 0.06370594332562411
    },
    "epoch_21": {
        "dsc": 0.9198901548105127,
        "iou": 0.8686163007894302,
        "accuracy": 0.9991388059129902,
        "precision": 0.9259219532450677,
        "recall": 0.9347155422981623,
        "loss": 0.05813855570267866
    },
    "epoch_22": {
        "dsc": 0.9153927368063765,
        "iou": 0.8629918857585513,
        "accuracy": 0.9990973150623886,
        "precision": 0.9239520365754126,
        "recall": 0.9313661125148257,
        "loss": 0.062117054500681834
    },
    "epoch_23": {
        "dsc": 0.9212092649915425,
        "iou": 0.8698714674050371,
        "accuracy": 0.9991367605280749,
        "precision": 0.924502012085787,
        "recall": 0.9374767356484119,
        "loss": 0.0565717591640146
    },
    "epoch_24": {
        "dsc": 0.9206592417762027,
        "iou": 0.8692369211378794,
        "accuracy": 0.9991294145499108,
        "precision": 0.9234612146375865,
        "recall": 0.938318070455881,
        "loss": 0.05580710265088209
    },
    "epoch_25": {
        "dsc": 0.9229108445784625,
        "iou": 0.8723061868319962,
        "accuracy": 0.9991477098651961,
        "precision": 0.9257642372300494,
        "recall": 0.939057888991055,
        "loss": 0.05326881032576535
    },
    "epoch_26": {
        "dsc": 0.9237011932965482,
        "iou": 0.8732404016130961,
        "accuracy": 0.9991546206550802,
        "precision": 0.9262517134454799,
        "recall": 0.939204794147223,
        "loss": 0.050642647526480934
    },
    "epoch_27": {
        "dsc": 0.9239408948098488,
        "iou": 0.8744186883835443,
        "accuracy": 0.9991675631545232,
        "precision": 0.9271815182265964,
        "recall": 0.9395635907344002,
        "loss": 0.05089188243616073
    },
    "epoch_28": {
        "dsc": 0.9187033668346372,
        "iou": 0.8666657548324733,
        "accuracy": 0.9991051658589571,
        "precision": 0.9295365203723126,
        "recall": 0.9294911242105106,
        "loss": 0.05610201336483267
    },
    "epoch_29": {
        "dsc": 0.9222663476292886,
        "iou": 0.8711536016693727,
        "accuracy": 0.9991344540301916,
        "precision": 0.9249329323118384,
        "recall": 0.9373639461828426,
        "loss": 0.053063914100116585
    },
    "epoch_30": {
        "dsc": 0.9245834439833533,
        "iou": 0.8747679446682785,
        "accuracy": 0.9991547076927362,
        "precision": 0.9263970405128974,
        "recall": 0.9406569544856774,
        "loss": 0.04971358530661639
    },
    "epoch_31": {
        "dsc": 0.9261447018055569,
        "iou": 0.876935279039988,
        "accuracy": 0.999167632784648,
        "precision": 0.9282976496772121,
        "recall": 0.9411345118932332,
        "loss": 0.04727931615503077
    },
    "epoch_32": {
        "dsc": 0.9262966741002605,
        "iou": 0.8776469531331257,
        "accuracy": 0.9991769632213682,
        "precision": 0.9308646193800125,
        "recall": 0.9393839261323585,
        "loss": 0.04614691555818772
    },