{
    "epoch_01": {
        "dsc": 0.8885002925730587,
        "iou": 0.8307393339642307,
        "accuracy": 0.9989525510553725,
        "precision": 0.9316184311582331,
        "recall": 0.8940503294007821,
        "loss": 0.11636423045083095
    },
    "epoch_02": {
        "dsc": 0.8984599150063699,
        "iou": 0.8447530029112834,
        "accuracy": 0.9990533340186403,
        "precision": 0.9296926568474687,
        "recall": 0.9102566148105421,
        "loss": 0.1061653008586482
    },
    "epoch_03": {
        "dsc": 0.903067475871036,
        "iou": 0.8488154777309349,
        "accuracy": 0.9990918825383771,
        "precision": 0.9106692049586983,
        "recall": 0.9320500817215233,
        "loss": 0.09474487759565052
    },
    "epoch_04": {
        "dsc": 0.9083435979851506,
        "iou": 0.8555769821008046,
        "accuracy": 0.9991028046189695,
        "precision": 0.9459214649702373,
        "recall": 0.9052761008864955,
        "loss": 0.09762371762802727
    },
    "epoch_05": {
        "dsc": 0.9076644694596006,
        "iou": 0.8553606439055059,
        "accuracy": 0.9991204941063598,
        "precision": 0.9347684425220154,
        "recall": 0.9157128354959321,
        "loss": 0.09258162818456951
    },
    "epoch_06": {
        "dsc": 0.9097847112438135,
        "iou": 0.8551440380121534,
        "accuracy": 0.9991020764802631,
        "precision": 0.9509819583934651,
        "recall": 0.8996677247055791,
        "loss": 0.08876016657603414
    },
    "epoch_07": {
        "dsc": 0.9115554376652366,
        "iou": 0.8588299714682395,
        "accuracy": 0.999132958127741,
        "precision": 0.9461109941465814,
        "recall": 0.9082525163366085,
        "loss": 0.08563299712381865
    },
    "epoch_08": {
        "dsc": 0.9098660213905468,
        "iou": 0.8570852546315444,
        "accuracy": 0.9991404536732456,
        "precision": 0.9403606888494995,
        "recall": 0.9110602950840667,
        "loss": 0.08623749958841424
    },
    "epoch_09": {
        "dsc": 0.9113914150940743,
        "iou": 0.8605940043926239,
        "accuracy": 0.9991538171600878,
        "precision": 0.9305142551137687,
        "recall": 0.925593295118265,
        "loss": 0.08447290721692537
    },
    "epoch_10": {
        "dsc": 0.9151282420283872,
        "iou": 0.863004286561096,
        "accuracy": 0.9991360848410089,
        "precision": 0.9151035008723277,
        "recall": 0.9430523504290665,
        "loss": 0.08028871056280638
    },
    "epoch_11": {
        "dsc": 0.9092867395334077,
        "iou": 0.8570589234954432,
        "accuracy": 0.9991340717516446,
        "precision": 0.9479781938226598,
        "recall": 0.9042460594260903,
        "loss": 0.08408977640302558
    },
    "epoch_12": {
        "dsc": 0.9133129229671075,
        "iou": 0.8626036549869337,
        "accuracy": 0.9991751473410087,
        "precision": 0.9275370491178412,
        "recall": 0.9297459664051994,
        "loss": 0.08083418246946837
    },
    "epoch_13": {
        "dsc": 0.9095900963272966,
        "iou": 0.8592471987531897,
        "accuracy": 0.9991629403097588,
        "precision": 0.9286502228494277,
        "recall": 0.925068687974361,
        "loss": 0.08364926592299812
    },
    "epoch_14": {
        "dsc": 0.9080020204970713,
        "iou": 0.8580190283164645,
        "accuracy": 0.9991573293585526,
        "precision": 0.9230190018812814,
        "recall": 0.9304404525380385,
        "loss": 0.08185609704569767
    },
    "epoch_15": {
        "dsc": 0.9108514299518182,
        "iou": 0.8594765553348944,
        "accuracy": 0.9991473495751098,
        "precision": 0.9336399901331518,
        "recall": 0.9197118920192383,
        "loss": 0.0817997439911491
    },
    "epoch_16": {
        "dsc": 0.9191821013626301,
        "iou": 0.8688272080923379,
        "accuracy": 0.99917724609375,
        "precision": 0.9474113238485238,
        "recall": 0.9153439371209395,
        "loss": 0.06911447252097883
    },
    "epoch_17": {
        "dsc": 0.9134729609154818,
        "iou": 0.8623915027108108,
        "accuracy": 0.9991657672012061,
        "precision": 0.9322815542681177,
        "recall": 0.9247669504399884,
        "loss": 0.07983913154978502
    },
    "epoch_18": {
        "dsc": 0.9132975224863018,
        "iou": 0.8633102873961132,
        "accuracy": 0.9991566012198466,
        "precision": 0.9524805451694289,
        "recall": 0.9060008844785522,
        "loss": 0.07310751315794493
    },
    "epoch_19": {
        "dsc": 0.9206827769153995,
        "iou": 0.8703719126550775,
        "accuracy": 0.9991747618558114,
        "precision": 0.9316502809524538,
        "recall": 0.9330074300891477,
        "loss": 0.0696052422648982
    },
    "epoch_20": {
        "dsc": 0.9041336633657154,
        "iou": 0.853553045737116,
        "accuracy": 0.9991516755756579,
        "precision": 0.9522574115217779,
        "recall": 0.8969296473160125,
        "loss": 0.08341417265565772
    },
    "epoch_21": {
        "dsc": 0.910347490979914,
        "iou": 0.8616792977901927,
        "accuracy": 0.9991816577576755,
        "precision": 0.9363278866859904,
        "recall": 0.9206591515164626,
        "loss": 0.07623511317529176
    },
    "epoch_22": {
        "dsc": 0.9152696519567253,
        "iou": 0.866519638320856,
        "accuracy": 0.9991745476973681,
        "precision": 0.9468523807692946,
        "recall": 0.9150421112252957,
        "loss": 0.0694183864091572
    },
    "epoch_23": {
        "dsc": 0.9142939040535375,
        "iou": 0.8649517041549347,
        "accuracy": 0.9991569867050436,
        "precision": 0.9454504073711865,
        "recall": 0.9153909787797089,
        "loss": 0.07064547742667951
    },
    "epoch_24": {
        "dsc": 0.9144706726074221,
        "iou": 0.8646149034040015,
        "accuracy": 0.9991795590049342,
        "precision": 0.9417197233752203,
        "recall": 0.9178147661058527,
        "loss": 0.07477077528050072
    },
    "epoch_25": {
        "dsc": 0.9124315166682526,
        "iou": 0.8626182711960977,
        "accuracy": 0.9991790878563598,
        "precision": 0.9371315753250793,
        "recall": 0.9198749222253498,
        "loss": 0.07367911856425435
    },
    "epoch_26": {
        "dsc": 0.9175544726221186,
        "iou": 0.8681649811435165,
        "accuracy": 0.9991955780564695,
        "precision": 0.9335816298660481,
        "recall": 0.9293844950826544,
        "loss": 0.07088510927401091
    },
    "epoch_27": {
        "dsc": 0.9150136562815883,
        "iou": 0.8654253488047082,
        "accuracy": 0.9991858552631577,
        "precision": 0.9396044957010371,
        "recall": 0.9210675160090129,
        "loss": 0.0731086048640703
    },
    "epoch_28": {
        "dsc": 0.9122290522382971,
        "iou": 0.8627564164630153,
        "accuracy": 0.99917206345943,
        "precision": 0.9404044381359169,
        "recall": 0.9180164828635099,
        "loss": 0.07255996842133372
    },
    "epoch_29": {
        "dsc": 0.9111671970601666,
        "iou": 0.8627228360427055,
        "accuracy": 0.999186155084978,
        "precision": 0.9368908645813928,
        "recall": 0.9209669807501007,
        "loss": 0.07322745182012257
    },
    "epoch_30": {
        "dsc": 0.9105717199936246,
        "iou": 0.8606129403699909,
        "accuracy": 0.9991819147478068,
        "precision": 0.9332148526844225,
        "recall": 0.922190433008629,
        "loss": 0.08094438596775658
    },
    "epoch_31": {
        "dsc": 0.9116623783320712,
        "iou": 0.8633502638130859,
        "accuracy": 0.9991936506304824,
        "precision": 0.942040264083628,
        "recall": 0.9166042966800823,
        "loss": 0.0733564511725777
    },
    "epoch_32": {
        "dsc": 0.9149034692530046,
        "iou": 0.8657692649908233,
        "accuracy": 0.9991903525904604,
        "precision": 0.9332552980958371,
        "recall": 0.9278937254035684,
        "loss": 0.07230647378846218
    },