{
    "dsc": 0.8846726343896654,
    "loss": 0.11612809530893961,
    "iou": 0.8256119017071193,
    "accuracy": 0.9989346657986113,
    "precision": 0.9330994758076139,
    "recall": 0.8822117606798807
}