{
    "dsc": 0.9574027962154812,
    "iou": 0.920147058698866,
    "accuracy": 0.9987037760416667,
    "precision": 0.9594795412487453,
    "recall": 0.9589260445700751,
    "loss": 0.0442238375544548
}