{
    "epoch_01": {
        "dsc": 0.34705898960431414,
        "iou": 0.23349556591775683,
        "accuracy": 0.9854254286024307,
        "precision": 0.7669464627901712,
        "recall": 0.24912423160341052,
        "loss": 0.9463714063167572
    },
    "epoch_02": {
        "dsc": 0.7154787129826016,
        "iou": 0.5759431944953071,
        "accuracy": 0.986980197482639,
        "precision": 0.5793591075473361,
        "recall": 0.9796836879518297,
        "loss": 0.8849574029445648
    },
    "epoch_03": {
        "dsc": 0.8266008310847812,
        "iou": 0.7343770239088271,
        "accuracy": 0.9946015625,
        "precision": 0.7652187029520672,
        "recall": 0.9540843698713515,
        "loss": 0.841854877769947
    },
    "epoch_04": {
        "dsc": 0.7868596421347724,
        "iou": 0.676164596610599,
        "accuracy": 0.9919465060763889,
        "precision": 0.7050563560591805,
        "recall": 0.9344961404800416,
        "loss": 0.7396995946764946
    },
    "epoch_05": {
        "dsc": 0.8532891432444254,
        "iou": 0.7845070997873942,
        "accuracy": 0.9964646945529514,
        "precision": 0.8598593831062317,
        "recall": 0.9000005828009712,
        "loss": 0.6069134548306465
    },
    "epoch_06": {
        "dsc": 0.7579158571031359,
        "iou": 0.6336642411020067,
        "accuracy": 0.9897153998480903,
        "precision": 0.6349254290262858,
        "recall": 0.9776003546184964,
        "loss": 0.5789396613836288
    },
    "epoch_07": {
        "dsc": 0.9138356632656521,
        "iou": 0.8582615627182855,
        "accuracy": 0.9977686360677083,
        "precision": 0.9028604851828681,
        "recall": 0.9513664722442626,
        "loss": 0.47244561463594437
    },
    "epoch_08": {
        "dsc": 0.9101457834243774,
        "iou": 0.8568239755100675,
        "accuracy": 0.9977767605251735,
        "precision": 0.9003388775719536,
        "recall": 0.9409643967946371,
        "loss": 0.29081425815820694
    },
    "epoch_09": {
        "dsc": 0.9271270698971219,
        "iou": 0.88296574221717,
        "accuracy": 0.9982424994574652,
        "precision": 0.9434995412826539,
        "recall": 0.9355321089426676,
        "loss": 0.23491542786359787
    },
    "epoch_10": {
        "dsc": 0.8991188764572144,
        "iou": 0.8428334739473131,
        "accuracy": 0.9975994873046875,
        "precision": 0.9071742375691731,
        "recall": 0.9323488235473634,
        "loss": 0.17832554876804352
    },
    "epoch_11": {
        "dsc": 0.9342925628026326,
        "iou": 0.8873439947764078,
        "accuracy": 0.998260484483507,
        "precision": 0.9518363157908122,
        "recall": 0.9277133888668485,
        "loss": 0.13868802040815353
    },
    "epoch_12": {
        "dsc": 0.9157246934043036,
        "iou": 0.8610220882627699,
        "accuracy": 0.9979003770616319,
        "precision": 0.9811194393369886,
        "recall": 0.8772361172570122,
        "loss": 0.1431874781847
    },
    "epoch_13": {
        "dsc": 0.9356912480460273,
        "iou": 0.8884980705049303,
        "accuracy": 0.9982654079861111,
        "precision": 0.9678034570482041,
        "recall": 0.9174990309609308,
        "loss": 0.10763362795114517
    },
    "epoch_14": {
        "dsc": 0.9227793561087714,
        "iou": 0.8668464303016663,
        "accuracy": 0.9978236219618055,
        "precision": 0.9294523371590508,
        "recall": 0.9287238942252265,
        "loss": 0.11187262833118439
    },
    "epoch_15": {
        "dsc": 0.9413743416468302,
        "iou": 0.8955674992667304,
        "accuracy": 0.9983191731770833,
        "precision": 0.9428554534912109,
        "recall": 0.948951162232293,
        "loss": 0.09362189471721649
    },
    "epoch_16": {
        "dsc": 0.9347888893551297,
        "iou": 0.882962335480584,
        "accuracy": 0.9979710964626735,
        "precision": 0.9045128054089017,
        "recall": 0.9764967203140259,
        "loss": 0.0858137384057045
    },
    "epoch_17": {
        "dsc": 0.9485992829004923,
        "iou": 0.9071911096572876,
        "accuracy": 0.99849609375,
        "precision": 0.9611521747377183,
        "recall": 0.9439302841822306,
        "loss": 0.07090595364570618
    },
    "epoch_18": {
        "dsc": 0.9384068462583754,
        "iou": 0.8919603162341647,
        "accuracy": 0.9982623291015624,
        "precision": 0.9290506760279338,
        "recall": 0.9605015436808269,
        "loss": 0.07703336328268051
    },
    "epoch_19": {
        "dsc": 0.9489946444829305,
        "iou": 0.9053067498736911,
        "accuracy": 0.998429931640625,
        "precision": 0.9389119121763441,
        "recall": 0.9631037235260009,
        "loss": 0.06564411520957947
    },
    "epoch_20": {
        "dsc": 0.9420367373360528,
        "iou": 0.8934669918484157,
        "accuracy": 0.9982219645182291,
        "precision": 0.9613495137956407,
        "recall": 0.9288160509533353,
        "loss": 0.06989113986492157
    },
    "epoch_21": {
        "dsc": 0.947715163230896,
        "iou": 0.9054977734883627,
        "accuracy": 0.9985227728949653,
        "precision": 0.9585315704345703,
        "recall": 0.9451939450369942,
        "loss": 0.06531070172786713
    },
    "epoch_22": {
        "dsc": 0.9538769271638659,
        "iou": 0.9137594646877713,
        "accuracy": 0.9985809868706597,
        "precision": 0.9555925077862211,
        "recall": 0.9562787718243069,
        "loss": 0.056753553450107574
    },
    "epoch_23": {
        "dsc": 0.954950483640035,
        "iou": 0.915023374557495,
        "accuracy": 0.9985579155815971,
        "precision": 0.9472971995671591,
        "recall": 0.965659417046441,
        "loss": 0.051695942878723145
    },
    "epoch_24": {
        "dsc": 0.9440665907329984,
        "iou": 0.9021247307459512,
        "accuracy": 0.9984811197916668,
        "precision": 0.9593865129682753,
        "recall": 0.940881445672777,
        "loss": 0.06288282573223114
    },
    "epoch_25": {
        "dsc": 0.9433803611331516,
        "iou": 0.9000040637122261,
        "accuracy": 0.9984798448350695,
        "precision": 0.9644480837715996,
        "recall": 0.9322765085432265,
        "loss": 0.06422989070415497
    },
    "epoch_26": {
        "dsc": 0.9511909749772813,
        "iou": 0.9100518782933553,
        "accuracy": 0.9985648735894097,
        "precision": 0.961424281862047,
        "recall": 0.9465287526448567,
        "loss": 0.054631307721138
    },
    "epoch_27": {
        "dsc": 0.9515442927678426,
        "iou": 0.9102744897206625,
        "accuracy": 0.9985252685546875,
        "precision": 0.9437465058432686,
        "recall": 0.9649660057491726,
        "loss": 0.05524294823408127
    },
    "epoch_28": {
        "dsc": 0.9518611192703247,
        "iou": 0.9114470428890652,
        "accuracy": 0.99862353515625,
        "precision": 0.9735786358515421,
        "recall": 0.936364303694831,
        "loss": 0.05449451506137848
    },
    "epoch_29": {
        "dsc": 0.9417899741066826,
        "iou": 0.8930427842670017,
        "accuracy": 0.9982099473741319,
        "precision": 0.9690951373842027,
        "recall": 0.9206001467174953,
        "loss": 0.06309045106172562
    },
    "epoch_30": {
        "dsc": 0.9491276105244955,
        "iou": 0.9076849010255601,
        "accuracy": 0.9985849066840278,
        "precision": 0.9633129755655925,
        "recall": 0.9426365507973564,
        "loss": 0.057732902467250824
    },
    "epoch_31": {
        "dsc": 0.9526196347342597,
        "iou": 0.9120203653971355,
        "accuracy": 0.998559787326389,
        "precision": 0.9654100232654148,
        "recall": 0.9445501380496555,
        "loss": 0.052296772599220276
    },
    "epoch_32": {
        "dsc": 0.9521064678827922,
        "iou": 0.9127830425898235,
        "accuracy": 0.9986236572265625,
        "precision": 0.9527417792214288,
        "recall": 0.9583494822184244,
        "loss": 0.052012085914611816
    },