{
    "epoch_01": {
        "dsc": 0.6666694168458906,
        "iou": 0.5180640356582508,
        "accuracy": 0.9838780667489037,
        "precision": 0.5256909367285276,
        "recall": 0.9549600549957209,
        "loss": 0.880879838999949
    },
    "epoch_02": {
        "dsc": 0.6404465452620858,
        "iou": 0.487232539214586,
        "accuracy": 0.9811195775082234,
        "precision": 0.48777158401514353,
        "recall": 0.9774582056622758,
        "loss": 0.8293782551037637
    },
    "epoch_03": {
        "dsc": 0.8729787191800904,
        "iou": 0.799625308367244,
        "accuracy": 0.9966250770970394,
        "precision": 0.8587689723884852,
        "recall": 0.9278023023354381,
        "loss": 0.7093365804145211
    },
    "epoch_04": {
        "dsc": 0.8842237894995172,
        "iou": 0.8138227567338108,
        "accuracy": 0.9968394496984648,
        "precision": 0.8551276629431205,
        "recall": 0.9468979302205538,
        "loss": 0.523623348850953
    },
    "epoch_05": {
        "dsc": 0.9046498531835119,
        "iou": 0.8409757415453593,
        "accuracy": 0.9972606993558112,
        "precision": 0.864872343184655,
        "recall": 0.9666409497721152,
        "loss": 0.36082731344197927
    },
    "epoch_06": {
        "dsc": 0.9227868825720066,
        "iou": 0.8736842306036698,
        "accuracy": 0.9980870511239035,
        "precision": 0.9219025383915816,
        "recall": 0.9386620139866546,
        "loss": 0.23179122727168233
    },
    "epoch_07": {
        "dsc": 0.9251878998781505,
        "iou": 0.8767934363139304,
        "accuracy": 0.9981725860060306,
        "precision": 0.9352765543419018,
        "recall": 0.9338520723476745,
        "loss": 0.16604950004502347
    },
    "epoch_08": {
        "dsc": 0.9302684466044107,
        "iou": 0.8805135885874431,
        "accuracy": 0.9981399054276316,
        "precision": 0.9390267206911452,
        "recall": 0.9331423504310741,
        "loss": 0.1262975789998707
    },
    "epoch_09": {
        "dsc": 0.9243122344477134,
        "iou": 0.8771811687109763,
        "accuracy": 0.998196785910088,
        "precision": 0.9415582157017891,
        "recall": 0.9285785121875896,
        "loss": 0.11555730198559008
    },
    "epoch_10": {
        "dsc": 0.9358282559796384,
        "iou": 0.8863309579983093,
        "accuracy": 0.9981104800575658,
        "precision": 0.9194930117381245,
        "recall": 0.9577817958697937,
        "loss": 0.08966203582914252
    },
    "epoch_11": {
        "dsc": 0.9199052641266271,
        "iou": 0.8680273728412495,
        "accuracy": 0.9979839552494517,
        "precision": 0.9710376482260856,
        "recall": 0.894515119100872,
        "loss": 0.09883557495317961
    },
    "epoch_12": {
        "dsc": 0.934037839111529,
        "iou": 0.8852296727791168,
        "accuracy": 0.9981712582236844,
        "precision": 0.9415516215458252,
        "recall": 0.9381624136054724,
        "loss": 0.07982962304040005
    },
    "epoch_13": {
        "dsc": 0.93184141631712,
        "iou": 0.8815816954562539,
        "accuracy": 0.9980467036732455,
        "precision": 0.9272079577571469,
        "recall": 0.9463143594432296,
        "loss": 0.07659232381143068
    },
    "epoch_14": {
        "dsc": 0.9355080279341913,
        "iou": 0.8905469597431652,
        "accuracy": 0.9983448978892543,
        "precision": 0.9500588021780317,
        "recall": 0.9384647592117914,
        "loss": 0.07248558653028388
    },
    "epoch_15": {
        "dsc": 0.9376903301791143,
        "iou": 0.8916976478016166,
        "accuracy": 0.9983345754523024,
        "precision": 0.9459717922043381,
        "recall": 0.9431521218073997,
        "loss": 0.06778179187523692
    },
    "epoch_16": {
        "dsc": 0.9405690306111388,
        "iou": 0.8962957273449813,
        "accuracy": 0.9984144565515352,
        "precision": 0.9473235941769783,
        "recall": 0.9468110533137071,
        "loss": 0.06426182389259338
    },
    "epoch_17": {
        "dsc": 0.9423216999622811,
        "iou": 0.8994514314751876,
        "accuracy": 0.9984979355126095,
        "precision": 0.9578249611352619,
        "recall": 0.939854970103816,
        "loss": 0.061276692308877646
    },
    "epoch_18": {
        "dsc": 0.9307187795639036,
        "iou": 0.8874048784113766,
        "accuracy": 0.9983667848821274,
        "precision": 0.9575801063002203,
        "recall": 0.9270102381706236,
        "loss": 0.07200505702119124
    },
    "epoch_19": {
        "dsc": 0.9452822203176064,
        "iou": 0.9031273984072501,
        "accuracy": 0.9984836297286185,
        "precision": 0.9524475262876143,
        "recall": 0.9487102115363404,
        "loss": 0.05714200437068939
    },
    "epoch_20": {
        "dsc": 0.9449898276412695,
        "iou": 0.9025864020774239,
        "accuracy": 0.9984809741639251,
        "precision": 0.9582043227396515,
        "recall": 0.9425607349788935,
        "loss": 0.056677859864736856
    },
    "epoch_21": {
        "dsc": 0.9368839964532016,
        "iou": 0.8914590603426881,
        "accuracy": 0.9983126456277415,
        "precision": 0.9485225646119371,
        "recall": 0.9396212393777411,
        "loss": 0.06463858877357684
    },
    "epoch_22": {
        "dsc": 0.9250216839606301,
        "iou": 0.8771813700073644,
        "accuracy": 0.9982339209841006,
        "precision": 0.9622112198879844,
        "recall": 0.9130492607752481,
        "loss": 0.07604910982282538
    },
    "epoch_23": {
        "dsc": 0.94404263245432,
        "iou": 0.9015457201422308,
        "accuracy": 0.9985083007812501,
        "precision": 0.9557123769793595,
        "recall": 0.944130866151107,
        "loss": 0.05673909736307044
    },
    "epoch_24": {
        "dsc": 0.9303901953655377,
        "iou": 0.8850950588259782,
        "accuracy": 0.998384859854715,
        "precision": 0.9637483588436193,
        "recall": 0.919265450092784,
        "loss": 0.07021998731713545
    },
    "epoch_25": {
        "dsc": 0.940476185397098,
        "iou": 0.8966096712831865,
        "accuracy": 0.9984162983141447,
        "precision": 0.9511652526102568,
        "recall": 0.9434069531005725,
        "loss": 0.06002451714716459
    },
    "epoch_26": {
        "dsc": 0.9451967174546761,
        "iou": 0.9033018355829673,
        "accuracy": 0.9985439367461623,
        "precision": 0.9647267554935658,
        "recall": 0.9368639912521629,
        "loss": 0.05528681921331506
    },
    "epoch_27": {
        "dsc": 0.9396163883962131,
        "iou": 0.8974287708600361,
        "accuracy": 0.9985086862664474,
        "precision": 0.956599316053223,
        "recall": 0.9389757613341017,
        "loss": 0.060591697692871094
    },
    "epoch_28": {
        "dsc": 0.9388795468890877,
        "iou": 0.8954706871718694,
        "accuracy": 0.9984584446957236,
        "precision": 0.9557112716791922,
        "recall": 0.9380563758967216,
        "loss": 0.06130447277897283
    },
    "epoch_29": {
        "dsc": 0.9470277993302598,
        "iou": 0.9065695222009693,
        "accuracy": 0.9985840700383772,
        "precision": 0.9661321995551123,
        "recall": 0.93846907532006,
        "loss": 0.05310678011492679
    },
    "epoch_30": {
        "dsc": 0.9501873840365495,
        "iou": 0.9100043956647839,
        "accuracy": 0.9985325006853069,
        "precision": 0.9478274824326497,
        "recall": 0.9604972046718264,
        "loss": 0.04987824747436925
    },
    "epoch_31": {
        "dsc": 0.9471326637686346,
        "iou": 0.9055584073066711,
        "accuracy": 0.9984810598273027,
        "precision": 0.9429584772963273,
        "recall": 0.9611035862512759,
        "loss": 0.05280531472281406
    },
    "epoch_32": {
        "dsc": 0.9487761133595519,
        "iou": 0.9071888505366813,
        "accuracy": 0.9985620545504384,
        "precision": 0.9535708877078272,
        "recall": 0.9519626330911068,
        "loss": 0.051216144310800654
    },