{
    "dsc": 0.9251023621029324,
    "loss": 0.07384904257456462,
    "iou": 0.8817316523128087,
    "accuracy": 0.9983615407986113,
    "precision": 0.9464612868626912,
    "recall": 0.9268509851031833
}