{
    "epoch_01": {
        "dsc": 0.3953914412557947,
        "iou": 0.2761373938760204,
        "accuracy": 0.9175769935104724,
        "precision": 0.27786517319553355,
        "recall": 0.9113227569376935,
        "loss": 0.9102500538456249
    },
    "epoch_02": {
        "dsc": 0.7167198977262154,
        "iou": 0.5859411163869814,
        "accuracy": 0.9881774837065508,
        "precision": 0.591381227906375,
        "recall": 0.9692461857183732,
        "loss": 0.8595294770709971
    },
    "epoch_03": {
        "dsc": 0.8045235384063074,
        "iou": 0.7012569348123622,
        "accuracy": 0.9934626364750446,
        "precision": 0.708363807668873,
        "recall": 0.97128858795778,
        "loss": 0.780817266294663
    },
    "epoch_04": {
        "dsc": 0.8588260997637921,
        "iou": 0.7798470541330158,
        "accuracy": 0.996026278409091,
        "precision": 0.7972598372296216,
        "recall": 0.9658118351470553,
        "loss": 0.6350674672241516
    },
    "epoch_05": {
        "dsc": 0.884815491032048,
        "iou": 0.8201205425508945,
        "accuracy": 0.9970911754261363,
        "precision": 0.8473439320735965,
        "recall": 0.952206921449957,
        "loss": 0.4553745248738457
    },
    "epoch_06": {
        "dsc": 0.9044207109274499,
        "iou": 0.8491812050873796,
        "accuracy": 0.9977267592051025,
        "precision": 0.8851485235380828,
        "recall": 0.9494571673572596,
        "loss": 0.30101399721308825
    },
    "epoch_07": {
        "dsc": 0.914941820231351,
        "iou": 0.8647905922297275,
        "accuracy": 0.9980320350796569,
        "precision": 0.9044048891347998,
        "recall": 0.9451570201153847,
        "loss": 0.20700594464087868
    },
    "epoch_08": {
        "dsc": 0.9149166271223316,
        "iou": 0.8648414302637233,
        "accuracy": 0.9980228787182487,
        "precision": 0.914315651444828,
        "recall": 0.935969976977231,
        "loss": 0.16048748703563914
    },
    "epoch_09": {
        "dsc": 0.9174704416762912,
        "iou": 0.8686696162942046,
        "accuracy": 0.9980776079963236,
        "precision": 0.918192431941602,
        "recall": 0.9365358013732762,
        "loss": 0.13094557989089883
    },
    "epoch_10": {
        "dsc": 0.926320426710574,
        "iou": 0.8815435841015528,
        "accuracy": 0.9982937660149287,
        "precision": 0.9286461650475247,
        "recall": 0.9425384831513527,
        "loss": 0.10602815218150297
    },
    "epoch_11": {
        "dsc": 0.927796638213802,
        "iou": 0.8827516850409449,
        "accuracy": 0.9982964554784983,
        "precision": 0.9313008865995627,
        "recall": 0.9437506763055364,
        "loss": 0.09490995531413644
    },
    "epoch_12": {
        "dsc": 0.9262778695254402,
        "iou": 0.8784502193783268,
        "accuracy": 0.9981733755291889,
        "precision": 0.9268633088432318,
        "recall": 0.9418941931184814,
        "loss": 0.09058051791420595
    },
    "epoch_13": {
        "dsc": 0.9264529955684608,
        "iou": 0.8783874954238081,
        "accuracy": 0.9981931591883912,
        "precision": 0.9292506065598147,
        "recall": 0.9397262756093511,
        "loss": 0.08605442502919365
    },
    "epoch_14": {
        "dsc": 0.9329749692676326,
        "iou": 0.8880926229843269,
        "accuracy": 0.9983259177250446,
        "precision": 0.9361571529332329,
        "recall": 0.9467623306574456,
        "loss": 0.07655468997470835
    },
    "epoch_15": {
        "dsc": 0.9336368701887217,
        "iou": 0.8889200993400207,
        "accuracy": 0.9983457797181372,
        "precision": 0.934744327251074,
        "recall": 0.9469466902142964,
        "loss": 0.07352187129902966
    },
    "epoch_16": {
        "dsc": 0.9384976252515048,
        "iou": 0.8956468781579199,
        "accuracy": 0.9984375870376558,
        "precision": 0.9406393316446566,
        "recall": 0.9484215465883944,
        "loss": 0.06726128803217475
    },
    "epoch_17": {
        "dsc": 0.942248537419314,
        "iou": 0.9005327019143232,
        "accuracy": 0.9984832731032754,
        "precision": 0.941597585106491,
        "recall": 0.9529505120772941,
        "loss": 0.06230056238046942
    },
    "epoch_18": {
        "dsc": 0.935988631849833,
        "iou": 0.8917561503867628,
        "accuracy": 0.9983469982453209,
        "precision": 0.9379372340153883,
        "recall": 0.946784286363027,
        "loss": 0.06738270731533275
    },
    "epoch_19": {
        "dsc": 0.9405601782701021,
        "iou": 0.8984622861293547,
        "accuracy": 0.9984720278381239,
        "precision": 0.9423912951653016,
        "recall": 0.950811924940762,
        "loss": 0.06196890253434207
    },
    "epoch_20": {
        "dsc": 0.9389573819072063,
        "iou": 0.8962955925341383,
        "accuracy": 0.9984024325284092,
        "precision": 0.9407205303297536,
        "recall": 0.950448154446913,
        "loss": 0.06303917660432704
    },
    "epoch_21": {
        "dsc": 0.9371504324642732,
        "iou": 0.8935594914112499,
        "accuracy": 0.9984007352941177,
        "precision": 0.9410341980198063,
        "recall": 0.9468154562985833,
        "loss": 0.06411616289041897
    },
    "epoch_22": {
        "dsc": 0.9403311148578045,
        "iou": 0.897925760125519,
        "accuracy": 0.998453358260918,
        "precision": 0.942552837564771,
        "recall": 0.9504653153784985,
        "loss": 0.060668451582046756
    },
    "epoch_23": {
        "dsc": 0.9423362030489983,
        "iou": 0.9011268910027229,
        "accuracy": 0.9985033700980392,
        "precision": 0.9441426672081259,
        "recall": 0.9525010904526328,
        "loss": 0.05818219953042301
    },
    "epoch_24": {
        "dsc": 0.9390887717405955,
        "iou": 0.8960789360783317,
        "accuracy": 0.9984214328487078,
        "precision": 0.9402429001429076,
        "recall": 0.950773331677,
        "loss": 0.06127549556487384
    },
    "epoch_25": {
        "dsc": 0.9422015195543115,
        "iou": 0.9010426802643694,
        "accuracy": 0.9984966333834672,
        "precision": 0.9434908382501621,
        "recall": 0.9529041423729611,
        "loss": 0.057922915660123774
    },
    "epoch_26": {
        "dsc": 0.9452679424999869,
        "iou": 0.9055298595504965,
        "accuracy": 0.9985594745710783,
        "precision": 0.9459103108939854,
        "recall": 0.9557153781786322,
        "loss": 0.05454200044035274
    },
    "epoch_27": {
        "dsc": 0.9472119999973106,
        "iou": 0.9083745883854103,
        "accuracy": 0.9985981192903296,
        "precision": 0.9493717228771318,
        "recall": 0.9550412871514624,
        "loss": 0.05225276835461989
    },
    "epoch_28": {
        "dsc": 0.9374277269245257,
        "iou": 0.8943371078441061,
        "accuracy": 0.998339582637032,
        "precision": 0.939212911375491,
        "recall": 0.9491082380480945,
        "loss": 0.06212170716912989
    },
    "epoch_29": {
        "dsc": 0.9436382416522863,
        "iou": 0.9034443719714295,
        "accuracy": 0.9985371929311498,
        "precision": 0.9468774013022051,
        "recall": 0.9517935444326961,
        "loss": 0.05578669650669404
    },
    "epoch_30": {
        "dsc": 0.9475994398037169,
        "iou": 0.90951566639856,
        "accuracy": 0.9986202529662432,
        "precision": 0.9503613827806531,
        "recall": 0.9553113902210126,
        "loss": 0.051620110630351594
    },
    "epoch_31": {
        "dsc": 0.948953122697412,
        "iou": 0.9117499907067753,
        "accuracy": 0.9986497587316177,
        "precision": 0.9508450025436926,
        "recall": 0.9574840300435901,
        "loss": 0.05021046237512068
    },
    "epoch_32": {
        "dsc": 0.9479104721928663,
        "iou": 0.9100339357971933,
        "accuracy": 0.9986329778715465,
        "precision": 0.9485412992258123,
        "recall": 0.9577131500324887,
        "loss": 0.051481575570641994
    },