{
    "dsc": 0.9529355733018171,
    "iou": 0.9129231038846469,
    "accuracy": 0.9986184210526315,
    "precision": 0.9602641285511483,
    "recall": 0.9508961052225348,
    "loss": 0.047055064847594814
}