{
    "dsc": 0.8670540440347458,
    "loss": 0.02806320178508758,
    "iou": 0.803458648999532,
    "accuracy": 0.9903508984375,
    "precision": 0.9284506505330403,
    "recall": 0.8573978924751282
}