{
    "epoch_01": {
        "dsc": 0.6479855252942713,
        "iou": 0.539707486754615,
        "accuracy": 0.9602776066037211,
        "precision": 0.6718321667996192,
        "recall": 0.7100814237938313,
        "loss": 0.38645240584796764
    },
    "epoch_02": {
        "dsc": 0.8013237919824434,
        "iou": 0.7132776493800941,
        "accuracy": 0.9820916628370097,
        "precision": 0.8209583978176968,
        "recall": 0.8401402572897029,
        "loss": 0.2628411608822843
    },
    "epoch_03": {
        "dsc": 0.8290185909751479,
        "iou": 0.7506923803564912,
        "accuracy": 0.9861856095421124,
        "precision": 0.853015590213412,
        "recall": 0.8639059624038702,
        "loss": 0.19138704029155926
    },
    "epoch_04": {
        "dsc": 0.8393837241671727,
        "iou": 0.7665034346614505,
        "accuracy": 0.987464566970254,
        "precision": 0.8607270600748996,
        "recall": 0.8701440696729058,
        "loss": 0.14226633782453715
    },
    "epoch_05": {
        "dsc": 0.8489066574344023,
        "iou": 0.780511209698072,
        "accuracy": 0.9887700186608734,
        "precision": 0.8756750971610109,
        "recall": 0.8768359178315296,
        "loss": 0.10712340067733418
    },
    "epoch_06": {
        "dsc": 0.8574625840161574,
        "iou": 0.7910824793651566,
        "accuracy": 0.9893255190925802,
        "precision": 0.8783568980009585,
        "recall": 0.8814378327120647,
        "loss": 0.0834440437349725
    },
    "epoch_07": {
        "dsc": 0.8654301006101246,
        "iou": 0.80173664801686,
        "accuracy": 0.9902395276292335,
        "precision": 0.8902516062778161,
        "recall": 0.8891258272151471,
        "loss": 0.06622631891685374
    },
    "epoch_08": {
        "dsc": 0.8693562913387217,
        "iou": 0.8059749061411078,
        "accuracy": 0.9904065180759803,
        "precision": 0.8875450320316083,
        "recall": 0.8930749610571087,
        "loss": 0.05506062332321616
    },
    "epoch_09": {
        "dsc": 0.8681350028451114,
        "iou": 0.8053668841002459,
        "accuracy": 0.990517404049688,
        "precision": 0.9017558434642786,
        "recall": 0.8881369652276371,
        "loss": 0.04694216063913496
    },
    "epoch_10": {
        "dsc": 0.8741920382156305,
        "iou": 0.8129885196685791,
        "accuracy": 0.990914278353387,
        "precision": 0.8991581087868907,
        "recall": 0.8965369541058565,
        "loss": 0.04052728009136284
    },
    "epoch_11": {
        "dsc": 0.8833280999923986,
        "iou": 0.8239325792287973,
        "accuracy": 0.9913707647476603,
        "precision": 0.9079491113596422,
        "recall": 0.901629468389586,
        "loss": 0.03545232383125925
    },
    "epoch_12": {
        "dsc": 0.8791115674955534,
        "iou": 0.8187183800440633,
        "accuracy": 0.9910138407280525,
        "precision": 0.9020587707373334,
        "recall": 0.9012082823670059,
        "loss": 0.033389396387784875
    },
    "epoch_13": {
        "dsc": 0.892958501549753,
        "iou": 0.8351525936853439,
        "accuracy": 0.9917693885082441,
        "precision": 0.9136322221441491,
        "recall": 0.9074679953635483,
        "loss": 0.02904307298900131
    },
    "epoch_14": {
        "dsc": 0.8890761292739785,
        "iou": 0.8311327085004571,
        "accuracy": 0.9915937029996656,
        "precision": 0.9111024018410708,
        "recall": 0.9036220286186156,
        "loss": 0.02779837936302398
    },
    "epoch_15": {
        "dsc": 0.8764035643315784,
        "iou": 0.8151277178324053,
        "accuracy": 0.9909263504762701,
        "precision": 0.9052820195063762,
        "recall": 0.8940329426856388,
        "loss": 0.02818023586984385
    },
    "epoch_16": {
        "dsc": 0.8956985559692994,
        "iou": 0.8380084972224345,
        "accuracy": 0.9918803789271391,
        "precision": 0.9180109024897828,
        "recall": 0.9068792824651681,
        "loss": 0.024822775941879992
    },
    "epoch_17": {
        "dsc": 0.8998197029724903,
        "iou": 0.8423153980636767,
        "accuracy": 0.9918524137282754,
        "precision": 0.9164174175729937,
        "recall": 0.9122724355648335,
        "loss": 0.02403015342795036
    },
    "epoch_18": {
        "dsc": 0.8983880904587832,
        "iou": 0.8409623926017376,
        "accuracy": 0.9919797846340241,
        "precision": 0.9167112366507184,
        "recall": 0.9108253680767222,
        "loss": 0.022827631333235274
    },
    "epoch_19": {
        "dsc": 0.9037391661853927,
        "iou": 0.8478555180490973,
        "accuracy": 0.9923527845086898,
        "precision": 0.9219598399870322,
        "recall": 0.9134382026505768,
        "loss": 0.02127657296574291
    },
    "epoch_20": {
        "dsc": 0.9060741096150641,
        "iou": 0.8510510255308712,
        "accuracy": 0.9924007248495991,
        "precision": 0.9275382473507029,
        "recall": 0.9117578345080323,
        "loss": 0.020722370391791277
    },
    "epoch_21": {
        "dsc": 0.9015160320914365,
        "iou": 0.8464860683987698,
        "accuracy": 0.9923912899676915,
        "precision": 0.9210381395251568,
        "recall": 0.9134254874180131,
        "loss": 0.020340145182083633
    },
    "epoch_22": {
        "dsc": 0.9055667951995252,
        "iou": 0.8501141804956074,
        "accuracy": 0.992447063697638,
        "precision": 0.9255008070120412,
        "recall": 0.9137766690602701,
        "loss": 0.019868492484989172
    },
    "epoch_23": {
        "dsc": 0.9024284515470109,
        "iou": 0.8481312342612289,
        "accuracy": 0.992621487160205,
        "precision": 0.921400809245526,
        "recall": 0.9151786743744595,
        "loss": 0.01888515834352948
    },
    "epoch_24": {
        "dsc": 0.9055929753444624,
        "iou": 0.8507610056383299,
        "accuracy": 0.9925155188140596,
        "precision": 0.9267383747984805,
        "recall": 0.9125294676332762,
        "loss": 0.019109362249516627
    },
    "epoch_25": {
        "dsc": 0.90809004723282,
        "iou": 0.8534446044720431,
        "accuracy": 0.9926673908199644,
        "precision": 0.9212962453803064,
        "recall": 0.9187800766312504,
        "loss": 0.01846697315434243
    },
    "epoch_26": {
        "dsc": 0.9043039240726599,
        "iou": 0.8488211706679135,
        "accuracy": 0.992393831467246,
        "precision": 0.9243310233063452,
        "recall": 0.9106134757957357,
        "loss": 0.019156835105439477
    },
    "epoch_27": {
        "dsc": 0.907580551776019,
        "iou": 0.8542747056101733,
        "accuracy": 0.9929046728776737,
        "precision": 0.9279206906729204,
        "recall": 0.9174312183669968,
        "loss": 0.017671755228669726
    },
    "epoch_28": {
        "dsc": 0.9076653451205575,
        "iou": 0.8556261974222519,
        "accuracy": 0.993096825910762,
        "precision": 0.9277406816707789,
        "recall": 0.916950117564244,
        "loss": 0.01703638932792181
    },
    "epoch_29": {
        "dsc": 0.9133103515375107,
        "iou": 0.8603783614813962,
        "accuracy": 0.9929835115864529,
        "precision": 0.9310780418854133,
        "recall": 0.9197605731440525,
        "loss": 0.017308537448621927
    },
    "epoch_30": {
        "dsc": 0.9150115525658755,
        "iou": 0.8624463994022785,
        "accuracy": 0.9930934314421792,
        "precision": 0.9316638533869319,
        "recall": 0.919400525337447,
        "loss": 0.01670716450933148
    },
    "epoch_31": {
        "dsc": 0.9103517077079644,
        "iou": 0.8594367753269411,
        "accuracy": 0.9933030181177585,
        "precision": 0.9316556223679778,
        "recall": 0.9175998235450071,
        "loss": 0.016308147470182912
    },
    "epoch_32": {
        "dsc": 0.9199481138464815,
        "iou": 0.8683872663294782,
        "accuracy": 0.9932975782642601,
        "precision": 0.9333697475639043,
        "recall": 0.9237958782496937,
        "loss": 0.0162059815356478
    },