{
    "epoch_01": {
        "dsc": 0.7993941254783095,
        "iou": 0.7118440150168904,
        "accuracy": 0.9818170915570176,
        "precision": 0.8579106634123285,
        "recall": 0.8080983820714449,
        "loss": 0.2981511730896799
    },
    "epoch_02": {
        "dsc": 0.8295185267925262,
        "iou": 0.7465484900432721,
        "accuracy": 0.9843124229029606,
        "precision": 0.807502322552497,
        "recall": 0.906137460679339,
        "loss": 0.2193520698500307
    },
    "epoch_03": {
        "dsc": 0.8580762309986248,
        "iou": 0.7897509174388752,
        "accuracy": 0.9882541803728073,
        "precision": 0.8799808448866794,
        "recall": 0.8964271561095589,
        "loss": 0.16040318439665593
    },
    "epoch_04": {
        "dsc": 0.8498554070267762,
        "iou": 0.7865181952192073,
        "accuracy": 0.9896518212033991,
        "precision": 0.9171734039197887,
        "recall": 0.8558361420505927,
        "loss": 0.12110545496015172
    },
    "epoch_05": {
        "dsc": 0.8739094331599121,
        "iou": 0.8109796643257141,
        "accuracy": 0.9901630174067981,
        "precision": 0.9410264748230314,
        "recall": 0.8611635602357097,
        "loss": 0.0910074582421466
    },
    "epoch_06": {
        "dsc": 0.8756553985570609,
        "iou": 0.8160038820484228,
        "accuracy": 0.9905412640487938,
        "precision": 0.9058367787745961,
        "recall": 0.898299917840121,
        "loss": 0.07059723712307842
    },
    "epoch_07": {
        "dsc": 0.8910864690939586,
        "iou": 0.8333730054529088,
        "accuracy": 0.9912773266173246,
        "precision": 0.9097862180910611,
        "recall": 0.9124330721403423,
        "loss": 0.055722301041609364
    },
    "epoch_08": {
        "dsc": 0.8930459456485615,
        "iou": 0.8336672955437711,
        "accuracy": 0.9914994089226973,
        "precision": 0.9476832799744187,
        "recall": 0.8775265452108887,
        "loss": 0.045745299589869226
    },
    "epoch_09": {
        "dsc": 0.8855182847432923,
        "iou": 0.8271613968046088,
        "accuracy": 0.9909960080866224,
        "precision": 0.8873995192218245,
        "recall": 0.9293139362544343,
        "loss": 0.041081252728441826
    },
    "epoch_10": {
        "dsc": 0.882012165690723,
        "iou": 0.8263503273850994,
        "accuracy": 0.9913644891036184,
        "precision": 0.9302125081681369,
        "recall": 0.8885197147988436,
        "loss": 0.03519743063340062
    },
    "epoch_11": {
        "dsc": 0.9004006830223821,
        "iou": 0.8452183640839761,
        "accuracy": 0.9922228789747806,
        "precision": 0.9309752290708979,
        "recall": 0.906614295223303,
        "loss": 0.03037533080695491
    },
    "epoch_12": {
        "dsc": 0.9009000742644595,
        "iou": 0.8467202515978562,
        "accuracy": 0.9923007041529605,
        "precision": 0.9174711583999166,
        "recall": 0.9178225084355003,
        "loss": 0.02721936209127307
    },
    "epoch_13": {
        "dsc": 0.8982733195288142,
        "iou": 0.8440028460402238,
        "accuracy": 0.9923249040570175,
        "precision": 0.9283783163940699,
        "recall": 0.9039046184012767,
        "loss": 0.025817133143152062
    },
    "epoch_14": {
        "dsc": 0.8847871265913309,
        "iou": 0.8229414423306783,
        "accuracy": 0.9909135999177632,
        "precision": 0.9532608008175565,
        "recall": 0.8577036366128085,
        "loss": 0.02670384251120451
    },
    "epoch_15": {
        "dsc": 0.8970622137973181,
        "iou": 0.8422966071388178,
        "accuracy": 0.9921323327850875,
        "precision": 0.938583094822733,
        "recall": 0.8973351910448911,
        "loss": 0.024009418784101542
    },
    "epoch_16": {
        "dsc": 0.9004842764452884,
        "iou": 0.8469035892110122,
        "accuracy": 0.9923960046600879,
        "precision": 0.9484086768668992,
        "recall": 0.8916652024837962,
        "loss": 0.022170454851890866
    },
    "epoch_17": {
        "dsc": 0.9030322118809349,
        "iou": 0.848717954597975,
        "accuracy": 0.9921747789884869,
        "precision": 0.9226365742976207,
        "recall": 0.9144730358793026,
        "loss": 0.02178158639243951
    },
    "epoch_18": {
        "dsc": 0.9032343615565382,
        "iou": 0.8486156118543524,
        "accuracy": 0.9923105982730261,
        "precision": 0.9551415066970024,
        "recall": 0.8872174714740954,
        "loss": 0.021468488940675007
    },
    "epoch_19": {
        "dsc": 0.9031295044380322,
        "iou": 0.8494261801242828,
        "accuracy": 0.9925238572505483,
        "precision": 0.9230352995688457,
        "recall": 0.9207289072505216,
        "loss": 0.020027019683957883
    },
    "epoch_20": {
        "dsc": 0.886703905829212,
        "iou": 0.8288446246531972,
        "accuracy": 0.9915954804002193,
        "precision": 0.9024886086321714,
        "recall": 0.9136485378993185,
        "loss": 0.021348611255617517
    },
    "epoch_21": {
        "dsc": 0.8987796301381631,
        "iou": 0.8435439085751251,
        "accuracy": 0.9920374177631578,
        "precision": 0.9174564836318032,
        "recall": 0.9191172117726846,
        "loss": 0.020660967602835673
    },
    "epoch_22": {
        "dsc": 0.9000408492590252,
        "iou": 0.8465614167221807,
        "accuracy": 0.9924438904879385,
        "precision": 0.920852598913929,
        "recall": 0.9183861754442518,
        "loss": 0.019241405828659863
    },
    "epoch_23": {
        "dsc": 0.9085670594583477,
        "iou": 0.855905211285541,
        "accuracy": 0.9926563784950657,
        "precision": 0.9421450725772924,
        "recall": 0.9071540628608904,
        "loss": 0.018708932421807396
    },
    "epoch_24": {
        "dsc": 0.8957816132327965,
        "iou": 0.8370123348738019,
        "accuracy": 0.9912250719572367,
        "precision": 0.9543751760532981,
        "recall": 0.8743801038516196,
        "loss": 0.022800562725598484
    },
    "epoch_25": {
        "dsc": 0.8980235635188588,
        "iou": 0.8466721433296539,
        "accuracy": 0.9925142201206139,
        "precision": 0.9258854112081359,
        "recall": 0.9097614408585063,
        "loss": 0.01900266741990651
    },
    "epoch_26": {
        "dsc": 0.9057848270525011,
        "iou": 0.8520722865012654,
        "accuracy": 0.9924747293037278,
        "precision": 0.9468560668460108,
        "recall": 0.8986794132935373,
        "loss": 0.018710423849130933
    },
    "epoch_27": {
        "dsc": 0.8963078025140261,
        "iou": 0.8389624911442137,
        "accuracy": 0.9917233329906798,
        "precision": 0.9362509721203857,
        "recall": 0.8940561957526626,
        "loss": 0.02103611140658981
    },
    "epoch_28": {
        "dsc": 0.8990055908236588,
        "iou": 0.842437680353198,
        "accuracy": 0.9920284231085528,
        "precision": 0.948425280420404,
        "recall": 0.8837732207356837,
        "loss": 0.020296270934570777
    },
    "epoch_29": {
        "dsc": 0.8986416459083555,
        "iou": 0.8423117524699161,
        "accuracy": 0.9916764751233554,
        "precision": 0.956512308957284,
        "recall": 0.8787638105844194,
        "loss": 0.021640495176574116
    },
    "epoch_30": {
        "dsc": 0.900327832029577,
        "iou": 0.8467939422841658,
        "accuracy": 0.992194310238487,
        "precision": 0.9458040730995044,
        "recall": 0.8946937374901356,
        "loss": 0.01959884517188919
    },
    "epoch_31": {
        "dsc": 0.9063380057351632,
        "iou": 0.852489560842514,
        "accuracy": 0.9924739583333334,
        "precision": 0.9312624994077182,
        "recall": 0.9138608888575905,
        "loss": 0.018625990818499735
    },
    "epoch_32": {
        "dsc": 0.9001339867449643,
        "iou": 0.8476688814790625,
        "accuracy": 0.9924859940378289,
        "precision": 0.9321663149616175,
        "recall": 0.9032691309326574,
        "loss": 0.018780522097490336
    },