{
    "dsc": 0.8835443535645803,
    "loss": 0.09874887243906658,
    "iou": 0.8260281740559471,
    "accuracy": 0.9989263194444444,
    "precision": 0.9056546631389193,
    "recall": 0.909572045326233
}