{
    "dsc": 0.9023189921908908,
    "loss": 0.09852523708343505,
    "iou": 0.8447859935230679,
    "accuracy": 0.99902296875,
    "precision": 0.9137417236963907,
    "recall": 0.9219407113393145
}