{
    "dsc": 0.880916506574865,
    "loss": 0.20072474103224902,
    "iou": 0.8197812507027074,
    "accuracy": 0.9988106325383772,
    "precision": 0.9023895740509034,
    "recall": 0.9056138120199504
}