{
    "dsc": 0.9294250132924035,
    "loss": 0.06888858377933502,
    "iou": 0.8869760942459106,
    "accuracy": 0.9984131533668155,
    "precision": 0.9459600802830288,
    "recall": 0.9307648289771308
}