{
    "dsc": 0.8854268445968627,
    "loss": 0.09341611512502035,
    "iou": 0.8271652428309123,
    "accuracy": 0.9989168967013888,
    "precision": 0.8992077761756049,
    "recall": 0.9155322826173571
}