{
    "dsc": 0.9406106148447309,
    "loss": 0.08844047614506313,
    "iou": 0.8914277668226334,
    "accuracy": 0.9988996558779762,
    "precision": 0.9444048856553577,
    "recall": 0.9419848622594561
}