{
    "dsc": 0.8687305207838092,
    "loss": 0.018477527405086312,
    "iou": 0.805476801228105,
    "accuracy": 0.9987988666735198,
    "precision": 0.8930128059889141,
    "recall": 0.8987587928771973
}