{
    "dsc": 0.8891190157996285,
    "loss": 0.14346843759218852,
    "iou": 0.83221131279355,
    "accuracy": 0.9989663395957342,
    "precision": 0.8988414476788232,
    "recall": 0.9200430635421997
}