{
    "dsc": 0.8773005514814141,
    "loss": 0.0988246854982878,
    "iou": 0.8200447931624296,
    "accuracy": 0.9988825298108551,
    "precision": 0.8978338615936146,
    "recall": 0.9076021985003824
}