{
    "dsc": 0.9021957287788391,
    "loss": 0.09801221116383871,
    "iou": 0.844470971107483,
    "accuracy": 0.99903140625,
    "precision": 0.9156887997521295,
    "recall": 0.9179062759081521
}