{
    "dsc": 0.893734829153931,
    "loss": 0.09523360603734067,
    "iou": 0.8363891735411528,
    "accuracy": 0.9989360608552632,
    "precision": 0.900844709078471,
    "recall": 0.9202794595768576
}