{
    "dsc": 0.8966399701018084,
    "loss": 0.09305416408338045,
    "iou": 0.8402623893921837,
    "accuracy": 0.9989719195449561,
    "precision": 0.9142086497524329,
    "recall": 0.9120898941106963
}