{
    "dsc": 0.8891425846961507,
    "loss": 0.1908261493632668,
    "iou": 0.8328301005196155,
    "accuracy": 0.9989184313322369,
    "precision": 0.9087454277172423,
    "recall": 0.9091424793527839
}