{
    "dsc": 0.923980535645234,
    "iou": 0.8737177916786127,
    "accuracy": 0.999173519736842,
    "precision": 0.9334185489437035,
    "recall": 0.9355779724162925,
    "loss": 0.05893566341776597
}