{
    "dsc": 0.8923840181869374,
    "loss": 0.08212393459520842,
    "iou": 0.8335523408755922,
    "accuracy": 0.9989488975123354,
    "precision": 0.9166918267283524,
    "recall": 0.9054053599374337
}