{
    "dsc": 0.9308540683043629,
    "loss": 0.07095287661803396,
    "iou": 0.8867316064081694,
    "accuracy": 0.9983715391995613,
    "precision": 0.9472839271813107,
    "recall": 0.9307661458065635
}