{
    "dsc": 0.9187605450027867,
    "loss": 0.08266230194192184,
    "iou": 0.8678560018539428,
    "accuracy": 0.9978444353070175,
    "precision": 0.9171736890809579,
    "recall": 0.9381552978565818
}