{
    "dsc": 0.8620866306622823,
    "loss": 0.12096682278315225,
    "iou": 0.7929280440542432,
    "accuracy": 0.9888696744791666,
    "precision": 0.9103317653338114,
    "recall": 0.868374169031779
}