{
    "dsc": 0.8785908266173468,
    "loss": 0.12713624397913614,
    "iou": 0.8141094000604416,
    "accuracy": 0.9902561067708332,
    "precision": 0.8831657820277744,
    "recall": 0.9184211123254565
}