{
    "dsc": 0.890279694711953,
    "loss": 0.08896450180756418,
    "iou": 0.8343722614279965,
    "accuracy": 0.9989367290296054,
    "precision": 0.9150815044578755,
    "recall": 0.9094698912218998
}