{
    "epoch_01": {
        "dsc": 0.6730083737143858,
        "iou": 0.5709518654779954,
        "accuracy": 0.9260764817290552,
        "precision": 0.7109725695375663,
        "recall": 0.6757926522304242,
        "loss": 0.39148070372362187
    },
    "epoch_02": {
        "dsc": 0.8396440026700603,
        "iou": 0.7663209159956471,
        "accuracy": 0.9691986007826426,
        "precision": 0.8566643541509454,
        "recall": 0.8479597589761392,
        "loss": 0.2511369038552524
    },
    "epoch_03": {
        "dsc": 0.8651258501352049,
        "iou": 0.7999896789085844,
        "accuracy": 0.9750562872521167,
        "precision": 0.8825323564430395,
        "recall": 0.8716474851716223,
        "loss": 0.18411521577739462
    },
    "epoch_04": {
        "dsc": 0.8837295128381188,
        "iou": 0.8228728910924704,
        "accuracy": 0.9783595055564839,
        "precision": 0.8965409945251683,
        "recall": 0.8890983636047751,
        "loss": 0.13848109252471974
    },
    "epoch_05": {
        "dsc": 0.890901533465122,
        "iou": 0.8336478670969366,
        "accuracy": 0.9799170444100935,
        "precision": 0.9028173232461042,
        "recall": 0.895273581014385,
        "loss": 0.10912399956169613
    },
    "epoch_06": {
        "dsc": 0.8985861891518726,
        "iou": 0.8433733515029709,
        "accuracy": 0.9812662586341355,
        "precision": 0.9114169834344357,
        "recall": 0.9009184276356417,
        "loss": 0.08830211265759672
    },
    "epoch_07": {
        "dsc": 0.9046775626944986,
        "iou": 0.8516952734898756,
        "accuracy": 0.982182852189171,
        "precision": 0.9176147428744617,
        "recall": 0.9090894633860935,
        "loss": 0.07498540697410144
    },
    "epoch_08": {
        "dsc": 0.9091039465179205,
        "iou": 0.8576499274707733,
        "accuracy": 0.9832053183489305,
        "precision": 0.9174754948433284,
        "recall": 0.9118106032650313,
        "loss": 0.06419155226751445
    },
    "epoch_09": {
        "dsc": 0.9138655928685704,
        "iou": 0.8643618978281074,
        "accuracy": 0.9841484148702094,
        "precision": 0.923027306954491,
        "recall": 0.9168566142386506,
        "loss": 0.05633351296425503
    },
    "epoch_10": {
        "dsc": 0.9142177266976836,
        "iou": 0.8637559428253275,
        "accuracy": 0.9836942436775847,
        "precision": 0.924517606934549,
        "recall": 0.9171452572213986,
        "loss": 0.05306289357974886
    },
    "epoch_11": {
        "dsc": 0.9209091815294005,
        "iou": 0.871630973622548,
        "accuracy": 0.9846965083973931,
        "precision": 0.9316316311265908,
        "recall": 0.925881854831216,
        "loss": 0.04816132598621323
    },
    "epoch_12": {
        "dsc": 0.9215775341486124,
        "iou": 0.8732893554603353,
        "accuracy": 0.9851217395694072,
        "precision": 0.9282549513427545,
        "recall": 0.9252977961418677,
        "loss": 0.044767803203732894
    },
    "epoch_13": {
        "dsc": 0.9229220127464404,
        "iou": 0.8748967188564851,
        "accuracy": 0.985248718805704,
        "precision": 0.9315111349185734,
        "recall": 0.9259552322394494,
        "loss": 0.04282817674830636
    },
    "epoch_14": {
        "dsc": 0.926419165098306,
        "iou": 0.8797701806520609,
        "accuracy": 0.9858941117284982,
        "precision": 0.9365470135275693,
        "recall": 0.9308809379311593,
        "loss": 0.04002014244284063
    },
    "epoch_15": {
        "dsc": 0.9271181682639368,
        "iou": 0.8796830449831039,
        "accuracy": 0.985782503342246,
        "precision": 0.9387910000568191,
        "recall": 0.9304411425628764,
        "loss": 0.03899947471199507
    },
    "epoch_16": {
        "dsc": 0.9310350248626633,
        "iou": 0.8855193636634133,
        "accuracy": 0.9864294803503787,
        "precision": 0.939032770467527,
        "recall": 0.9331938117051931,
        "loss": 0.036787044132417214
    },
    "epoch_17": {
        "dsc": 0.9314270740418085,
        "iou": 0.8858674054371058,
        "accuracy": 0.9863259316510696,
        "precision": 0.9370781884473913,
        "recall": 0.9349640282717618,
        "loss": 0.03664387290410817
    },
    "epoch_18": {
        "dsc": 0.934235822655088,
        "iou": 0.889148468427267,
        "accuracy": 0.986837991588681,
        "precision": 0.9421206990559047,
        "recall": 0.9374324204449985,
        "loss": 0.03466410556917682
    },
    "epoch_19": {
        "dsc": 0.9346620263050373,
        "iou": 0.8900077062494616,
        "accuracy": 0.9868841215463459,
        "precision": 0.9448278629206082,
        "recall": 0.935969765067313,
        "loss": 0.034267176495476524
    },
    "epoch_20": {
        "dsc": 0.9370270201972886,
        "iou": 0.8929226294345821,
        "accuracy": 0.9871734608260918,
        "precision": 0.943371354896117,
        "recall": 0.9395551144439269,
        "loss": 0.03299658625999236
    },
    "epoch_21": {
        "dsc": 0.9361683585533271,
        "iou": 0.8920331467175442,
        "accuracy": 0.9870381607898842,
        "precision": 0.9441464081698773,
        "recall": 0.9405170906461283,
        "loss": 0.03313918435637326
    },
    "epoch_22": {
        "dsc": 0.9357603393136499,
        "iou": 0.8922021139326792,
        "accuracy": 0.9872309404940954,
        "precision": 0.9441526764323155,
        "recall": 0.9376998816263229,
        "loss": 0.03274231441418596
    },
    "epoch_23": {
        "dsc": 0.9382567899218641,
        "iou": 0.8954746649333286,
        "accuracy": 0.9876030177696079,
        "precision": 0.9453000789126398,
        "recall": 0.9400097294818484,
        "loss": 0.03137010947507333
    },
    "epoch_24": {
        "dsc": 0.9386464072102532,
        "iou": 0.8952753203862915,
        "accuracy": 0.9875076680174911,
        "precision": 0.9417373224588215,
        "recall": 0.9416094375591653,
        "loss": 0.03141428385786513
    },
    "epoch_25": {
        "dsc": 0.9402919588560726,
        "iou": 0.8988602812702431,
        "accuracy": 0.9879539971173128,
        "precision": 0.9468249314715306,
        "recall": 0.9416190635499256,
        "loss": 0.03017053266558896
    },
    "epoch_26": {
        "dsc": 0.9398272620271659,
        "iou": 0.8978201816532487,
        "accuracy": 0.987828079740419,
        "precision": 0.9472362033079865,
        "recall": 0.9429510289972479,
        "loss": 0.030181905000724575
    },
    "epoch_27": {
        "dsc": 0.9395616464117632,
        "iou": 0.89801948279833,
        "accuracy": 0.9879306884330437,
        "precision": 0.9486825377439646,
        "recall": 0.9423424776862649,
        "loss": 0.029830186911684306
    },
    "epoch_28": {
        "dsc": 0.9441366537263263,
        "iou": 0.903320985363129,
        "accuracy": 0.988362743357286,
        "precision": 0.9489544813326973,
        "recall": 0.9455802746103834,
        "loss": 0.028311080097614284
    },
    "epoch_29": {
        "dsc": 0.9414219592238069,
        "iou": 0.8997717847692351,
        "accuracy": 0.9880918473568405,
        "precision": 0.9489917235578446,
        "recall": 0.9435394335664318,
        "loss": 0.029289073193754584
    },
    "epoch_30": {
        "dsc": 0.9444230841655358,
        "iou": 0.9043270199694098,
        "accuracy": 0.9886208622298351,
        "precision": 0.9551186947261586,
        "recall": 0.945042540470334,
        "loss": 0.027624529131493946
    },
    "epoch_31": {
        "dsc": 0.9460087258654268,
        "iou": 0.9052125388181995,
        "accuracy": 0.9885605277267157,
        "precision": 0.9501565644341569,
        "recall": 0.9467897068264225,
        "loss": 0.02760373961857774
    },
    "epoch_32": {
        "dsc": 0.9425368895505202,
        "iou": 0.9022401127559192,
        "accuracy": 0.9884706874582221,
        "precision": 0.950123049385195,
        "recall": 0.9455332035155644,
        "loss": 0.02809583655194962
    },