{
    "dsc": 0.9270751110712687,
    "loss": 0.07184188858668009,
    "iou": 0.8836053618325128,
    "accuracy": 0.9983612065972223,
    "precision": 0.9489949287308587,
    "recall": 0.9267481659783258
}