{
    "dsc": 0.8601417269623071,
    "loss": 0.1187828540802002,
    "iou": 0.7991331658865276,
    "accuracy": 0.9986989189281799,
    "precision": 0.8940352314396909,
    "recall": 0.8864186845327678
}