{
    "dsc": 0.8908792328416256,
    "loss": 0.1278375129950674,
    "iou": 0.831036324877488,
    "accuracy": 0.9989321760211075,
    "precision": 0.9004450565890263,
    "recall": 0.920820280961823
}