{
    "dsc": 0.9206306779649523,
    "loss": 0.04379943625628948,
    "iou": 0.8720706579950119,
    "accuracy": 0.9848810026041666,
    "precision": 0.9346146572430929,
    "recall": 0.9206821350521512
}