{
    "epoch_01": {
        "dsc": 0.7699637316605624,
        "iou": 0.6829821032051947,
        "accuracy": 0.9499776226186497,
        "precision": 0.7941353463446607,
        "recall": 0.7762698714958369,
        "loss": 0.24112053755371965
    },
    "epoch_02": {
        "dsc": 0.8623924951289852,
        "iou": 0.7955830913707747,
        "accuracy": 0.9736190692541222,
        "precision": 0.8823639237306973,
        "recall": 0.8692843017837367,
        "loss": 0.09342310713096098
    },
    "epoch_03": {
        "dsc": 0.8859600240958989,
        "iou": 0.8260841169884284,
        "accuracy": 0.978591025721368,
        "precision": 0.9034971641559227,
        "recall": 0.8931405301506293,
        "loss": 0.06415580372440624
    },
    "epoch_04": {
        "dsc": 0.9044806244326572,
        "iou": 0.8489780888731681,
        "accuracy": 0.9817578560188279,
        "precision": 0.9131037857443254,
        "recall": 0.9093133551126708,
        "loss": 0.05142098520309689
    },
    "epoch_05": {
        "dsc": 0.9060447203815516,
        "iou": 0.8522795100369341,
        "accuracy": 0.9820880159592247,
        "precision": 0.916686927730387,
        "recall": 0.9139408570134917,
        "loss": 0.04849229029872838
    },
    "epoch_06": {
        "dsc": 0.9168052616497625,
        "iou": 0.8649901296153212,
        "accuracy": 0.983736926944073,
        "precision": 0.9270119881672442,
        "recall": 0.9219608491223552,
        "loss": 0.042927356631081694
    },
    "epoch_07": {
        "dsc": 0.919452243416492,
        "iou": 0.8686787082868463,
        "accuracy": 0.984042342078877,
        "precision": 0.9308319653313004,
        "recall": 0.9280286968923082,
        "loss": 0.04179641976454519
    },
    "epoch_08": {
        "dsc": 0.91984501433245,
        "iou": 0.8694907608516713,
        "accuracy": 0.9842878230837788,
        "precision": 0.9272632478286452,
        "recall": 0.9276668606807416,
        "loss": 0.04056184470932433
    },
    "epoch_09": {
        "dsc": 0.9253580917117855,
        "iou": 0.8768086975802287,
        "accuracy": 0.9851829966716797,
        "precision": 0.932028002173718,
        "recall": 0.931837221252302,
        "loss": 0.038245495642849146
    },
    "epoch_10": {
        "dsc": 0.9240055537372561,
        "iou": 0.8746419276995667,
        "accuracy": 0.9849185675690731,
        "precision": 0.9314547786206909,
        "recall": 0.9298691036654454,
        "loss": 0.03920923277018542
    },
    "epoch_11": {
        "dsc": 0.9253815271212668,
        "iou": 0.8758930994227608,
        "accuracy": 0.9849493266766935,
        "precision": 0.9324039961352492,
        "recall": 0.932824925624113,
        "loss": 0.03848595197566531
    },
    "epoch_12": {
        "dsc": 0.9332395066870726,
        "iou": 0.8864376814820124,
        "accuracy": 0.9863324246602049,
        "precision": 0.9366992084631521,
        "recall": 0.9381726688560955,
        "loss": 0.03464237491993662
    },
    "epoch_13": {
        "dsc": 0.9308056603990987,
        "iou": 0.884064824664019,
        "accuracy": 0.9860643312722817,
        "precision": 0.9360063753876032,
        "recall": 0.9348281575715478,
        "loss": 0.03536347652421916
    },
    "epoch_14": {
        "dsc": 0.9319027148572306,
        "iou": 0.8864930178073638,
        "accuracy": 0.986437383369541,
        "precision": 0.9369023533640909,
        "recall": 0.9366618903775478,
        "loss": 0.03449417008236449
    },
    "epoch_15": {
        "dsc": 0.9354100350602638,
        "iou": 0.8900887389765278,
        "accuracy": 0.9866977129985516,
        "precision": 0.9395933861507237,
        "recall": 0.939742538168256,
        "loss": 0.033357322056663224
    },
    "epoch_16": {
        "dsc": 0.9343049091663803,
        "iou": 0.8898760302925279,
        "accuracy": 0.9868595072972371,
        "precision": 0.9429922649460893,
        "recall": 0.9383441403694119,
        "loss": 0.032931611141100284
    },
    "epoch_17": {
        "dsc": 0.9351362245499345,
        "iou": 0.8911412727492802,
        "accuracy": 0.9869043665051249,
        "precision": 0.9430793265607905,
        "recall": 0.9399069691086835,
        "loss": 0.03293020677638245
    },
    "epoch_18": {
        "dsc": 0.9355113637532356,
        "iou": 0.8905214890439243,
        "accuracy": 0.9867240680007799,
        "precision": 0.9400405138996619,
        "recall": 0.9402132852404724,
        "loss": 0.03333489466358952
    },
    "epoch_19": {
        "dsc": 0.9362683295141141,
        "iou": 0.8912038354206425,
        "accuracy": 0.9868800046652184,
        "precision": 0.9404411395072088,
        "recall": 0.9406289672362826,
        "loss": 0.0329487525813162
    },
    "epoch_20": {
        "dsc": 0.9388895021509147,
        "iou": 0.8964198036202349,
        "accuracy": 0.9876676432291666,
        "precision": 0.9453082154247638,
        "recall": 0.9425782450273926,
        "loss": 0.030524239058601348
    },
    "epoch_21": {
        "dsc": 0.9401114548485123,
        "iou": 0.8980870032267987,
        "accuracy": 0.9877688158004679,
        "precision": 0.9453776559515221,
        "recall": 0.9457530486073723,
        "loss": 0.029911079658145573
    },
    "epoch_22": {
        "dsc": 0.9401067022015067,
        "iou": 0.8973001736795625,
        "accuracy": 0.9875335878314394,
        "precision": 0.9462122765241884,
        "recall": 0.9432575102370903,
        "loss": 0.030704549767754295
    },
    "epoch_23": {
        "dsc": 0.938638541840827,
        "iou": 0.8958900958671502,
        "accuracy": 0.9874603369401738,
        "precision": 0.942677382957489,
        "recall": 0.9427263150771885,
        "loss": 0.03083315300431481
    },
    "epoch_24": {
        "dsc": 0.9413685712053602,
        "iou": 0.8989182703210283,
        "accuracy": 0.9877761530748663,
        "precision": 0.9461221425078559,
        "recall": 0.944651357311616,
        "loss": 0.029896726637560735
    },
    "epoch_25": {
        "dsc": 0.9438560603986663,
        "iou": 0.9020335028303285,
        "accuracy": 0.9880737435243984,
        "precision": 0.9480508672681084,
        "recall": 0.9481723034445615,
        "loss": 0.029012385705974014
    },
    "epoch_26": {
        "dsc": 0.9429532294286126,
        "iou": 0.9015166270222893,
        "accuracy": 0.9881314059714795,
        "precision": 0.9485803432961836,
        "recall": 0.9474446542972763,
        "loss": 0.028794518736674185
    },
    "epoch_27": {
        "dsc": 0.9426817485992921,
        "iou": 0.901210483117112,
        "accuracy": 0.9881285076175357,
        "precision": 0.9461874602206464,
        "recall": 0.9474389895185854,
        "loss": 0.029027419812220304
    },
    "epoch_28": {
        "dsc": 0.9458177798890812,
        "iou": 0.9052961978151624,
        "accuracy": 0.9885373234876336,
        "precision": 0.9506453244868872,
        "recall": 0.9479800149824955,
        "loss": 0.02743639833079701
    },
    "epoch_29": {
        "dsc": 0.945807098386122,
        "iou": 0.9058515815705114,
        "accuracy": 0.9887328622855392,
        "precision": 0.9489950446840276,
        "recall": 0.9494903902000285,
        "loss": 0.026993634408329897
    },
    "epoch_30": {
        "dsc": 0.947663306499335,
        "iou": 0.9084741748909262,
        "accuracy": 0.9889883526208779,
        "precision": 0.951881920005761,
        "recall": 0.9511784402763143,
        "loss": 0.026291622411718663
    },
    "epoch_31": {
        "dsc": 0.9473443601326933,
        "iou": 0.9084212584504043,
        "accuracy": 0.9890733274844029,
        "precision": 0.9532208977111096,
        "recall": 0.9501803693180628,
        "loss": 0.025822814372193845
    },
    "epoch_32": {
        "dsc": 0.9438105442838447,
        "iou": 0.9036483894535564,
        "accuracy": 0.9885808162043227,
        "precision": 0.9506119441061733,
        "recall": 0.9476610926808307,
        "loss": 0.02759885719484266
    },