{
    "epoch_01": {
        "dsc": 0.26280325543985034,
        "iou": 0.1680229340075401,
        "accuracy": 0.8686628118146927,
        "precision": 0.16878567405960015,
        "recall": 0.870649327416169,
        "loss": 0.924189313461906
    },
    "epoch_02": {
        "dsc": 0.6623307587807638,
        "iou": 0.5188556746432657,
        "accuracy": 0.9838714535361843,
        "precision": 0.5217703919661673,
        "recall": 0.9801085597590398,
        "loss": 0.8922138245482194
    },
    "epoch_03": {
        "dsc": 0.7646256430107251,
        "iou": 0.6461550022426404,
        "accuracy": 0.9910510296737939,
        "precision": 0.6481903870900473,
        "recall": 0.98378586769104,
        "loss": 0.8656363204905861
    },
    "epoch_04": {
        "dsc": 0.7828477265542013,
        "iou": 0.675408867367527,
        "accuracy": 0.9916984049479166,
        "precision": 0.6823097848055655,
        "recall": 0.9766323056137353,
        "loss": 0.8224826862937525
    },
    "epoch_05": {
        "dsc": 0.7945618972443699,
        "iou": 0.6985622974864223,
        "accuracy": 0.9922514134457238,
        "precision": 0.7118852008853043,
        "recall": 0.9665153587073609,
        "loss": 0.751454947810424
    },
    "epoch_06": {
        "dsc": 0.8325490683840032,
        "iou": 0.7521125885478237,
        "accuracy": 0.9943812277275217,
        "precision": 0.7735318978627522,
        "recall": 0.9521209239959716,
        "loss": 0.6522234474357805
    },
    "epoch_07": {
        "dsc": 0.8642822516591927,
        "iou": 0.7933995589875337,
        "accuracy": 0.9961272872121713,
        "precision": 0.8228440828490676,
        "recall": 0.9535986155794378,
        "loss": 0.5363868223993402
    },
    "epoch_08": {
        "dsc": 0.8951422800097548,
        "iou": 0.8377257129602264,
        "accuracy": 0.9974021038925438,
        "precision": 0.8686791043532524,
        "recall": 0.9560222659194678,
        "loss": 0.39941582397410746
    },
    "epoch_09": {
        "dsc": 0.9081426896547016,
        "iou": 0.8549096400277658,
        "accuracy": 0.9978457116913377,
        "precision": 0.8912435908066598,
        "recall": 0.9498187759466338,
        "loss": 0.2900612181738803
    },
    "epoch_10": {
        "dsc": 0.9127563510024758,
        "iou": 0.8619842964306212,
        "accuracy": 0.9979268691748902,
        "precision": 0.9061934387474729,
        "recall": 0.946165076473303,
        "loss": 0.21483082677188672
    },
    "epoch_11": {
        "dsc": 0.9162198577010842,
        "iou": 0.8655584368789405,
        "accuracy": 0.9980288942571272,
        "precision": 0.9118029611152513,
        "recall": 0.9424004554748537,
        "loss": 0.1720157077437953
    },
    "epoch_12": {
        "dsc": 0.9216974818915652,
        "iou": 0.8730625353361431,
        "accuracy": 0.9981701788651316,
        "precision": 0.9187384011452657,
        "recall": 0.9431384580177173,
        "loss": 0.1426024389894385
    },
    "epoch_13": {
        "dsc": 0.9256898093641849,
        "iou": 0.8779253164927165,
        "accuracy": 0.9982051637883773,
        "precision": 0.9249186900624057,
        "recall": 0.9432579007065086,
        "loss": 0.12381433028923838
    },
    "epoch_14": {
        "dsc": 0.9228701633319522,
        "iou": 0.8749910312786436,
        "accuracy": 0.9981952268366229,
        "precision": 0.9238245445385315,
        "recall": 0.9428688116240921,
        "loss": 0.11551859661152489
    },
    "epoch_15": {
        "dsc": 0.9200594082213286,
        "iou": 0.8695536655292176,
        "accuracy": 0.9980487167626094,
        "precision": 0.9177825768788656,
        "recall": 0.9402101650572661,
        "loss": 0.11125196124378003
    },
    "epoch_16": {
        "dsc": 0.9308670612803674,
        "iou": 0.8839840136076275,
        "accuracy": 0.9982750222724781,
        "precision": 0.92778150993481,
        "recall": 0.9492351983722889,
        "loss": 0.09570430454454924
    },
    "epoch_17": {
        "dsc": 0.9350323334074857,
        "iou": 0.890909235100997,
        "accuracy": 0.9983964158442978,
        "precision": 0.9353289662745959,
        "recall": 0.9488579356879518,
        "loss": 0.08741239026973122
    },
    "epoch_18": {
        "dsc": 0.9362619366562157,
        "iou": 0.8936843913898133,
        "accuracy": 0.9984240508497807,
        "precision": 0.9379998232188977,
        "recall": 0.9500185966491698,
        "loss": 0.08261824909009431
    },
    "epoch_19": {
        "dsc": 0.9384140809377033,
        "iou": 0.8961742041403787,
        "accuracy": 0.998460783305921,
        "precision": 0.9383189510880856,
        "recall": 0.9532347946836237,
        "loss": 0.07822161442355106
    },
    "epoch_20": {
        "dsc": 0.9378364554622719,
        "iou": 0.8946550913024368,
        "accuracy": 0.998444704290022,
        "precision": 0.9385590034618712,
        "recall": 0.9500967594615201,
        "loss": 0.07670035330872786
    },
    "epoch_21": {
        "dsc": 0.9354229893600733,
        "iou": 0.8919430398104482,
        "accuracy": 0.9984271689967104,
        "precision": 0.9373003800710041,
        "recall": 0.9496408504352237,
        "loss": 0.07722651017339606
    },
    "epoch_22": {
        "dsc": 0.9416825537095991,
        "iou": 0.9006356732887135,
        "accuracy": 0.9985158905564694,
        "precision": 0.9446055830570691,
        "recall": 0.9515059337281344,
        "loss": 0.0696189638815428
    },
    "epoch_23": {
        "dsc": 0.9408698650828576,
        "iou": 0.9002194061613917,
        "accuracy": 0.9985215957373905,
        "precision": 0.9432343725572552,
        "recall": 0.9511848734136212,
        "loss": 0.06904009141420063
    },
    "epoch_24": {
        "dsc": 0.9309208895030773,
        "iou": 0.8839917157825671,
        "accuracy": 0.9982468647203945,
        "precision": 0.9291314861230683,
        "recall": 0.9474715099000095,
        "loss": 0.07815945619031002
    },
    "epoch_25": {
        "dsc": 0.9394421878613922,
        "iou": 0.8974487957201505,
        "accuracy": 0.9984774362664472,
        "precision": 0.9402709224767855,
        "recall": 0.9526438629418088,
        "loss": 0.06875035480449074
    },
    "epoch_26": {
        "dsc": 0.9415040074733266,
        "iou": 0.8990514604668869,
        "accuracy": 0.9984678077028506,
        "precision": 0.941577928944638,
        "recall": 0.9526436939574126,
        "loss": 0.06624235604938708
    },
    "epoch_27": {
        "dsc": 0.9447753387585022,
        "iou": 0.9044464529606333,
        "accuracy": 0.9985648900082237,
        "precision": 0.9439106640062834,
        "recall": 0.9553174010494301,
        "loss": 0.06215974061112655
    },
    "epoch_28": {
        "dsc": 0.9473286954980146,
        "iou": 0.9092939828571521,
        "accuracy": 0.9986352710389254,
        "precision": 0.9480788849947744,
        "recall": 0.9574090857254829,
        "loss": 0.05888226628303528
    },
    "epoch_29": {
        "dsc": 0.9469889707732619,
        "iou": 0.9083198848523589,
        "accuracy": 0.9986111739309212,
        "precision": 0.9454954540520383,
        "recall": 0.9584635056947405,
        "loss": 0.05880883963484513
    },
    "epoch_30": {
        "dsc": 0.9435413452616909,
        "iou": 0.9022765720099732,
        "accuracy": 0.9985279348273027,
        "precision": 0.9441806416762503,
        "recall": 0.9533265916924726,
        "loss": 0.0616534477786014
    },
    "epoch_31": {
        "dsc": 0.9439308141407216,
        "iou": 0.9029814895830656,
        "accuracy": 0.9985260074013156,
        "precision": 0.9452227149093357,
        "recall": 0.9522482721429122,
        "loss": 0.0608423744377337
    },
    "epoch_32": {
        "dsc": 0.9455694131683886,
        "iou": 0.9061645758779424,
        "accuracy": 0.9985841985334429,
        "precision": 0.9461622932501005,
        "recall": 0.9559532065140575,
        "loss": 0.0588065997550362
    },