{
    "dsc": 0.9309083264214653,
    "loss": 0.07208339124917984,
    "iou": 0.8872042668433415,
    "accuracy": 0.9983726876395089,
    "precision": 0.9398887756892613,
    "recall": 0.937471374443599
}