{
    "epoch_01": {
        "dsc": 0.2635512581781337,
        "iou": 0.16917339786887164,
        "accuracy": 0.8674623852110745,
        "precision": 0.16997240107310446,
        "recall": 0.8709993693912237,
        "loss": 0.9242601190742693
    },
    "epoch_02": {
        "dsc": 0.6599274476369222,
        "iou": 0.5180340771089519,
        "accuracy": 0.9838092190926535,
        "precision": 0.5206034852747332,
        "recall": 0.975238955648322,
        "loss": 0.8919726359216791
    },
    "epoch_03": {
        "dsc": 0.7680818766878363,
        "iou": 0.6503599309084709,
        "accuracy": 0.9914229543585527,
        "precision": 0.6533052021997016,
        "recall": 0.9795358975728352,
        "loss": 0.8653522227939806
    },
    "epoch_04": {
        "dsc": 0.7890634503280908,
        "iou": 0.6842473829001711,
        "accuracy": 0.9921622378700662,
        "precision": 0.6916320675297787,
        "recall": 0.9765731008429278,
        "loss": 0.8213973327686912
    },
    "epoch_05": {
        "dsc": 0.7903833426927265,
        "iou": 0.6911670333460758,
        "accuracy": 0.992005919339364,
        "precision": 0.7028418729179786,
        "recall": 0.9610836673201174,
        "loss": 0.7500101735717372
    },
    "epoch_06": {
        "dsc": 0.811101968664872,
        "iou": 0.7268187878424662,
        "accuracy": 0.9922260913514254,
        "precision": 0.7463370632707027,
        "recall": 0.951813218468114,
        "loss": 0.6572473237389013
    },
    "epoch_07": {
        "dsc": 0.8546163876851401,
        "iou": 0.781927714431495,
        "accuracy": 0.995652677837171,
        "precision": 0.807999100601464,
        "recall": 0.9516955752121774,
        "loss": 0.5517913526610324
    },
    "epoch_08": {
        "dsc": 0.8896477163883677,
        "iou": 0.8321512239021167,
        "accuracy": 0.997396921258224,
        "precision": 0.8672522277162787,
        "recall": 0.9447378468095211,
        "loss": 0.41192030279259934
    },
    "epoch_09": {
        "dsc": 0.9064959526062011,
        "iou": 0.8542057171202543,
        "accuracy": 0.997852907415022,
        "precision": 0.894314377767998,
        "recall": 0.9461670741700291,
        "loss": 0.29027505767972844
    },
    "epoch_10": {
        "dsc": 0.9112428029378254,
        "iou": 0.8599515781067965,
        "accuracy": 0.9979549838952851,
        "precision": 0.9061395770625065,
        "recall": 0.9412830879813746,
        "loss": 0.21708248320378756
    },
    "epoch_11": {
        "dsc": 0.9082848540523597,
        "iou": 0.8546255304102314,
        "accuracy": 0.9978470908717106,
        "precision": 0.9071631757836592,
        "recall": 0.9356005191802979,
        "loss": 0.17872532417899684
    },
    "epoch_12": {
        "dsc": 0.9147771601091351,
        "iou": 0.8641665467044762,
        "accuracy": 0.9980023300438597,
        "precision": 0.9136617233878689,
        "recall": 0.9382199914831864,
        "loss": 0.14882645638365494
    },
    "epoch_13": {
        "dsc": 0.9150469336593362,
        "iou": 0.8635720478860954,
        "accuracy": 0.9979842893366225,
        "precision": 0.9152482108065959,
        "recall": 0.9363510382802861,
        "loss": 0.13287628638116936
    },
    "epoch_14": {
        "dsc": 0.9269953794646683,
        "iou": 0.8807424168837699,
        "accuracy": 0.9982803334018642,
        "precision": 0.9277451623950087,
        "recall": 0.9459978438260265,
        "loss": 0.11216594827802558
    },
    "epoch_15": {
        "dsc": 0.9335283647503768,
        "iou": 0.8904420442748489,
        "accuracy": 0.9984106616639254,
        "precision": 0.935522699356079,
        "recall": 0.9481799836744343,
        "loss": 0.09827571950460735
    },
    "epoch_16": {
        "dsc": 0.9327793196627967,
        "iou": 0.8890936742749133,
        "accuracy": 0.9983832922149122,
        "precision": 0.9368074584425542,
        "recall": 0.9463037557769238,
        "loss": 0.09313960138120149
    },
    "epoch_17": {
        "dsc": 0.9305566302517004,
        "iou": 0.8849625528904429,
        "accuracy": 0.998299590529057,
        "precision": 0.9334811453233685,
        "recall": 0.9456486869276615,
        "loss": 0.09143889577765214
    },
    "epoch_18": {
        "dsc": 0.9350501938870079,
        "iou": 0.892369410866185,
        "accuracy": 0.9984089141310308,
        "precision": 0.9370383680912484,
        "recall": 0.9498201679765131,
        "loss": 0.08375741933521472
    },
    "epoch_19": {
        "dsc": 0.9375553683230752,
        "iou": 0.8950516525067781,
        "accuracy": 0.9984492101836623,
        "precision": 0.9382688773305791,
        "recall": 0.9505679230940968,
        "loss": 0.07895815843030025
    },
    "epoch_20": {
        "dsc": 0.9347196662635134,
        "iou": 0.8905862699475207,
        "accuracy": 0.9983889545641448,
        "precision": 0.9366484583469861,
        "recall": 0.9475971255386084,
        "loss": 0.07957323601371363
    },
    "epoch_21": {
        "dsc": 0.9341905259249506,
        "iou": 0.8918644127092863,
        "accuracy": 0.9984422029194078,
        "precision": 0.9382925209246185,
        "recall": 0.9475979403445595,
        "loss": 0.07828820692865472
    },
    "epoch_22": {
        "dsc": 0.9372537194636831,
        "iou": 0.895436724445276,
        "accuracy": 0.9984686300712721,
        "precision": 0.9434578100840249,
        "recall": 0.946588959610253,
        "loss": 0.07368591584657368
    },
    "epoch_23": {
        "dsc": 0.9398066529056484,
        "iou": 0.8995897887045877,
        "accuracy": 0.9985297508908992,
        "precision": 0.9443700455782705,
        "recall": 0.950290387973451,
        "loss": 0.06995994950595655
    },
    "epoch_24": {
        "dsc": 0.9402644542225618,
        "iou": 0.9007305563541881,
        "accuracy": 0.9985482456140351,
        "precision": 0.9423199201885023,
        "recall": 0.9546038435216536,
        "loss": 0.06861224456837303
    },
    "epoch_25": {
        "dsc": 0.939265170850252,
        "iou": 0.898625544497841,
        "accuracy": 0.998523591694079,
        "precision": 0.9440050852926154,
        "recall": 0.9505667234721935,
        "loss": 0.0686737691101275
    },
    "epoch_26": {
        "dsc": 0.9402305644855162,
        "iou": 0.8988838931970428,
        "accuracy": 0.9985036492598683,
        "precision": 0.9415656876145748,
        "recall": 0.9524770075814765,
        "loss": 0.06721587086978711
    },
    "epoch_27": {
        "dsc": 0.9381709441804051,
        "iou": 0.895998410174721,
        "accuracy": 0.998458556058114,
        "precision": 0.9432557198039272,
        "recall": 0.9468685066490842,
        "loss": 0.0684178440194381
    },
    "epoch_28": {
        "dsc": 0.9450544081236187,
        "iou": 0.9069298175343296,
        "accuracy": 0.998619106359649,
        "precision": 0.9483988126118978,
        "recall": 0.9535901906197533,
        "loss": 0.06103026866912842
    },
    "epoch_29": {
        "dsc": 0.9460891313720167,
        "iou": 0.9082837364129854,
        "accuracy": 0.998637943736294,
        "precision": 0.9498766505927371,
        "recall": 0.9545820738139907,
        "loss": 0.05953177182297958
    },
    "epoch_30": {
        "dsc": 0.9458392921246981,
        "iou": 0.9079024122472393,
        "accuracy": 0.998634971217105,
        "precision": 0.9505720682311476,
        "recall": 0.95367131316871,
        "loss": 0.05925254602181284
    },
    "epoch_31": {
        "dsc": 0.9484984916553164,
        "iou": 0.9126324310637355,
        "accuracy": 0.9987053008497808,
        "precision": 0.9556843498296904,
        "recall": 0.9535919465516742,
        "loss": 0.056101057090257346
    },
    "epoch_32": {
        "dsc": 0.9491518447273656,
        "iou": 0.9141849936100472,
        "accuracy": 0.9987387095668859,
        "precision": 0.9548225712357906,
        "recall": 0.9558217349805331,
        "loss": 0.05503340928178085
    },