{
    "epoch_01": {
        "dsc": 0.3874853081173367,
        "iou": 0.2662990093231201,
        "accuracy": 0.9828396674262153,
        "precision": 0.5521619558334351,
        "recall": 0.33492481178707545,
        "loss": 0.9434972256422043
    },
    "epoch_02": {
        "dsc": 0.772366910510593,
        "iou": 0.6480037914382086,
        "accuracy": 0.99093505859375,
        "precision": 0.6510109980901082,
        "recall": 0.9780735704633925,
        "loss": 0.8865612521767616
    },
    "epoch_03": {
        "dsc": 0.7983548521995544,
        "iou": 0.6818591157595317,
        "accuracy": 0.9922197808159723,
        "precision": 0.6879091646936204,
        "recall": 0.9798801210191515,
        "loss": 0.8386721462011337
    },
    "epoch_04": {
        "dsc": 0.8236393517918057,
        "iou": 0.7272395491600037,
        "accuracy": 0.994342502170139,
        "precision": 0.7543289926317003,
        "recall": 0.9431145350138346,
        "loss": 0.7823562249541283
    },
    "epoch_05": {
        "dsc": 0.7242083337571886,
        "iou": 0.59746765560574,
        "accuracy": 0.9872592773437501,
        "precision": 0.6014261404673258,
        "recall": 0.960746709505717,
        "loss": 0.7176261618733406
    },
    "epoch_06": {
        "dsc": 0.8604164494408502,
        "iou": 0.7981601476669311,
        "accuracy": 0.9968515896267361,
        "precision": 0.8536277956432766,
        "recall": 0.9075442738003201,
        "loss": 0.6178184673190117
    },
    "epoch_07": {
        "dsc": 0.8732420126597087,
        "iou": 0.8155669079886543,
        "accuracy": 0.9972806532118057,
        "precision": 0.9091678910785251,
        "recall": 0.8915617386500041,
        "loss": 0.5779232233762741
    },
    "epoch_08": {
        "dsc": 0.9083227819866604,
        "iou": 0.8540703905953302,
        "accuracy": 0.997775621202257,
        "precision": 0.9095464203092787,
        "recall": 0.9372107452816433,
        "loss": 0.32079772651195526
    },
    "epoch_09": {
        "dsc": 0.9025366067886352,
        "iou": 0.8505459600024754,
        "accuracy": 0.9977847222222223,
        "precision": 0.9700690507888794,
        "recall": 0.8780293676588271,
        "loss": 0.284336619079113
    },
    "epoch_10": {
        "dsc": 0.9207573493321737,
        "iou": 0.8738757981194389,
        "accuracy": 0.9981303304036458,
        "precision": 0.9314734644360012,
        "recall": 0.9314939737319947,
        "loss": 0.17753804475069046
    },
    "epoch_11": {
        "dsc": 0.9042536788516574,
        "iou": 0.8482754574881659,
        "accuracy": 0.9976161024305557,
        "precision": 0.9561111688613892,
        "recall": 0.8888660430908203,
        "loss": 0.18392859399318695
    },
    "epoch_12": {
        "dsc": 0.9292069090737236,
        "iou": 0.8826279269324409,
        "accuracy": 0.9981841634114583,
        "precision": 0.9382810062832302,
        "recall": 0.9406258344650269,
        "loss": 0.11604925245046616
    },
    "epoch_13": {
        "dsc": 0.9355131652620104,
        "iou": 0.8890498956044515,
        "accuracy": 0.9982900119357638,
        "precision": 0.9570162349277073,
        "recall": 0.928411168522305,
        "loss": 0.11002954095602036
    },
    "epoch_14": {
        "dsc": 0.9437997765011258,
        "iou": 0.8965891228781806,
        "accuracy": 0.9983069525824653,
        "precision": 0.9655260774824355,
        "recall": 0.9280509286456637,
        "loss": 0.0869949534535408
    },
    "epoch_15": {
        "dsc": 0.939307525422838,
        "iou": 0.8970079448488024,
        "accuracy": 0.9984572347005208,
        "precision": 0.962363878885905,
        "recall": 0.932792517873976,
        "loss": 0.0911710262298584
    },
    "epoch_16": {
        "dsc": 0.940438946088155,
        "iou": 0.8920041057798598,
        "accuracy": 0.9981917046440972,
        "precision": 0.9239268064498901,
        "recall": 0.9658485147688124,
        "loss": 0.0799446776509285
    },
    "epoch_17": {
        "dsc": 0.9468829525841607,
        "iou": 0.9030521604749892,
        "accuracy": 0.9984242214626736,
        "precision": 0.9463709539837307,
        "recall": 0.9547164916992188,
        "loss": 0.07294341176748276
    },
    "epoch_18": {
        "dsc": 0.9427620490392049,
        "iou": 0.8988568305969238,
        "accuracy": 0.9984100206163196,
        "precision": 0.9716710779401991,
        "recall": 0.9249943653742472,
        "loss": 0.07512575387954712
    },
    "epoch_19": {
        "dsc": 0.9230910009808011,
        "iou": 0.8767864253785875,
        "accuracy": 0.9982128770616319,
        "precision": 0.9528103431065877,
        "recall": 0.9175180302725898,
        "loss": 0.09161816537380219
    },
    "epoch_20": {
        "dsc": 0.939709316359626,
        "iou": 0.8938054905997382,
        "accuracy": 0.9983517388237848,
        "precision": 0.9659856213463678,
        "recall": 0.9253129985597399,
        "loss": 0.07335837185382843
    },
    "epoch_21": {
        "dsc": 0.943693666987949,
        "iou": 0.90185387134552,
        "accuracy": 0.9985052218967014,
        "precision": 0.9655954307980008,
        "recall": 0.9343821711010404,
        "loss": 0.07051469385623932
    },
    "epoch_22": {
        "dsc": 0.9484112289216784,
        "iou": 0.9046964830822415,
        "accuracy": 0.998428955078125,
        "precision": 0.9390462001164754,
        "recall": 0.9633587492836846,
        "loss": 0.06043987721204758
    },
    "epoch_23": {
        "dsc": 0.9443582269880506,
        "iou": 0.8989848136901856,
        "accuracy": 0.9983280300564236,
        "precision": 0.9297605302598742,
        "recall": 0.9678730673260159,
        "loss": 0.062112875282764435
    },
    "epoch_24": {
        "dsc": 0.9491708490583631,
        "iou": 0.9058013253741795,
        "accuracy": 0.9984442274305555,
        "precision": 0.9376357528898451,
        "recall": 0.9667602565553453,
        "loss": 0.057391613721847534
    },
    "epoch_25": {
        "dsc": 0.9467029174168905,
        "iou": 0.9048342890209622,
        "accuracy": 0.998536390516493,
        "precision": 0.9570993211534289,
        "recall": 0.9456810474395752,
        "loss": 0.0604528933763504
    },
    "epoch_26": {
        "dsc": 0.9308424313863118,
        "iou": 0.8769535885916815,
        "accuracy": 0.9978218044704861,
        "precision": 0.9371471934848362,
        "recall": 0.932162011994256,
        "loss": 0.07591436803340912
    },
    "epoch_27": {
        "dsc": 0.9518251736958822,
        "iou": 0.9097137610117594,
        "accuracy": 0.9984946831597221,
        "precision": 0.9418079376220703,
        "recall": 0.9662863122092353,
        "loss": 0.05274724215269089
    },
    "epoch_28": {
        "dsc": 0.9505696164237128,
        "iou": 0.9096162531110976,
        "accuracy": 0.9985665147569444,
        "precision": 0.9603866656621297,
        "recall": 0.9470675283008152,
        "loss": 0.05604162812232971
    },
    "epoch_29": {
        "dsc": 0.9487096892462836,
        "iou": 0.9079021347893609,
        "accuracy": 0.9985909288194444,
        "precision": 0.9656961997350056,
        "recall": 0.9406392574310303,
        "loss": 0.05628252774477005
    },
    "epoch_30": {
        "dsc": 0.9494470967186822,
        "iou": 0.90943853325314,
        "accuracy": 0.9986143527560764,
        "precision": 0.9598764128155178,
        "recall": 0.9481059630711873,
        "loss": 0.05603792518377304
    },
    "epoch_31": {
        "dsc": 0.9553976164923774,
        "iou": 0.9175898631413777,
        "accuracy": 0.9986893174913194,
        "precision": 0.9548793103959825,
        "recall": 0.9608911249372695,
        "loss": 0.048889197409152985
    },
    "epoch_32": {
        "dsc": 0.9554298639297485,
        "iou": 0.9171305762396917,
        "accuracy": 0.9986996799045139,
        "precision": 0.9616891172197131,
        "recall": 0.9537780390845405,
        "loss": 0.04852718114852905
    },