{
    "dsc": 0.8800022533469732,
    "loss": 0.09757788880666098,
    "iou": 0.8228364357153575,
    "accuracy": 0.9989395095486111,
    "precision": 0.9245127426783245,
    "recall": 0.8852655278576744
}