{
    "dsc": 0.8900915254626357,
    "loss": 0.08487859274211683,
    "iou": 0.832523883225625,
    "accuracy": 0.9989616956208882,
    "precision": 0.9121110422569408,
    "recall": 0.9108071295838608
}