{
    "epoch_01": {
        "dsc": 0.40462772013642784,
        "iou": 0.28928227497035647,
        "accuracy": 0.9406815222537879,
        "precision": 0.2922924462948227,
        "recall": 0.9796931324476864,
        "loss": 0.9610833742401816
    },
    "epoch_02": {
        "dsc": 0.5046933202501287,
        "iou": 0.3793784583820804,
        "accuracy": 0.977645944741533,
        "precision": 0.38321314216217894,
        "recall": 0.9785133713919423,
        "loss": 0.936594385992397
    },
    "epoch_03": {
        "dsc": 0.5806689150482017,
        "iou": 0.46826079577197605,
        "accuracy": 0.9821129000250667,
        "precision": 0.48151515326387984,
        "recall": 0.9552679881055087,
        "loss": 0.8488958390320048
    },
    "epoch_04": {
        "dsc": 0.7246363901943232,
        "iou": 0.6271676619847615,
        "accuracy": 0.9937680167947862,
        "precision": 0.6558056567760712,
        "recall": 0.9448194803401111,
        "loss": 0.7097727326467076
    },
    "epoch_05": {
        "dsc": 0.8146429546311996,
        "iou": 0.7353099437628192,
        "accuracy": 0.9977778067903299,
        "precision": 0.7717672490488392,
        "recall": 0.9430349737990136,
        "loss": 0.5536897526705329
    },
    "epoch_06": {
        "dsc": 0.8702731686586151,
        "iou": 0.8056126652341901,
        "accuracy": 0.9987411656779187,
        "precision": 0.8600792461431812,
        "recall": 0.9325052377055673,
        "loss": 0.28725751214486395
    },
    "epoch_07": {
        "dsc": 0.8819139452116588,
        "iou": 0.8186451201982891,
        "accuracy": 0.9988394834141041,
        "precision": 0.875214252614295,
        "recall": 0.9308394605888188,
        "loss": 0.19679294805475736
    },
    "epoch_08": {
        "dsc": 0.8807667188359667,
        "iou": 0.8188033315905913,
        "accuracy": 0.998836680801582,
        "precision": 0.8770567880488547,
        "recall": 0.9273588251515081,
        "loss": 0.16491905890684078
    },
    "epoch_09": {
        "dsc": 0.8948929433091651,
        "iou": 0.8370560845907997,
        "accuracy": 0.998986037419229,
        "precision": 0.8918987694271108,
        "recall": 0.9358721210251093,
        "loss": 0.1375903817102871
    },
    "epoch_10": {
        "dsc": 0.9008144774538948,
        "iou": 0.8443185650941099,
        "accuracy": 0.9990161611519606,
        "precision": 0.8971155307084694,
        "recall": 0.9371146024229692,
        "loss": 0.12774262517531287
    },
    "epoch_11": {
        "dsc": 0.8904917933405402,
        "iou": 0.8295935853492342,
        "accuracy": 0.9988853348512701,
        "precision": 0.8957772644339612,
        "recall": 0.9230883979967359,
        "loss": 0.1305911894788079
    },
    "epoch_12": {
        "dsc": 0.8974610898583968,
        "iou": 0.8380701533932099,
        "accuracy": 0.9989636948529411,
        "precision": 0.8955720003807185,
        "recall": 0.9322316148808084,
        "loss": 0.11943600585753905
    },
    "epoch_13": {
        "dsc": 0.9027628110266838,
        "iou": 0.8460763812915101,
        "accuracy": 0.9990141853971702,
        "precision": 0.902370495857827,
        "recall": 0.934287360273368,
        "loss": 0.11098616900928518
    },
    "epoch_14": {
        "dsc": 0.9081064800527644,
        "iou": 0.8524622922487649,
        "accuracy": 0.999041480406083,
        "precision": 0.9085366935228495,
        "recall": 0.9354361398228563,
        "loss": 0.10303352239297674
    },
    "epoch_15": {
        "dsc": 0.9022148829517943,
        "iou": 0.8451215962675166,
        "accuracy": 0.999002870501894,
        "precision": 0.9005862159949999,
        "recall": 0.9337888862572464,
        "loss": 0.10327877160062127
    },
    "epoch_16": {
        "dsc": 0.9053992274617395,
        "iou": 0.8476682498821999,
        "accuracy": 0.9990028966131906,
        "precision": 0.9058303478258577,
        "recall": 0.9311696304781977,
        "loss": 0.09689841694372861
    },
    "epoch_17": {
        "dsc": 0.9016607763401752,
        "iou": 0.8450723111948227,
        "accuracy": 0.9990255438112744,
        "precision": 0.9058141798684091,
        "recall": 0.9300635896370797,
        "loss": 0.09431790492751381
    },
    "epoch_18": {
        "dsc": 0.9113583933967107,
        "iou": 0.8567667053132559,
        "accuracy": 0.9990843812667112,
        "precision": 0.9111661130094273,
        "recall": 0.9370673566578543,
        "loss": 0.07980485252518067
    },
    "epoch_19": {
        "dsc": 0.8827968451216046,
        "iou": 0.8227543881870208,
        "accuracy": 0.9988303009413992,
        "precision": 0.9101672047174764,
        "recall": 0.8994604715688981,
        "loss": 0.10227535657066712
    },
    "epoch_20": {
        "dsc": 0.866881700840226,
        "iou": 0.8006906858421264,
        "accuracy": 0.9986994050105837,
        "precision": 0.9108393183791488,
        "recall": 0.8750405847335669,
        "loss": 0.1187789395531231
    },
    "epoch_21": {
        "dsc": 0.8798722992925083,
        "iou": 0.8230542695671056,
        "accuracy": 0.9988889991365866,
        "precision": 0.9218276373630325,
        "recall": 0.8904959154639015,
        "loss": 0.09590114151092774
    },
    "epoch_22": {
        "dsc": 0.8878375537786466,
        "iou": 0.8306826330229984,
        "accuracy": 0.9989110805899063,
        "precision": 0.912106437850976,
        "recall": 0.9065736283061764,
        "loss": 0.09366637372715587
    },
    "epoch_23": {
        "dsc": 0.8959455178276953,
        "iou": 0.8393541859220481,
        "accuracy": 0.998990833194073,
        "precision": 0.9072720882301875,
        "recall": 0.9209995209745757,
        "loss": 0.08352994185717985
    },
    "epoch_24": {
        "dsc": 0.8779859362757781,
        "iou": 0.8215207625944134,
        "accuracy": 0.9988970936385918,
        "precision": 0.9185957067684268,
        "recall": 0.8931609709313847,
        "loss": 0.09834907462890136
    },
    "epoch_25": {
        "dsc": 0.868504812373197,
        "iou": 0.8045829076074236,
        "accuracy": 0.9987018246574199,
        "precision": 0.9080171946854515,
        "recall": 0.8842715105164711,
        "loss": 0.10751552329981391
    },
    "epoch_26": {
        "dsc": 0.9010129378653677,
        "iou": 0.844320895731343,
        "accuracy": 0.9989967343471479,
        "precision": 0.9105451561231664,
        "recall": 0.9240312560888111,
        "loss": 0.076572538059663
    },
    "epoch_27": {
        "dsc": 0.854026153232112,
        "iou": 0.7866150260024743,
        "accuracy": 0.9985168174158868,
        "precision": 0.9055739247543927,
        "recall": 0.8628875104288792,
        "loss": 0.12289721012752962
    },
    "epoch_28": {
        "dsc": 0.8833146229362908,
        "iou": 0.8211646764995535,
        "accuracy": 0.9988126235934714,
        "precision": 0.8991712053088746,
        "recall": 0.9071126699235137,
        "loss": 0.09193628372993061
    },
    "epoch_29": {
        "dsc": 0.897802700545911,
        "iou": 0.8417651611322174,
        "accuracy": 0.9989927828375669,
        "precision": 0.9130139840159187,
        "recall": 0.9164360741455501,
        "loss": 0.07582790567913157
    },
    "epoch_30": {
        "dsc": 0.9035136877640472,
        "iou": 0.847262936745523,
        "accuracy": 0.9990171359737077,
        "precision": 0.9133771825282969,
        "recall": 0.9250182680480197,
        "loss": 0.07175453572987235
    }
}