{
    "epoch_01": {
        "dsc": 0.6862090690094128,
        "iou": 0.5610789110263188,
        "accuracy": 0.994398900082237,
        "precision": 0.5900273626310785,
        "recall": 0.946520894243006,
        "loss": 0.9448865181521365
    },
    "epoch_02": {
        "dsc": 0.5567526703602389,
        "iou": 0.4249194553285315,
        "accuracy": 0.9880724455180925,
        "precision": 0.4638989328553802,
        "recall": 0.9459260147914553,
        "loss": 0.8722946432076002
    },
    "epoch_03": {
        "dsc": 0.7123199089577325,
        "iou": 0.6004047438240887,
        "accuracy": 0.9936450195312501,
        "precision": 0.648286037539181,
        "recall": 0.9341039919016655,
        "loss": 0.6856169284958589
    },
    "epoch_04": {
        "dsc": 0.5291339010653788,
        "iou": 0.449791982966034,
        "accuracy": 0.9502702679550437,
        "precision": 0.47926023396614353,
        "recall": 0.9390126905943218,
        "loss": 0.886332874235354
    },
    "epoch_05": {
        "dsc": 0.8868968118178217,
        "iou": 0.8291574073465247,
        "accuracy": 0.9989418003015351,
        "precision": 0.910114552891045,
        "recall": 0.9149568300498161,
        "loss": 0.36275593152171687
    },
    "epoch_06": {
        "dsc": 0.9197161417258414,
        "iou": 0.8586812939560203,
        "accuracy": 0.9989455694901316,
        "precision": 0.9391604013610302,
        "recall": 0.9139730742103174,
        "loss": 0.20650823806461535
    },
    "epoch_07": {
        "dsc": 0.9129798872429027,
        "iou": 0.8549814841203522,
        "accuracy": 0.9989979098135964,
        "precision": 0.9261194896279719,
        "recall": 0.9226889819429632,
        "loss": 0.1541583577269002
    },
    "epoch_08": {
        "dsc": 0.9245394243482957,
        "iou": 0.8687123295507935,
        "accuracy": 0.9991164679276316,
        "precision": 0.9273325926379156,
        "recall": 0.9356298394370498,
        "loss": 0.11956652998924255
    },
    "epoch_09": {
        "dsc": 0.9162265250557349,
        "iou": 0.8656764019999587,
        "accuracy": 0.9991585714775221,
        "precision": 0.9277042014557019,
        "recall": 0.933336650070391,
        "loss": 0.11236094801049483
    },
    "epoch_10": {
        "dsc": 0.928105816506503,
        "iou": 0.8783586323261259,
        "accuracy": 0.9991999897203948,
        "precision": 0.9355752248513071,
        "recall": 0.9377579354403309,
        "loss": 0.09615702142840937
    },
    "epoch_11": {
        "dsc": 0.9198619231843113,
        "iou": 0.8656034788541627,
        "accuracy": 0.9990804036458335,
        "precision": 0.9158699146488254,
        "recall": 0.9450605490751434,
        "loss": 0.09806916823512629
    },
    "epoch_12": {
        "dsc": 0.9263615712784885,
        "iou": 0.8736792693012639,
        "accuracy": 0.999163240131579,
        "precision": 0.9401253702347739,
        "recall": 0.9274050373780099,
        "loss": 0.08746227778886494
    },
    "epoch_13": {
        "dsc": 0.9228293351959764,
        "iou": 0.8743243008329157,
        "accuracy": 0.9991961777001096,
        "precision": 0.9471423259952609,
        "recall": 0.9226499874340862,
        "loss": 0.08594174526239697
    },
    "epoch_14": {
        "dsc": 0.931593203230908,
        "iou": 0.8811847144051604,
        "accuracy": 0.999190095600329,
        "precision": 0.9327989659811323,
        "recall": 0.9434317810493603,
        "loss": 0.07430076050130945
    },
    "epoch_15": {
        "dsc": 0.9252895158633848,
        "iou": 0.8747065935218544,
        "accuracy": 0.9991757898163376,
        "precision": 0.9330832968678392,
        "recall": 0.9370225145105732,
        "loss": 0.07551513220134534
    },
    "epoch_16": {
        "dsc": 0.9184013322780007,
        "iou": 0.8657397701029191,
        "accuracy": 0.9991166820860746,
        "precision": 0.9556040314205907,
        "recall": 0.9052737506858087,
        "loss": 0.07726036796444341
    },
    "epoch_17": {
        "dsc": 0.9310654668431533,
        "iou": 0.8796370186303789,
        "accuracy": 0.9991831568667763,
        "precision": 0.9554207575948614,
        "recall": 0.9195369921232525,
        "loss": 0.061190743195383174
    },
    "epoch_18": {
        "dsc": 0.9155412562060772,
        "iou": 0.8657694364848891,
        "accuracy": 0.9991813579358552,
        "precision": 0.9505651038989685,
        "recall": 0.9096518791558449,
        "loss": 0.07345642541584216
    },
    "epoch_19": {
        "dsc": 0.9098993377727375,
        "iou": 0.8515265217998571,
        "accuracy": 0.9989898574561404,
        "precision": 0.9604852576004833,
        "recall": 0.8852624020032714,
        "loss": 0.07800416648387909
    },
    "epoch_20": {
        "dsc": 0.8788441461429263,
        "iou": 0.8129805828395643,
        "accuracy": 0.9986157654879384,
        "precision": 0.8612316716135593,
        "recall": 0.9338252136581823,
        "loss": 0.11448471797140021
    },
    "epoch_21": {
        "dsc": 0.9076159967665088,
        "iou": 0.8596031022699255,
        "accuracy": 0.9991528748629386,
        "precision": 0.9421067603847437,
        "recall": 0.9136221973519578,
        "loss": 0.07724323319761377
    },
    "epoch_22": {
        "dsc": 0.8913457257705822,
        "iou": 0.8413245071444596,
        "accuracy": 0.9990632709703948,
        "precision": 0.9475857510901333,
        "recall": 0.8892496092277661,
        "loss": 0.09342130469648462
    },
    "epoch_23": {
        "dsc": 0.9181228625146964,
        "iou": 0.8669106280594541,
        "accuracy": 0.99915283203125,
        "precision": 0.9307384637364171,
        "recall": 0.9313190469616338,
        "loss": 0.06652364291642841
    },
    "epoch_24": {
        "dsc": 0.8955981966696289,
        "iou": 0.8462120054060952,
        "accuracy": 0.9991072591145833,
        "precision": 0.9428464299754092,
        "recall": 0.8991107632193651,
        "loss": 0.08774105577092421
    },
    "epoch_25": {
        "dsc": 0.9104308574868923,
        "iou": 0.85898774025733,
        "accuracy": 0.9990964226973688,
        "precision": 0.9433748627963819,
        "recall": 0.9109812373654882,
        "loss": 0.07437748736456821
    },
    "epoch_26": {
        "dsc": 0.9214038477655045,
        "iou": 0.8693588485843257,
        "accuracy": 0.9991512900904603,
        "precision": 0.9328414693213346,
        "recall": 0.9313889673927376,
        "loss": 0.06268400189123656
    },
    "epoch_27": {
        "dsc": 0.797823571583681,
        "iou": 0.7233777630485986,
        "accuracy": 0.9979696494654606,
        "precision": 0.9607519611977694,
        "recall": 0.7557637028788265,
        "loss": 0.18486070005517258
    },
    "epoch_28": {
        "dsc": 0.9013242528103945,
        "iou": 0.8495221503993922,
        "accuracy": 0.999064127604167,
        "precision": 0.9531193260560955,
        "recall": 0.8915352261902993,
        "loss": 0.08149905345941845
    },
    "epoch_29": {
        "dsc": 0.9195445080598195,
        "iou": 0.8667127505729073,
        "accuracy": 0.9991191663240133,
        "precision": 0.935307831094976,
        "recall": 0.926594457605429,
        "loss": 0.06407045376928229
    },
    "epoch_30": {
        "dsc": 0.9173580711348012,
        "iou": 0.8670904861207595,
        "accuracy": 0.9991439230400219,
        "precision": 0.9425349664269833,
        "recall": 0.9199378736186445,
        "loss": 0.06536164879798889
    }
}