{
    "dsc": 0.8558402336438495,
    "loss": 0.12195726188023885,
    "iou": 0.7895620153480106,
    "accuracy": 0.9986065711805555,
    "precision": 0.9074551547898186,
    "recall": 0.8593170929484897
}