{
    "dsc": 0.8928187571101718,
    "loss": 0.08104243930180868,
    "iou": 0.8356086752149793,
    "accuracy": 0.9989800651041666,
    "precision": 0.9172053458955552,
    "recall": 0.9080219073295591
}