{
    "dsc": 0.8998497419887119,
    "loss": 0.07670883948986347,
    "iou": 0.8427385853905964,
    "accuracy": 0.999001944778312,
    "precision": 0.9166588568279886,
    "recall": 0.9159626123232719
}