{
    "dsc": 0.891995498590302,
    "loss": 0.08551629844464753,
    "iou": 0.8344910632100021,
    "accuracy": 0.9989555064418859,
    "precision": 0.8955690747813174,
    "recall": 0.9264565628871584
}