{
    "dsc": 0.8958096061044067,
    "loss": 0.08001762073458606,
    "iou": 0.8392770737788757,
    "accuracy": 0.9988122117525444,
    "precision": 0.9135228948435408,
    "recall": 0.9143530614200136
}