{
    "epoch_01": {
        "dsc": 0.5703261295954387,
        "iou": 0.4258309236743994,
        "accuracy": 0.9883004875469924,
        "precision": 0.43873980940135204,
        "recall": 0.9398527423241982,
        "loss": 0.9283129411532467
    },
    "epoch_02": {
        "dsc": 0.4719718011997099,
        "iou": 0.3333172807119843,
        "accuracy": 0.9785376282503133,
        "precision": 0.3338558443805628,
        "recall": 0.9640185354945057,
        "loss": 0.8992720174610167
    },
    "epoch_03": {
        "dsc": 0.7323734679616484,
        "iou": 0.6171660850520123,
        "accuracy": 0.9953454192120929,
        "precision": 0.6394736802667603,
        "recall": 0.9308562538677588,
        "loss": 0.8543066185219843
    },
    "epoch_04": {
        "dsc": 0.8249053757889826,
        "iou": 0.7396045035885689,
        "accuracy": 0.99776484668703,
        "precision": 0.786501149187112,
        "recall": 0.9244123305891988,
        "loss": 0.7292418726404807
    },
    "epoch_05": {
        "dsc": 0.8490007515240433,
        "iou": 0.7702969590524086,
        "accuracy": 0.9981171434445489,
        "precision": 0.8142244131642775,
        "recall": 0.9432463006566939,
        "loss": 0.49891642654748786
    },
    "epoch_06": {
        "dsc": 0.883573689855131,
        "iou": 0.8204925359042365,
        "accuracy": 0.9986580220081454,
        "precision": 0.8814060416137963,
        "recall": 0.9268791337957358,
        "loss": 0.3350004710649189
    },
    "epoch_07": {
        "dsc": 0.8958425964030406,
        "iou": 0.8384365007692112,
        "accuracy": 0.9988006392935465,
        "precision": 0.9163810062527955,
        "recall": 0.909485347587662,
        "loss": 0.23930516906250687
    },
    "epoch_08": {
        "dsc": 0.8962152733241107,
        "iou": 0.836258227663829,
        "accuracy": 0.998777265429198,
        "precision": 0.8828662726514621,
        "recall": 0.9469684756788097,
        "loss": 0.18243552285029477
    },
    "epoch_09": {
        "dsc": 0.8915255021929441,
        "iou": 0.8367525339126587,
        "accuracy": 0.9988093769580202,
        "precision": 0.9353737167845991,
        "recall": 0.8960028232488417,
        "loss": 0.16189539208448023
    },
    "epoch_10": {
        "dsc": 0.9077474356892712,
        "iou": 0.8544719900403704,
        "accuracy": 0.9989439663612155,
        "precision": 0.9303742034692214,
        "recall": 0.9168145020205275,
        "loss": 0.1296139059210182
    },
    "epoch_11": {
        "dsc": 0.9050065234191436,
        "iou": 0.84951855305741,
        "accuracy": 0.998837425595238,
        "precision": 0.9120895378571703,
        "recall": 0.9294912758327667,
        "loss": 0.12036069757060001
    },
    "epoch_12": {
        "dsc": 0.9043881782613005,
        "iou": 0.8530291940335344,
        "accuracy": 0.9989530222039472,
        "precision": 0.9433751267598087,
        "recall": 0.9049202953663685,
        "loss": 0.11276502447917049
    },
    "epoch_13": {
        "dsc": 0.9029774355111565,
        "iou": 0.8501467904948948,
        "accuracy": 0.9989127604166667,
        "precision": 0.9265159885387374,
        "recall": 0.9189526727026268,
        "loss": 0.10997519053910908
    },
    "epoch_14": {
        "dsc": 0.9082409236066622,
        "iou": 0.8590624962832992,
        "accuracy": 0.9989899064066418,
        "precision": 0.9389433036173197,
        "recall": 0.9157943292369222,
        "loss": 0.10030448705630195
    },
    "epoch_15": {
        "dsc": 0.9082804255019453,
        "iou": 0.8591225078530179,
        "accuracy": 0.999004958685777,
        "precision": 0.9370336490764952,
        "recall": 0.9171800909185768,
        "loss": 0.09692398632379402
    },
    "epoch_16": {
        "dsc": 0.8966113412589358,
        "iou": 0.8424492028721591,
        "accuracy": 0.9988530897556392,
        "precision": 0.9455652042737879,
        "recall": 0.8868137251464348,
        "loss": 0.10510453156062535
    },
    "epoch_17": {
        "dsc": 0.9075872321475419,
        "iou": 0.8568775719568543,
        "accuracy": 0.9989826127819549,
        "precision": 0.9498386167942132,
        "recall": 0.902410514073862,
        "loss": 0.09120012046699237
    },
    "epoch_18": {
        "dsc": 0.9078988222251261,
        "iou": 0.8566111236586607,
        "accuracy": 0.9989646234727443,
        "precision": 0.9489618016962418,
        "recall": 0.9006541342962356,
        "loss": 0.08910750491278512
    },
    "epoch_19": {
        "dsc": 0.8786566235069045,
        "iou": 0.8202725031919648,
        "accuracy": 0.9984284686325186,
        "precision": 0.8921972318998256,
        "recall": 0.9081280978401204,
        "loss": 0.119943148211429
    },
    "epoch_20": {
        "dsc": 0.9056094726524258,
        "iou": 0.8545838140306018,
        "accuracy": 0.9989838120692356,
        "precision": 0.9517649247831569,
        "recall": 0.8981228803931024,
        "loss": 0.08682704240755927
    },
    "epoch_21": {
        "dsc": 0.9100802643854815,
        "iou": 0.8591434919744506,
        "accuracy": 0.9989639626409776,
        "precision": 0.9198060609344253,
        "recall": 0.9349446009872551,
        "loss": 0.08200425268115855
    },
    "epoch_22": {
        "dsc": 0.904986976680899,
        "iou": 0.856449432241588,
        "accuracy": 0.9989940671992481,
        "precision": 0.9531911285897544,
        "recall": 0.8989088723534031,
        "loss": 0.0887748182268071
    },
    "epoch_23": {
        "dsc": 0.9030707369472151,
        "iou": 0.8530874034217127,
        "accuracy": 0.998965504581767,
        "precision": 0.9332730895594546,
        "recall": 0.9155860756871694,
        "loss": 0.0868542718708067
    },
    "epoch_24": {
        "dsc": 0.9014077706444533,
        "iou": 0.8524601626814458,
        "accuracy": 0.9990104166666668,
        "precision": 0.9516082789963647,
        "recall": 0.8964047294511532,
        "loss": 0.08694915619111598
    },
    "epoch_25": {
        "dsc": 0.9079815244913699,
        "iou": 0.8586853661931547,
        "accuracy": 0.9990195214598998,
        "precision": 0.9473263159730381,
        "recall": 0.9066343893084611,
        "loss": 0.08009370242742668
    },
    "epoch_26": {
        "dsc": 0.907397068532786,
        "iou": 0.8565297763150438,
        "accuracy": 0.9990105390429199,
        "precision": 0.9571819873083205,
        "recall": 0.8947727178272448,
        "loss": 0.0805167838146812
    },
    "epoch_27": {
        "dsc": 0.9141304991896589,
        "iou": 0.8650626021817812,
        "accuracy": 0.9990409862546994,
        "precision": 0.9336181075351877,
        "recall": 0.9257693640271524,
        "loss": 0.07424766587135487
    },
    "epoch_28": {
        "dsc": 0.9060935753031183,
        "iou": 0.8556904440236868,
        "accuracy": 0.999012154409461,
        "precision": 0.9565531920669671,
        "recall": 0.8947644493633643,
        "loss": 0.0809761335078935
    },
    "epoch_29": {
        "dsc": 0.9135702301685075,
        "iou": 0.8634147082355087,
        "accuracy": 0.9990053013392854,
        "precision": 0.9299908951111604,
        "recall": 0.9296102248935174,
        "loss": 0.07535278752334136
    },
    "epoch_30": {
        "dsc": 0.9158688876264376,
        "iou": 0.8654047937919023,
        "accuracy": 0.9990263745300754,
        "precision": 0.9419938532033361,
        "recall": 0.9167010858841708,
        "loss": 0.07229866882912199
    },
    "epoch_31": {
        "dsc": 0.9006291789219791,
        "iou": 0.8507236182540282,
        "accuracy": 0.99891914845708,
        "precision": 0.9342823638055557,
        "recall": 0.9120489872786635,
        "loss": 0.08600660687998722
    },
    "epoch_32": {
        "dsc": 0.907991479512743,
        "iou": 0.859335706347511,
        "accuracy": 0.9990076020128446,
        "precision": 0.9433837546441788,
        "recall": 0.911172776592704,
        "loss": 0.0786210298538208
    },