{
    "dsc": 0.893743769995129,
    "loss": 0.0823212050299608,
    "iou": 0.8375542442610548,
    "accuracy": 0.9988102983858141,
    "precision": 0.9245377022498132,
    "recall": 0.9026494336492232
}