{
    "epoch_01": {
        "dsc": 0.3250283381401368,
        "iou": 0.21843370905423215,
        "accuracy": 0.9438148254332314,
        "precision": 0.21951251931889146,
        "recall": 0.922285524545338,
        "loss": 0.947986764371942
    },
    "epoch_02": {
        "dsc": 0.5858614711540919,
        "iou": 0.4515349735125185,
        "accuracy": 0.9894384466982034,
        "precision": 0.45594559964191295,
        "recall": 0.9660245380027336,
        "loss": 0.9189961904414933
    },
    "epoch_03": {
        "dsc": 0.6799341278076305,
        "iou": 0.5587207233667751,
        "accuracy": 0.9934652538863403,
        "precision": 0.5670755388702834,
        "recall": 0.9662360011862932,
        "loss": 0.8686144221631029
    },
    "epoch_04": {
        "dsc": 0.7467089930623313,
        "iou": 0.6406253150205728,
        "accuracy": 0.9958652333795235,
        "precision": 0.6570125946530143,
        "recall": 0.957585747088861,
        "loss": 0.7803936474002465
    },
    "epoch_05": {
        "dsc": 0.8163530468393904,
        "iou": 0.7305611290424971,
        "accuracy": 0.9976339413704128,
        "precision": 0.7582433213851016,
        "recall": 0.9538579663066202,
        "loss": 0.6259113113632261
    },
    "epoch_06": {
        "dsc": 0.8545751522136635,
        "iou": 0.782186902839231,
        "accuracy": 0.9982720318871049,
        "precision": 0.8209968153368322,
        "recall": 0.9436522638092956,
        "loss": 0.4338631819512137
    },
    "epoch_07": {
        "dsc": 0.8793197242917149,
        "iou": 0.8153806536873304,
        "accuracy": 0.9985986576994139,
        "precision": 0.8627037574574123,
        "recall": 0.939056304191352,
        "loss": 0.3030377334775545
    },
    "epoch_08": {
        "dsc": 0.883726812223168,
        "iou": 0.8227153129108578,
        "accuracy": 0.9986975981141691,
        "precision": 0.8771540583942037,
        "recall": 0.9329464237199041,
        "loss": 0.23033576255909163
    },
    "epoch_09": {
        "dsc": 0.8905593752253432,
        "iou": 0.8305035581647073,
        "accuracy": 0.9987394379937563,
        "precision": 0.8861273779599309,
        "recall": 0.9331379895545656,
        "loss": 0.18718787526501063
    },
    "epoch_10": {
        "dsc": 0.8980426404028978,
        "iou": 0.8406510877135333,
        "accuracy": 0.9988121127596203,
        "precision": 0.8945260593225223,
        "recall": 0.9343777974871927,
        "loss": 0.15741283931863417
    },
    "epoch_11": {
        "dsc": 0.900641236647918,
        "iou": 0.8430566825542246,
        "accuracy": 0.9988165276981397,
        "precision": 0.897932744946684,
        "recall": 0.9348918957812341,
        "loss": 0.14173690751422802
    },
    "epoch_12": {
        "dsc": 0.9034264303675485,
        "iou": 0.8470252605874724,
        "accuracy": 0.9988543906488914,
        "precision": 0.9012059823027931,
        "recall": 0.936562039132755,
        "loss": 0.1279719067276071
    },
    "epoch_13": {
        "dsc": 0.906444322595052,
        "iou": 0.8503550331162386,
        "accuracy": 0.9988680286776886,
        "precision": 0.9044801885077955,
        "recall": 0.9354719639310535,
        "loss": 0.11995053382459402
    },
    "epoch_14": {
        "dsc": 0.9138972233984692,
        "iou": 0.8591565421718825,
        "accuracy": 0.9989104658432083,
        "precision": 0.9141113591607314,
        "recall": 0.9366152734627662,
        "loss": 0.11032584892864986
    },
    "epoch_15": {
        "dsc": 0.9033430897982963,
        "iou": 0.8466465233480529,
        "accuracy": 0.9988096240682338,
        "precision": 0.9060627838461893,
        "recall": 0.9302199287273588,
        "loss": 0.11293054538400166
    },
    "epoch_16": {
        "dsc": 0.9039157155092339,
        "iou": 0.8472502285369675,
        "accuracy": 0.9988427137089066,
        "precision": 0.9078310196127488,
        "recall": 0.9302565758320654,
        "loss": 0.10714655503949623
    },
    "epoch_17": {
        "dsc": 0.9101838646617989,
        "iou": 0.8554291233921635,
        "accuracy": 0.9988832246272935,
        "precision": 0.914456971711218,
        "recall": 0.9322632900557871,
        "loss": 0.09942947432900058
    },
    "epoch_18": {
        "dsc": 0.9022874426890344,
        "iou": 0.8449363351536574,
        "accuracy": 0.9988273983021152,
        "precision": 0.9125495436359253,
        "recall": 0.9228219220397669,
        "loss": 0.10191977625593134
    },
    "epoch_19": {
        "dsc": 0.9076359400204806,
        "iou": 0.8509381030677655,
        "accuracy": 0.9988275625557468,
        "precision": 0.91605259294296,
        "recall": 0.9253400264043934,
        "loss": 0.09276069395403615
    },
    "epoch_20": {
        "dsc": 0.9066342390337,
        "iou": 0.8488553355046369,
        "accuracy": 0.9987803520801478,
        "precision": 0.9159261714306324,
        "recall": 0.9228412324256974,
        "loss": 0.08963082826465642
    },
    "epoch_21": {
        "dsc": 0.9150931821807566,
        "iou": 0.8607845920063062,
        "accuracy": 0.9988943341456422,
        "precision": 0.9183182758293386,
        "recall": 0.9334996147622391,
        "loss": 0.0766634256650184
    },
    "epoch_22": {
        "dsc": 0.9177325595166462,
        "iou": 0.8641107319327305,
        "accuracy": 0.9989267767265546,
        "precision": 0.9200505503395404,
        "recall": 0.9352343799688765,
        "loss": 0.07033819725754065
    },
    "epoch_23": {
        "dsc": 0.9000763301941718,
        "iou": 0.8407725983135075,
        "accuracy": 0.9987177664691641,
        "precision": 0.9148146314480011,
        "recall": 0.9158385951645392,
        "loss": 0.0868941046958305
    },
    "epoch_24": {
        "dsc": 0.9162732050749385,
        "iou": 0.8618267195851795,
        "accuracy": 0.99890885317119,
        "precision": 0.9171287546221025,
        "recall": 0.9352152106958792,
        "loss": 0.0668244613419979
    },
    "epoch_25": {
        "dsc": 0.9198724908505496,
        "iou": 0.8668967214138623,
        "accuracy": 0.9989455613691387,
        "precision": 0.9225565344247129,
        "recall": 0.935516022669795,
        "loss": 0.060368996329992916
    },
    "epoch_26": {
        "dsc": 0.9188933970062985,
        "iou": 0.86628022929701,
        "accuracy": 0.9989507179376911,
        "precision": 0.9199946555522603,
        "recall": 0.9380839641123372,
        "loss": 0.060837496584708536
    },
    "epoch_27": {
        "dsc": 0.9224743154070792,
        "iou": 0.8708715840460208,
        "accuracy": 0.9989731360696992,
        "precision": 0.9235476936222217,
        "recall": 0.9385652406317743,
        "loss": 0.05616811838354175
    },
    "epoch_28": {
        "dsc": 0.9187355278160474,
        "iou": 0.8656446762101973,
        "accuracy": 0.9989425152108817,
        "precision": 0.9215849378544014,
        "recall": 0.9350846724225841,
        "loss": 0.05853633787653862
    },
    "epoch_29": {
        "dsc": 0.9194183045510244,
        "iou": 0.8666859727265518,
        "accuracy": 0.9989546450926987,
        "precision": 0.9217482374774086,
        "recall": 0.936269192885186,
        "loss": 0.05725404355868652
    },
    "epoch_30": {
        "dsc": 0.9188582804832498,
        "iou": 0.8661031185000924,
        "accuracy": 0.9989442075210245,
        "precision": 0.919054433354058,
        "recall": 0.938298475547911,
        "loss": 0.05717440519128735
    },
    "epoch_31": {
        "dsc": 0.8973713353747137,
        "iou": 0.8371124319527128,
        "accuracy": 0.9986105287573266,
        "precision": 0.9148968750730567,
        "recall": 0.9094834196458169,
        "loss": 0.07916155165853121
    },
    "epoch_32": {
        "dsc": 0.9195115974554593,
        "iou": 0.866721789497848,
        "accuracy": 0.9989429183788864,
        "precision": 0.9210168529419603,
        "recall": 0.9370947454075323,
        "loss": 0.05565655067426349
    },