{
    "dsc": 0.7872245171613861,
    "loss": 0.184192420934376,
    "iou": 0.7103627899236846,
    "accuracy": 0.9980160875822367,
    "precision": 0.9025079087207193,
    "recall": 0.787025500284998
}