{
    "epoch_01": {
        "dsc": 0.4414507077861551,
        "iou": 0.32182612373817265,
        "accuracy": 0.9261774504100175,
        "precision": 0.3236032930196177,
        "recall": 0.9063252332151359,
        "loss": 0.909737782909515
    },
    "epoch_02": {
        "dsc": 0.7464212468752627,
        "iou": 0.6235325552047567,
        "accuracy": 0.9901172913896278,
        "precision": 0.6277231147103276,
        "recall": 0.970321532259596,
        "loss": 0.8642801242939969
    },
    "epoch_03": {
        "dsc": 0.803126112366399,
        "iou": 0.7008000191644573,
        "accuracy": 0.993392394586658,
        "precision": 0.7098028456911126,
        "recall": 0.9719599696761327,
        "loss": 0.792635939856793
    },
    "epoch_04": {
        "dsc": 0.8426501727696007,
        "iou": 0.7622059554072982,
        "accuracy": 0.9955311703512856,
        "precision": 0.784888174094207,
        "recall": 0.9509249610681061,
        "loss": 0.6389688684585246
    },
    "epoch_05": {
        "dsc": 0.8818643448200632,
        "iou": 0.8199553316366589,
        "accuracy": 0.9971330098902926,
        "precision": 0.851917155245517,
        "recall": 0.9474122129010817,
        "loss": 0.43774614942834733
    },
    "epoch_06": {
        "dsc": 0.897139106236451,
        "iou": 0.8415255582501703,
        "accuracy": 0.9976477916528147,
        "precision": 0.8914309993703314,
        "recall": 0.9337432633900474,
        "loss": 0.2796177737256314
    },
    "epoch_07": {
        "dsc": 0.9063501087486322,
        "iou": 0.8530088045918348,
        "accuracy": 0.9978011414007093,
        "precision": 0.9009202469325235,
        "recall": 0.934084934757111,
        "loss": 0.19274661071757052
    },
    "epoch_08": {
        "dsc": 0.9153191578303669,
        "iou": 0.8665923898947155,
        "accuracy": 0.998054502230164,
        "precision": 0.9179208124360293,
        "recall": 0.9344744733039368,
        "loss": 0.14610848147818384
    },
    "epoch_09": {
        "dsc": 0.9118434146363684,
        "iou": 0.8576881560028022,
        "accuracy": 0.997790207017398,
        "precision": 0.9056305631678155,
        "recall": 0.9363720184522318,
        "loss": 0.12985229745824287
    },
    "epoch_10": {
        "dsc": 0.9212790397887535,
        "iou": 0.8710420047137755,
        "accuracy": 0.9980705964649822,
        "precision": 0.9200473656045628,
        "recall": 0.9387704560942685,
        "loss": 0.10942546230681399
    },
    "epoch_11": {
        "dsc": 0.9248825212319693,
        "iou": 0.8764472791911863,
        "accuracy": 0.9981284197002435,
        "precision": 0.921883948517184,
        "recall": 0.9443137645721434,
        "loss": 0.09419679388086846
    },
    "epoch_12": {
        "dsc": 0.9266626441732366,
        "iou": 0.8793852785800366,
        "accuracy": 0.9981938009059176,
        "precision": 0.9273509619929265,
        "recall": 0.9413857049975836,
        "loss": 0.08558005031119002
    },
    "epoch_13": {
        "dsc": 0.92847415065089,
        "iou": 0.8814212806681367,
        "accuracy": 0.9982248985344636,
        "precision": 0.932826024632082,
        "recall": 0.9428430015736441,
        "loss": 0.08187591015024388
    },
    "epoch_14": {
        "dsc": 0.9304561285262413,
        "iou": 0.8841022126218108,
        "accuracy": 0.9982790683178193,
        "precision": 0.9319614326277521,
        "recall": 0.9438907540013605,
        "loss": 0.07801425013136357
    },
    "epoch_15": {
        "dsc": 0.9356706569380794,
        "iou": 0.891764263523386,
        "accuracy": 0.9983898406333112,
        "precision": 0.9375102993444347,
        "recall": 0.9479020664877925,
        "loss": 0.07159982463146777
    },
    "epoch_16": {
        "dsc": 0.9326079331391245,
        "iou": 0.8864622010406874,
        "accuracy": 0.9982948335688165,
        "precision": 0.9363561331803071,
        "recall": 0.9448856489455446,
        "loss": 0.073883389538907
    },
    "epoch_17": {
        "dsc": 0.9367721410507849,
        "iou": 0.893495964031693,
        "accuracy": 0.9984069131621232,
        "precision": 0.936928821370957,
        "recall": 0.9500578927232866,
        "loss": 0.06862919634961068
    },
    "epoch_18": {
        "dsc": 0.9388593223923487,
        "iou": 0.8963149162471717,
        "accuracy": 0.9984395345052084,
        "precision": 0.9384229064833187,
        "recall": 0.9506456646936161,
        "loss": 0.06594749270601476
    },
    "epoch_19": {
        "dsc": 0.9381517917974621,
        "iou": 0.8957383535432478,
        "accuracy": 0.998437439397717,
        "precision": 0.9374196592797625,
        "recall": 0.9509902226586713,
        "loss": 0.06580114745079203
    },
    "epoch_20": {
        "dsc": 0.9398506125237078,
        "iou": 0.8986069065459232,
        "accuracy": 0.9984718528368793,
        "precision": 0.945093072052543,
        "recall": 0.9492604814945385,
        "loss": 0.06364234901489095
    },
    "epoch_21": {
        "dsc": 0.9425450073066332,
        "iou": 0.9029734449606415,
        "accuracy": 0.9985526097074467,
        "precision": 0.9450299908928838,
        "recall": 0.952668106936394,
        "loss": 0.06047346110039569
    },
    "epoch_22": {
        "dsc": 0.9393377623236773,
        "iou": 0.8977534606101667,
        "accuracy": 0.9984593601091535,
        "precision": 0.9419296058357184,
        "recall": 0.9481048901030359,
        "loss": 0.06345012593776622
    },
    "epoch_23": {
        "dsc": 0.9382280364949654,
        "iou": 0.8961892043445127,
        "accuracy": 0.9984490490636083,
        "precision": 0.9403047447508954,
        "recall": 0.9489197494290401,
        "loss": 0.06402262094173025
    },
    "epoch_24": {
        "dsc": 0.9359525843714992,
        "iou": 0.8903411971339098,
        "accuracy": 0.99832065014129,
        "precision": 0.9358211633161451,
        "recall": 0.9478384932727679,
        "loss": 0.06632048715936377
    },
    "epoch_25": {
        "dsc": 0.9405154201155859,
        "iou": 0.8984322833253983,
        "accuracy": 0.9984793415475399,
        "precision": 0.9424848241586212,
        "recall": 0.9494326476086962,
        "loss": 0.06133435190992152
    },
    "epoch_26": {
        "dsc": 0.9455869582527917,
        "iou": 0.905356246106168,
        "accuracy": 0.9985463676723182,
        "precision": 0.9449842489780264,
        "recall": 0.9554180219663797,
        "loss": 0.05615071286546423
    },
    "epoch_27": {
        "dsc": 0.9432540690222532,
        "iou": 0.9023905242165776,
        "accuracy": 0.9985239967724957,
        "precision": 0.9427169149226331,
        "recall": 0.9546139802493101,
        "loss": 0.05814929655257692
    },
    "epoch_28": {
        "dsc": 0.9448702576312612,
        "iou": 0.9047476733829957,
        "accuracy": 0.9985526443373227,
        "precision": 0.9443955070583533,
        "recall": 0.953710821926171,
        "loss": 0.05645322482636635
    },
    "epoch_29": {
        "dsc": 0.9469780604890056,
        "iou": 0.9084555705388386,
        "accuracy": 0.9986051951739805,
        "precision": 0.9489167015603248,
        "recall": 0.9546828713822872,
        "loss": 0.054073721170425415
    },
    "epoch_30": {
        "dsc": 0.9426297625751361,
        "iou": 0.9028682670694715,
        "accuracy": 0.9985310093223624,
        "precision": 0.9450365970743463,
        "recall": 0.9519120881743465,
        "loss": 0.05830959183104495
    },
    "epoch_31": {
        "dsc": 0.9340702168484951,
        "iou": 0.887436144318141,
        "accuracy": 0.9982122066849514,
        "precision": 0.9344869530792776,
        "recall": 0.946957014976664,
        "loss": 0.06711603859637646
    },
    "epoch_32": {
        "dsc": 0.9431518056291215,
        "iou": 0.9012748755461782,
        "accuracy": 0.998493609056405,
        "precision": 0.9426011455819959,
        "recall": 0.9543347548931203,
        "loss": 0.05787901104764735
    },