{
    "dsc": 0.9288991727327046,
    "loss": 0.07141169184132626,
    "iou": 0.8871037945412754,
    "accuracy": 0.998417416221217,
    "precision": 0.9321597996510956,
    "recall": 0.9441007344346298
}