{
    "dsc": 0.6899931046000699,
    "loss": 0.01812851181204774,
    "iou": 0.5990390164810314,
    "accuracy": 0.9955541735197369,
    "precision": 0.7704192551604488,
    "recall": 0.7620149926135414
}