{
    "dsc": 0.8892987582216433,
    "loss": 0.11886694840802492,
    "iou": 0.832145939710486,
    "accuracy": 0.9987817420085878,
    "precision": 0.9187809598051562,
    "recall": 0.9010635557368813
}