{
    "dsc": 0.9249887417157492,
    "loss": 0.03822662186870972,
    "iou": 0.8793613265355429,
    "accuracy": 0.9859888194444443,
    "precision": 0.9327415275573729,
    "recall": 0.9289047651290894
}