{
    "epoch_01": {
        "dsc": 0.8287319744888105,
        "iou": 0.7523314286219446,
        "accuracy": 0.9659290193256578,
        "precision": 0.8794828595822318,
        "recall": 0.8235279912488502,
        "loss": 0.12594480587071494
    },
    "epoch_02": {
        "dsc": 0.8962817322789576,
        "iou": 0.8379258638934085,
        "accuracy": 0.9800724712171053,
        "precision": 0.9274122124178367,
        "recall": 0.8866295312580309,
        "loss": 0.06218407361915237
    },
    "epoch_03": {
        "dsc": 0.8989612261454265,
        "iou": 0.8435520859141099,
        "accuracy": 0.9804103704084428,
        "precision": 0.927762504209552,
        "recall": 0.8883157471815746,
        "loss": 0.05638887605776912
    },
    "epoch_04": {
        "dsc": 0.9131835950048346,
        "iou": 0.8594807036090315,
        "accuracy": 0.9821920829906798,
        "precision": 0.9648515508885968,
        "recall": 0.8872752900709187,
        "loss": 0.04911573025348939
    },
    "epoch_05": {
        "dsc": 0.9269398675675976,
        "iou": 0.8793603845855644,
        "accuracy": 0.9849029005619518,
        "precision": 0.9446915764557687,
        "recall": 0.9309056777703136,
        "loss": 0.03990393232456163
    },
    "epoch_06": {
        "dsc": 0.9136558049603513,
        "iou": 0.8593596816062927,
        "accuracy": 0.9818550404331141,
        "precision": 0.9716103463842157,
        "recall": 0.8843321277384172,
        "loss": 0.0494584188502478
    },
    "epoch_07": {
        "dsc": 0.9286657341739586,
        "iou": 0.882472920313216,
        "accuracy": 0.9853734494928726,
        "precision": 0.9441807447818288,
        "recall": 0.9224369421339871,
        "loss": 0.038211658719534934
    },
    "epoch_08": {
        "dsc": 0.9264014180292164,
        "iou": 0.8777535714601218,
        "accuracy": 0.9844338935718201,
        "precision": 0.9403128153399419,
        "recall": 0.9317668007131209,
        "loss": 0.038783244715121235
    },
    "epoch_09": {
        "dsc": 0.9341927280551509,
        "iou": 0.8905929541378688,
        "accuracy": 0.9863675301535088,
        "precision": 0.9378177711838168,
        "recall": 0.9392684494194231,
        "loss": 0.03381377483080877
    },
    "epoch_10": {
        "dsc": 0.9261966237896367,
        "iou": 0.8780743009165711,
        "accuracy": 0.9845179293448464,
        "precision": 0.9581638271348517,
        "recall": 0.912482996781667,
        "loss": 0.0400939435747109
    },
    "epoch_11": {
        "dsc": 0.93043273844217,
        "iou": 0.8838451253740411,
        "accuracy": 0.9858831465871711,
        "precision": 0.9633540741184301,
        "recall": 0.9166589530936458,
        "loss": 0.035513165112780895
    },
    "epoch_12": {
        "dsc": 0.9321687341782082,
        "iou": 0.8862595249686324,
        "accuracy": 0.985750796669408,
        "precision": 0.9624603526634082,
        "recall": 0.9187824328740437,
        "loss": 0.03584195281329908
    },
    "epoch_13": {
        "dsc": 0.9346834504813479,
        "iou": 0.8901447538743938,
        "accuracy": 0.9860381544682018,
        "precision": 0.9549181503162049,
        "recall": 0.9313626556020034,
        "loss": 0.03587329412173284
    },
    "epoch_14": {
        "dsc": 0.938878944045619,
        "iou": 0.8915787213727048,
        "accuracy": 0.9857149893777413,
        "precision": 0.9394363781862094,
        "recall": 0.9429889216757656,
        "loss": 0.034703166665215245
    },
    "epoch_15": {
        "dsc": 0.9403968359294691,
        "iou": 0.8969833694006267,
        "accuracy": 0.9869556520696272,
        "precision": 0.9481763515556066,
        "recall": 0.9446473079815246,
        "loss": 0.03182809851377418
    },
    "epoch_16": {
        "dsc": 0.9436842945584079,
        "iou": 0.9004681560031154,
        "accuracy": 0.987413479989035,
        "precision": 0.9525897440157438,
        "recall": 0.9441914966231897,
        "loss": 0.031083277720761925
    },
    "epoch_17": {
        "dsc": 0.9450371913742601,
        "iou": 0.9013010305270813,
        "accuracy": 0.9873070860745615,
        "precision": 0.9679481596277472,
        "recall": 0.9309804836908975,
        "loss": 0.030706176068633795
    },
    "epoch_18": {
        "dsc": 0.9268580544413183,
        "iou": 0.875140864075276,
        "accuracy": 0.9829316577576751,
        "precision": 0.9282750121334142,
        "recall": 0.9313440145107738,
        "loss": 0.04271400479697868
    },
    "epoch_19": {
        "dsc": 0.9437689582506814,
        "iou": 0.8999599354308948,
        "accuracy": 0.9871924684758769,
        "precision": 0.9543169956458243,
        "recall": 0.9408683097153381,
        "loss": 0.030932514193026645
    },
    "epoch_20": {
        "dsc": 0.9399880955093786,
        "iou": 0.8948846794011299,
        "accuracy": 0.9867651795504386,
        "precision": 0.9527391592661538,
        "recall": 0.9383676920020791,
        "loss": 0.03304213346717389
    },
    "epoch_21": {
        "dsc": 0.9462768958325972,
        "iou": 0.9032157230795477,
        "accuracy": 0.9873990885416667,
        "precision": 0.9494520917273404,
        "recall": 0.9485764200227306,
        "loss": 0.030806943480121463
    },
    "epoch_22": {
        "dsc": 0.9380635692362201,
        "iou": 0.8911378843742505,
        "accuracy": 0.9860875822368419,
        "precision": 0.9503445604391265,
        "recall": 0.9372182823064034,
        "loss": 0.034342164761925996
    },
    "epoch_23": {
        "dsc": 0.944242694921661,
        "iou": 0.9001331674425226,
        "accuracy": 0.9870022529468202,
        "precision": 0.9572401412746365,
        "recall": 0.9410339855311209,
        "loss": 0.031617641056838786
    },
    "epoch_24": {
        "dsc": 0.9406098273762484,
        "iou": 0.8941035249777008,
        "accuracy": 0.98617615816886,
        "precision": 0.9354225187970883,
        "recall": 0.9519059469825343,
        "loss": 0.032482842032454516
    },
    "epoch_25": {
        "dsc": 0.9416223900359973,
        "iou": 0.8961104761090194,
        "accuracy": 0.9865158562911184,
        "precision": 0.9380016807924236,
        "recall": 0.9502064041924059,
        "loss": 0.03311060677821699
    },
    "epoch_26": {
        "dsc": 0.9340060708815594,
        "iou": 0.8869095779301827,
        "accuracy": 0.9853351579632673,
        "precision": 0.938450276851654,
        "recall": 0.9449545683567987,
        "loss": 0.03677660694934035
    },
    "epoch_27": {
        "dsc": 0.9394856409022685,
        "iou": 0.8921221149595159,
        "accuracy": 0.9861464758086622,
        "precision": 0.9549927993824607,
        "recall": 0.9323596421040987,
        "loss": 0.03565556744701768
    },
    "epoch_28": {
        "dsc": 0.9476406344196255,
        "iou": 0.9043134513654207,
        "accuracy": 0.9876140607867325,
        "precision": 0.9419452349344887,
        "recall": 0.9585477249664173,
        "loss": 0.029410249210501973
    },
    "epoch_29": {
        "dsc": 0.9488035942378797,
        "iou": 0.9069729280053525,
        "accuracy": 0.9881158340186403,
        "precision": 0.9535113562617387,
        "recall": 0.9513061245282493,
        "loss": 0.028638063415296768
    },
    "epoch_30": {
        "dsc": 0.945296563600239,
        "iou": 0.9011653473502713,
        "accuracy": 0.9872998903508772,
        "precision": 0.9478670620081715,
        "recall": 0.9498303532600405,
        "loss": 0.030911522255720275
    },
    "epoch_31": {
        "dsc": 0.9424603445488112,
        "iou": 0.8954177415161799,
        "accuracy": 0.9861343544407897,
        "precision": 0.9587433432277879,
        "recall": 0.932277260119455,
        "loss": 0.03474865601349034
    },
    "epoch_32": {
        "dsc": 0.945743271133356,
        "iou": 0.903356562058131,
        "accuracy": 0.9878571306195177,
        "precision": 0.9675310212269165,
        "recall": 0.9328175615846066,
        "loss": 0.029712142863948094
    },