{
    "dsc": 0.8630843003590902,
    "loss": 0.11080777186613815,
    "iou": 0.7958588083585102,
    "accuracy": 0.99862646484375,
    "precision": 0.9244543156053266,
    "recall": 0.8567227244377136
}