{
    "epoch_01": {
        "dsc": 0.42227528164320827,
        "iou": 0.3011161361262772,
        "accuracy": 0.9241005570686799,
        "precision": 0.3039614923828102,
        "recall": 0.9004429370871195,
        "loss": 0.8960017016903705
    },
    "epoch_02": {
        "dsc": 0.735759329236854,
        "iou": 0.6114268656687148,
        "accuracy": 0.9879244064968783,
        "precision": 0.6164155028737649,
        "recall": 0.9708992183876815,
        "loss": 0.8362478720485618
    },
    "epoch_03": {
        "dsc": 0.8225146865625994,
        "iou": 0.7286078867926874,
        "accuracy": 0.9936544790472094,
        "precision": 0.7403700307968559,
        "recall": 0.9702827438909587,
        "loss": 0.7342377094500655
    },
    "epoch_04": {
        "dsc": 0.8687539062368761,
        "iou": 0.7957633251929986,
        "accuracy": 0.9959372411760958,
        "precision": 0.8186087399326211,
        "recall": 0.9647732649860516,
        "loss": 0.5811721972369273
    },
    "epoch_05": {
        "dsc": 0.8952442467455712,
        "iou": 0.834959471839405,
        "accuracy": 0.9970122363978083,
        "precision": 0.8661500041455669,
        "recall": 0.95622346531239,
        "loss": 0.4162782426091874
    },
    "epoch_06": {
        "dsc": 0.9095221144526012,
        "iou": 0.8561561375886779,
        "accuracy": 0.9975111393826452,
        "precision": 0.8955052564875675,
        "recall": 0.9517990745657201,
        "loss": 0.2873048345794736
    },
    "epoch_07": {
        "dsc": 0.9168901280039554,
        "iou": 0.8668146064157515,
        "accuracy": 0.9977081591249363,
        "precision": 0.9067443161747142,
        "recall": 0.9470798096768596,
        "loss": 0.20387993921562803
    },
    "epoch_08": {
        "dsc": 0.9226086545245727,
        "iou": 0.8736191630728019,
        "accuracy": 0.9978289154083843,
        "precision": 0.9154700667243243,
        "recall": 0.9471844901975385,
        "loss": 0.15279438608647852
    },
    "epoch_09": {
        "dsc": 0.9270759453041958,
        "iou": 0.8784290363482379,
        "accuracy": 0.9978766684187056,
        "precision": 0.9202975131624456,
        "recall": 0.949068870748584,
        "loss": 0.12079028206498615
    },
    "epoch_10": {
        "dsc": 0.9309554168694366,
        "iou": 0.8838092798669039,
        "accuracy": 0.9979591735155454,
        "precision": 0.9287849557144562,
        "recall": 0.9492985093994607,
        "loss": 0.10090657248409517
    },
    "epoch_11": {
        "dsc": 0.9343331224996136,
        "iou": 0.888188820882918,
        "accuracy": 0.9980356460244648,
        "precision": 0.9309051573641074,
        "recall": 0.9510997443874797,
        "loss": 0.08730107181298259
    },
    "epoch_12": {
        "dsc": 0.9361734968988903,
        "iou": 0.8908263066979116,
        "accuracy": 0.998063559187054,
        "precision": 0.9337334874694623,
        "recall": 0.9516024645436917,
        "loss": 0.07857920489179979
    },
    "epoch_13": {
        "dsc": 0.9357223456362823,
        "iou": 0.8905779493632788,
        "accuracy": 0.998061916650739,
        "precision": 0.934518589339125,
        "recall": 0.9489638614302137,
        "loss": 0.07441626165620413
    },
    "epoch_14": {
        "dsc": 0.9373797771276928,
        "iou": 0.892798983509995,
        "accuracy": 0.9980869976825304,
        "precision": 0.9376097246776662,
        "recall": 0.9497214837054838,
        "loss": 0.06990301444989826
    },
    "epoch_15": {
        "dsc": 0.9387694397346933,
        "iou": 0.894830488800152,
        "accuracy": 0.9981260552051477,
        "precision": 0.9374262109991243,
        "recall": 0.9522141171704739,
        "loss": 0.0661452312352825
    },
    "epoch_16": {
        "dsc": 0.9396163350641424,
        "iou": 0.8962483564648059,
        "accuracy": 0.9981465869090851,
        "precision": 0.9390423263857004,
        "recall": 0.9517640826595182,
        "loss": 0.06380361573776339
    },
    "epoch_17": {
        "dsc": 0.9421904892428086,
        "iou": 0.900125652217476,
        "accuracy": 0.9982183657460499,
        "precision": 0.9444100621035826,
        "recall": 0.9516719852808662,
        "loss": 0.060067557595920855
    },
    "epoch_18": {
        "dsc": 0.937420032348837,
        "iou": 0.8935930551799675,
        "accuracy": 0.9981170411649465,
        "precision": 0.9396557909997596,
        "recall": 0.9494244097508908,
        "loss": 0.06403379885063988
    },
    "epoch_19": {
        "dsc": 0.9434275433314807,
        "iou": 0.9020100206774674,
        "accuracy": 0.9982533318600282,
        "precision": 0.9447115018705589,
        "recall": 0.9520358755561799,
        "loss": 0.057469686054673036
    },
    "epoch_20": {
        "dsc": 0.9450138308161018,
        "iou": 0.9052289624401311,
        "accuracy": 0.9983223631817024,
        "precision": 0.9472698140946367,
        "recall": 0.9535801987886184,
        "loss": 0.055365189773227096
    },
    "epoch_21": {
        "dsc": 0.9435468206104274,
        "iou": 0.9023380300806689,
        "accuracy": 0.9982582793785041,
        "precision": 0.9442216499075369,
        "recall": 0.9534127227999991,
        "loss": 0.056751105125526405
    },
    "epoch_22": {
        "dsc": 0.9448428214143175,
        "iou": 0.9048124106105314,
        "accuracy": 0.9983028916602956,
        "precision": 0.9468356080497562,
        "recall": 0.9527026565249906,
        "loss": 0.054938727198026234
    },
    "epoch_23": {
        "dsc": 0.9453496497948479,
        "iou": 0.9057197575357712,
        "accuracy": 0.9983043848751275,
        "precision": 0.9448965204904326,
        "recall": 0.9550474718076374,
        "loss": 0.05473122301451657
    },
    "epoch_24": {
        "dsc": 0.9471179525786584,
        "iou": 0.9082019155300114,
        "accuracy": 0.9983376238372834,
        "precision": 0.9477470933358118,
        "recall": 0.9556147612016136,
        "loss": 0.05265126543672077
    },
    "epoch_25": {
        "dsc": 0.9458351694237322,
        "iou": 0.905772059730555,
        "accuracy": 0.9982980735537716,
        "precision": 0.946827873997732,
        "recall": 0.9544535768688271,
        "loss": 0.05389800512827135
    },
    "epoch_26": {
        "dsc": 0.9473494201078327,
        "iou": 0.908657933016679,
        "accuracy": 0.9983636704813329,
        "precision": 0.9485489414980167,
        "recall": 0.955078508328954,
        "loss": 0.05213120916932366
    },
    "epoch_27": {
        "dsc": 0.9448998824718895,
        "iou": 0.9048708173295409,
        "accuracy": 0.9982865260257392,
        "precision": 0.9457741216599759,
        "recall": 0.954131988969904,
        "loss": 0.054760962086715465
    },
    "epoch_28": {
        "dsc": 0.9467680562101495,
        "iou": 0.9072802309535452,
        "accuracy": 0.9983157233530835,
        "precision": 0.9475687055655818,
        "recall": 0.9551935749437953,
        "loss": 0.05285635727261184
    },
    "epoch_29": {
        "dsc": 0.9496102360714224,
        "iou": 0.9111223179205233,
        "accuracy": 0.9983738094100407,
        "precision": 0.9496080439146628,
        "recall": 0.9578590259700254,
        "loss": 0.049851527090101794
    },
    "epoch_30": {
        "dsc": 0.9492895626572173,
        "iou": 0.9113651303826972,
        "accuracy": 0.9983955705275229,
        "precision": 0.9496870583472022,
        "recall": 0.9574147849880107,
        "loss": 0.050167809021217744
    },
    "epoch_31": {
        "dsc": 0.9502870808683039,
        "iou": 0.9136892639472701,
        "accuracy": 0.998437151583206,
        "precision": 0.952545766679762,
        "recall": 0.9577792731629234,
        "loss": 0.04905494792381193
    },
    "epoch_32": {
        "dsc": 0.9484694132868059,
        "iou": 0.9100166174614466,
        "accuracy": 0.9983750388235857,
        "precision": 0.950183505281639,
        "recall": 0.9552560431026416,
        "loss": 0.05070228277725546
    },