{
    "dsc": 0.9315670749310015,
    "loss": 0.06764252813717792,
    "iou": 0.888412394353755,
    "accuracy": 0.9981121332299618,
    "precision": 0.9409912190364518,
    "recall": 0.9382296994138917
}