{
    "dsc": 0.8718271581750165,
    "loss": 0.003703023841310489,
    "iou": 0.8085444140852545,
    "accuracy": 0.9987609777617873,
    "precision": 0.8880951751742447,
    "recall": 0.9034529110841584
}