{
    "epoch_01": {
        "dsc": 0.3699564306554219,
        "iou": 0.25461053363450453,
        "accuracy": 0.9323106698110596,
        "precision": 0.25501353287052186,
        "recall": 0.9694654117239282,
        "loss": 0.9621089830043468
    },
    "epoch_02": {
        "dsc": 0.5138265258031535,
        "iou": 0.3847300481077626,
        "accuracy": 0.9761244840148492,
        "precision": 0.38903266455687535,
        "recall": 0.9705060652807249,
        "loss": 0.9383278121339514
    },
    "epoch_03": {
        "dsc": 0.5155807107898361,
        "iou": 0.41250509076507375,
        "accuracy": 0.9682911887743796,
        "precision": 0.428607738926901,
        "recall": 0.9503251115481057,
        "loss": 0.828563096675467
    },
    "epoch_04": {
        "dsc": 0.6489370439914947,
        "iou": 0.5537704774673949,
        "accuracy": 0.9852918952238475,
        "precision": 0.590023399033445,
        "recall": 0.924401968506211,
        "loss": 0.6737873915662157
    },
    "epoch_05": {
        "dsc": 0.8090619973257079,
        "iou": 0.7298794779794435,
        "accuracy": 0.9960272173509531,
        "precision": 0.7770890293391886,
        "recall": 0.9275762252773798,
        "loss": 0.49559481537088435
    },
    "epoch_06": {
        "dsc": 0.8740389055394112,
        "iou": 0.8075383768436757,
        "accuracy": 0.9987422342503326,
        "precision": 0.8718619486118885,
        "recall": 0.9223429607161393,
        "loss": 0.24935659258923631
    },
    "epoch_07": {
        "dsc": 0.8754996543234967,
        "iou": 0.8103759381787998,
        "accuracy": 0.9987897291251108,
        "precision": 0.878262789959603,
        "recall": 0.9196093794724621,
        "loss": 0.1751479874265955
    },
    "epoch_08": {
        "dsc": 0.8808694625577184,
        "iou": 0.8166188984475238,
        "accuracy": 0.9988193116965869,
        "precision": 0.8825493140000823,
        "recall": 0.920051121331276,
        "loss": 0.15182705699129306
    },
    "epoch_09": {
        "dsc": 0.8880683819875649,
        "iou": 0.8287629142720648,
        "accuracy": 0.9989291403479609,
        "precision": 0.8900686832184489,
        "recall": 0.9287882745265961,
        "loss": 0.1332867570379947
    },
    "epoch_10": {
        "dsc": 0.89815642943619,
        "iou": 0.8396040712687985,
        "accuracy": 0.9989878553025265,
        "precision": 0.8968126596288479,
        "recall": 0.9312606728668753,
        "loss": 0.12285841525869166
    },
    "epoch_11": {
        "dsc": 0.8971002414716898,
        "iou": 0.837600347632212,
        "accuracy": 0.9989446025875441,
        "precision": 0.9019957375019154,
        "recall": 0.9241303298490268,
        "loss": 0.1213344081919244
    },
    "epoch_12": {
        "dsc": 0.8852570179506397,
        "iou": 0.8232114739874576,
        "accuracy": 0.9988390074384973,
        "precision": 0.8936401377332971,
        "recall": 0.915898749591611,
        "loss": 0.12875946722132095
    },
    "epoch_13": {
        "dsc": 0.8821700367521732,
        "iou": 0.8196564071567347,
        "accuracy": 0.9988630232574247,
        "precision": 0.892278472582499,
        "recall": 0.9145468245161339,
        "loss": 0.1254107007320891
    },
    "epoch_14": {
        "dsc": 0.8793992901102023,
        "iou": 0.8150582400196832,
        "accuracy": 0.9988200129515736,
        "precision": 0.9004856787674815,
        "recall": 0.9003223831771959,
        "loss": 0.128008356753816
    },
    "epoch_15": {
        "dsc": 0.8917797598855716,
        "iou": 0.8333692740886768,
        "accuracy": 0.9989427585466533,
        "precision": 0.9078588075671635,
        "recall": 0.9147837939837301,
        "loss": 0.10697754646869416
    },
    "epoch_16": {
        "dsc": 0.8712016686480097,
        "iou": 0.8054394020256421,
        "accuracy": 0.9987262612200797,
        "precision": 0.8955889830352567,
        "recall": 0.8969373415547908,
        "loss": 0.12550717909285364
    },
    "epoch_17": {
        "dsc": 0.8640771081261601,
        "iou": 0.7954875218107346,
        "accuracy": 0.9986204669492462,
        "precision": 0.9000063251096309,
        "recall": 0.8785322910927712,
        "loss": 0.12210810438115546
    },
    "epoch_18": {
        "dsc": 0.8609738377391867,
        "iou": 0.7909762119570521,
        "accuracy": 0.9985520729443707,
        "precision": 0.9007785836010116,
        "recall": 0.8741857041703894,
        "loss": 0.11992466513146745
    },
    "epoch_19": {
        "dsc": 0.8756287841932149,
        "iou": 0.8105826563868963,
        "accuracy": 0.9987532465508642,
        "precision": 0.9018089278792659,
        "recall": 0.8944800445374023,
        "loss": 0.10400219990852032
    },
    "epoch_20": {
        "dsc": 0.7776846171270873,
        "iou": 0.7037864562044754,
        "accuracy": 0.9977523652205232,
        "precision": 0.8916028006702451,
        "recall": 0.7834375236474032,
        "loss": 0.20154009664312322
    },
    "epoch_21": {
        "dsc": 0.8606774540657692,
        "iou": 0.789075290691768,
        "accuracy": 0.9985771969193263,
        "precision": 0.8969054017083866,
        "recall": 0.8781531051541052,
        "loss": 0.11918106548329617
    },
    "epoch_22": {
        "dsc": 0.8710937808591422,
        "iou": 0.8030723682109348,
        "accuracy": 0.9986722299562278,
        "precision": 0.9033707291521924,
        "recall": 0.8852223762383697,
        "loss": 0.10613687685195436
    },
    "epoch_23": {
        "dsc": 0.8842187540750976,
        "iou": 0.8228497050755412,
        "accuracy": 0.9988659408244682,
        "precision": 0.9081719989049518,
        "recall": 0.9036929057844988,
        "loss": 0.09279407592529947
    },
    "epoch_24": {
        "dsc": 0.8694843442727486,
        "iou": 0.8058081590537483,
        "accuracy": 0.9987505367630761,
        "precision": 0.9079039906356353,
        "recall": 0.8878917721569116,
        "loss": 0.10643103655348433
    },
    "epoch_25": {
        "dsc": 0.8846207214585434,
        "iou": 0.822383533344201,
        "accuracy": 0.9988576296542554,
        "precision": 0.8957923993151239,
        "recall": 0.9155805235636151,
        "loss": 0.10014650923140506
    },
    "epoch_26": {
        "dsc": 0.8788171858652262,
        "iou": 0.8147781060097063,
        "accuracy": 0.9987831494486924,
        "precision": 0.9156418654090122,
        "recall": 0.8861041840509319,
        "loss": 0.0949212724858142
    },
    "epoch_27": {
        "dsc": 0.7767405700176322,
        "iou": 0.6965426893521708,
        "accuracy": 0.9977615248226953,
        "precision": 0.8951699359619872,
        "recall": 0.7799914506732994,
        "loss": 0.20123998154985143
    },
    "epoch_28": {
        "dsc": 0.8326280598944806,
        "iou": 0.757178098069015,
        "accuracy": 0.998303542982602,
        "precision": 0.8873434779069101,
        "recall": 0.8515278823832246,
        "loss": 0.1486241652610454
    },
    "epoch_29": {
        "dsc": 0.8151879826336041,
        "iou": 0.7428521131370085,
        "accuracy": 0.9982268551224511,
        "precision": 0.9074901870801939,
        "recall": 0.8210258340159204,
        "loss": 0.15757275959278674
    },
    "epoch_30": {
        "dsc": 0.8763043576098503,
        "iou": 0.8126479909352377,
        "accuracy": 0.9987965079233155,
        "precision": 0.9062302290125097,
        "recall": 0.8951690450627755,
        "loss": 0.09818585185294455
    }
}