{
    "epoch_01": {
        "dsc": 0.6102698644002279,
        "iou": 0.4649927365152459,
        "accuracy": 0.9919907312225876,
        "precision": 0.49514390711198775,
        "recall": 0.9589993870049194,
        "loss": 0.9543424374178836
    },
    "epoch_02": {
        "dsc": 0.14102793524139806,
        "iou": 0.08007958609806864,
        "accuracy": 0.8263497978344299,
        "precision": 0.08008063545352534,
        "recall": 0.9931048384883949,
        "loss": 0.9225968875383076
    },
    "epoch_03": {
        "dsc": 0.8296738340143572,
        "iou": 0.7534394306049013,
        "accuracy": 0.9981797817297148,
        "precision": 0.8619057044648287,
        "recall": 0.8817672311213978,
        "loss": 0.5205685684555456
    },
    "epoch_04": {
        "dsc": 0.8025323508078591,
        "iou": 0.7287156079944811,
        "accuracy": 0.9961224043996711,
        "precision": 0.8599292102612948,
        "recall": 0.8546977043151855,
        "loss": 0.49902526642146866
    },
    "epoch_05": {
        "dsc": 0.8997288210350171,
        "iou": 0.8393283392253674,
        "accuracy": 0.9989504951343202,
        "precision": 0.9056625993628251,
        "recall": 0.9248205067818626,
        "loss": 0.31583770952726664
    },
    "epoch_06": {
        "dsc": 0.8791981621792442,
        "iou": 0.8044074878358004,
        "accuracy": 0.9985772597998904,
        "precision": 0.9641868733523185,
        "recall": 0.8349864650190921,
        "loss": 0.1979917789760389
    },
    "epoch_07": {
        "dsc": 0.8934865876248006,
        "iou": 0.8328426929942347,
        "accuracy": 0.998884919819079,
        "precision": 0.9350414192467407,
        "recall": 0.8887453873952229,
        "loss": 0.15054316897141307
    },
    "epoch_08": {
        "dsc": 0.9159781514552602,
        "iou": 0.8569127467640658,
        "accuracy": 0.9990360300164475,
        "precision": 0.9152740511977883,
        "recall": 0.936383084246987,
        "loss": 0.10950053365607011
    },
    "epoch_09": {
        "dsc": 0.9227972867196067,
        "iou": 0.8657138013003165,
        "accuracy": 0.9990849009731358,
        "precision": 0.90035893624289,
        "recall": 0.9607737106189395,
        "loss": 0.09921255237177799
    },
    "epoch_10": {
        "dsc": 0.9206448939808629,
        "iou": 0.8663992881774902,
        "accuracy": 0.9991196374725877,
        "precision": 0.9087622040196469,
        "recall": 0.953450696510181,
        "loss": 0.09663398014871698
    },
    "epoch_11": {
        "dsc": 0.8989748787461667,
        "iou": 0.8432819383186207,
        "accuracy": 0.9990270353618422,
        "precision": 0.9274713491138659,
        "recall": 0.905748865060639,
        "loss": 0.10814844620855231
    },
    "epoch_12": {
        "dsc": 0.8832856228477076,
        "iou": 0.8110444629401492,
        "accuracy": 0.9987057120339912,
        "precision": 0.8447834023258143,
        "recall": 0.9600162589759158,
        "loss": 0.12471269933800948
    },
    "epoch_13": {
        "dsc": 0.9220020394576224,
        "iou": 0.8682230773725008,
        "accuracy": 0.9991229783442983,
        "precision": 0.9470286536635015,
        "recall": 0.9153789888348495,
        "loss": 0.08414524793624878
    },
    "epoch_14": {
        "dsc": 0.9199834120901007,
        "iou": 0.8661226055078338,
        "accuracy": 0.9990968938459429,
        "precision": 0.9255539618040384,
        "recall": 0.9358801130662886,
        "loss": 0.0825554791249727
    },
    "epoch_15": {
        "dsc": 0.9050450659634774,
        "iou": 0.8542847047772325,
        "accuracy": 0.9990868283991227,
        "precision": 0.9583612283070881,
        "recall": 0.891262497818261,
        "loss": 0.08877299020164892
    },
    "epoch_16": {
        "dsc": 0.9133238917902894,
        "iou": 0.8544770165493614,
        "accuracy": 0.9990069472998905,
        "precision": 0.9213214213388007,
        "recall": 0.9281012091720312,
        "loss": 0.08014583587646484
    },
    "epoch_17": {
        "dsc": 0.9075033999325937,
        "iou": 0.8483127920251143,
        "accuracy": 0.99895049513432,
        "precision": 0.9607429378911071,
        "recall": 0.8827299820749384,
        "loss": 0.07867093148984407
    },
    "epoch_18": {
        "dsc": 0.8840011797453228,
        "iou": 0.8258025897176642,
        "accuracy": 0.9989025236430923,
        "precision": 0.9477429348125793,
        "recall": 0.8715054779721981,
        "loss": 0.10200595542004234
    },
    "epoch_19": {
        "dsc": 0.9142866134643555,
        "iou": 0.8613333032842266,
        "accuracy": 0.9990970651726974,
        "precision": 0.9373897753263772,
        "recall": 0.9191702792519019,
        "loss": 0.07045332381599828
    },
    "epoch_20": {
        "dsc": 0.8670433864258883,
        "iou": 0.7996803877646463,
        "accuracy": 0.998554901658443,
        "precision": 0.93763253981607,
        "recall": 0.8543763202533387,
        "loss": 0.11725968749899614
    },
    "epoch_21": {
        "dsc": 0.893853601656462,
        "iou": 0.8328065537569816,
        "accuracy": 0.9988578930235746,
        "precision": 0.9175566832224527,
        "recall": 0.9092131957673191,
        "loss": 0.09083048607173719
    },
    "epoch_22": {
        "dsc": 0.90281165273566,
        "iou": 0.8452807058367812,
        "accuracy": 0.9989833898711623,
        "precision": 0.9186668437823914,
        "recall": 0.9221138368573104,
        "loss": 0.08082557038256996
    },
    "epoch_23": {
        "dsc": 0.9032293997312847,
        "iou": 0.8481943649158145,
        "accuracy": 0.9990143143503291,
        "precision": 0.9582834285602234,
        "recall": 0.8851759684713263,
        "loss": 0.07989549323132164
    },
    "epoch_24": {
        "dsc": 0.9033978612799394,
        "iou": 0.8469386602702894,
        "accuracy": 0.9989809912966008,
        "precision": 0.9463441330089905,
        "recall": 0.8942588254025108,
        "loss": 0.08025901568563361
    },
    "epoch_25": {
        "dsc": 0.9066299932044849,
        "iou": 0.8544537435498153,
        "accuracy": 0.9990705523574562,
        "precision": 0.933077477572257,
        "recall": 0.9166110314820942,
        "loss": 0.0767009885687577
    },
    "epoch_26": {
        "dsc": 0.701836577632971,
        "iou": 0.5882010982747663,
        "accuracy": 0.9962235300164473,
        "precision": 0.8692668320839864,
        "recall": 0.6529420614242554,
        "loss": 0.2885973986826445
    },
    "epoch_27": {
        "dsc": 0.8533752884781153,
        "iou": 0.7915606205923517,
        "accuracy": 0.9985399533991227,
        "precision": 0.9325518691748904,
        "recall": 0.8533192391981157,
        "loss": 0.13289335213209452
    },
    "epoch_28": {
        "dsc": 0.8857821247033906,
        "iou": 0.8211917500746878,
        "accuracy": 0.9987862356085527,
        "precision": 0.8950575945670144,
        "recall": 0.9218919319018984,
        "loss": 0.0979906069604974
    },
    "epoch_29": {
        "dsc": 0.8841590672208554,
        "iou": 0.8275061699382046,
        "accuracy": 0.9989038085937498,
        "precision": 0.9237069790823419,
        "recall": 0.8986781647330838,
        "loss": 0.09873773236023753
    },
    "epoch_30": {
        "dsc": 0.9029334595328883,
        "iou": 0.8487112480297424,
        "accuracy": 0.9990130722313598,
        "precision": 0.9313513479734722,
        "recall": 0.912629863672089,
        "loss": 0.07974524247018915
    }
}