{
    "dsc": 0.885823466903285,
    "loss": 0.22456849437010917,
    "iou": 0.8254778096550389,
    "accuracy": 0.9988338644462719,
    "precision": 0.9009198017287672,
    "recall": 0.9077348274097108
}