{
    "dsc": 0.9324857269231297,
    "loss": 0.06654331138115802,
    "iou": 0.8913050413435044,
    "accuracy": 0.9981942116929072,
    "precision": 0.9523303349206163,
    "recall": 0.9322712176325363
}