{
    "dsc": 0.880605963336097,
    "loss": 0.12057655413945516,
    "iou": 0.8216841161515978,
    "accuracy": 0.9989288237847223,
    "precision": 0.921860637611813,
    "recall": 0.8877826038996378
}