{
    "dsc": 0.8839582401911418,
    "loss": 0.13066398080190023,
    "iou": 0.8251802026430765,
    "accuracy": 0.9989199696180556,
    "precision": 0.9038693198627896,
    "recall": 0.9098043308258056
}