{
    "dsc": 0.875506819460127,
    "loss": 0.09983055973052979,
    "iou": 0.8166699218220181,
    "accuracy": 0.9988837630208334,
    "precision": 0.915841815047794,
    "recall": 0.8877966523700291
}