{
    "dsc": 0.8848489780426025,
    "loss": 0.12007993570963542,
    "iou": 0.826292562007904,
    "accuracy": 0.9989278862847222,
    "precision": 0.8965393990410698,
    "recall": 0.9179069136513605
}