{
    "dsc": 0.9009516046758284,
    "loss": 0.12761682585666054,
    "iou": 0.8458714903446667,
    "accuracy": 0.9990367838541667,
    "precision": 0.9027923926972505,
    "recall": 0.9317774310446623
}