{
    "dsc": 0.9020640119446648,
    "loss": 0.09162093464533488,
    "iou": 0.8471777439117432,
    "accuracy": 0.9990692534722221,
    "precision": 0.9265869962904189,
    "recall": 0.9096718663639493
}