{
    "dsc": 0.8881919540299311,
    "loss": 0.08971583064397176,
    "iou": 0.8320096618599362,
    "accuracy": 0.9989748307291666,
    "precision": 0.9268154951201545,
    "recall": 0.8951605581442514
}