{
    "dsc": 0.8937266451105209,
    "loss": 0.0839670299573709,
    "iou": 0.83740274699893,
    "accuracy": 0.9988293376272266,
    "precision": 0.9200148299753514,
    "recall": 0.9076937408240999
}