{
    "dsc": 0.8839666501471871,
    "loss": 0.1827623455147994,
    "iou": 0.8260410948803549,
    "accuracy": 0.9989012986567982,
    "precision": 0.9046312796442132,
    "recall": 0.9095517037207621
}