{
    "dsc": 0.8863452655181551,
    "loss": 0.19543868930716263,
    "iou": 0.8286691288153332,
    "accuracy": 0.9989269120065789,
    "precision": 0.8979574907244299,
    "recall": 0.9150155539052527
}