{
    "epoch_01": {
        "dsc": 0.33795665832712835,
        "iou": 0.2320989702841673,
        "accuracy": 0.9445014744178921,
        "precision": 0.23378856633603723,
        "recall": 0.9224362107202968,
        "loss": 0.9549890515957287
    },
    "epoch_02": {
        "dsc": 0.608371571875086,
        "iou": 0.472476285090421,
        "accuracy": 0.9918757920426694,
        "precision": 0.4759085522483164,
        "recall": 0.966409735288637,
        "loss": 0.9321992139127803
    },
    "epoch_03": {
        "dsc": 0.6982119591265863,
        "iou": 0.5756726401746805,
        "accuracy": 0.9951102505988192,
        "precision": 0.590564008304142,
        "recall": 0.9678663238484592,
        "loss": 0.8930533332301971
    },
    "epoch_04": {
        "dsc": 0.7643653851885635,
        "iou": 0.6600729484582543,
        "accuracy": 0.9968692468109404,
        "precision": 0.6746653553609754,
        "recall": 0.9654608840610892,
        "loss": 0.7959517936974285
    },
    "epoch_05": {
        "dsc": 0.8138864334413712,
        "iou": 0.7295714598447881,
        "accuracy": 0.9979334127116755,
        "precision": 0.7597746937245183,
        "recall": 0.951027238592107,
        "loss": 0.619179368019104
    },
    "epoch_06": {
        "dsc": 0.8478437486285618,
        "iou": 0.7751931565118132,
        "accuracy": 0.9984404940953654,
        "precision": 0.8158763754920313,
        "recall": 0.9394013760561611,
        "loss": 0.4320022545077584
    },
    "epoch_07": {
        "dsc": 0.8729048036636515,
        "iou": 0.8084795558410107,
        "accuracy": 0.9987885141627675,
        "precision": 0.8581275128213267,
        "recall": 0.9363717365073648,
        "loss": 0.3024915504583063
    },
    "epoch_08": {
        "dsc": 0.8816784767968557,
        "iou": 0.8200565439494536,
        "accuracy": 0.9988685626949643,
        "precision": 0.8734692891863791,
        "recall": 0.9350449188401568,
        "loss": 0.23078166179478488
    },
    "epoch_09": {
        "dsc": 0.8885550151534259,
        "iou": 0.830780888676856,
        "accuracy": 0.998953955339238,
        "precision": 0.8869429055913459,
        "recall": 0.9347935695061709,
        "loss": 0.18887970457102526
    },
    "epoch_10": {
        "dsc": 0.8876528517341444,
        "iou": 0.828941252301721,
        "accuracy": 0.9989303681344698,
        "precision": 0.8881629346313747,
        "recall": 0.9265354997652737,
        "loss": 0.16902748244331484
    },
    "epoch_11": {
        "dsc": 0.8926166503718406,
        "iou": 0.8353924470789292,
        "accuracy": 0.9989821381322416,
        "precision": 0.8930676472165795,
        "recall": 0.9316980329851839,
        "loss": 0.14920179378540122
    },
    "epoch_12": {
        "dsc": 0.8928761515175382,
        "iou": 0.8352644853625919,
        "accuracy": 0.9989651135667335,
        "precision": 0.897380263675768,
        "recall": 0.927167043275799,
        "loss": 0.1405451983054054
    },
    "epoch_13": {
        "dsc": 0.8943560215878614,
        "iou": 0.8375570828795647,
        "accuracy": 0.9989983619513146,
        "precision": 0.8986421587101703,
        "recall": 0.9289585109700493,
        "loss": 0.13262158217914602
    },
    "epoch_14": {
        "dsc": 0.8946256363721241,
        "iou": 0.8398330665713114,
        "accuracy": 0.9990303569936498,
        "precision": 0.8987933364754905,
        "recall": 0.9307149793162491,
        "loss": 0.12624032452782208
    },
    "epoch_15": {
        "dsc": 0.9013110363653424,
        "iou": 0.846513512725286,
        "accuracy": 0.9990446311692291,
        "precision": 0.9081180660376149,
        "recall": 0.9293612698076456,
        "loss": 0.11844140450584698
    },
    "epoch_16": {
        "dsc": 0.9012920383144828,
        "iou": 0.8468725494841204,
        "accuracy": 0.9990534393800133,
        "precision": 0.909946972514219,
        "recall": 0.9281957909172657,
        "loss": 0.1156688769233418
    },
    "epoch_17": {
        "dsc": 0.9022543817067954,
        "iou": 0.8477475578612822,
        "accuracy": 0.999045971549131,
        "precision": 0.9094542214470964,
        "recall": 0.9296960189486996,
        "loss": 0.11090166332887456
    },
    "epoch_18": {
        "dsc": 0.9000349591441333,
        "iou": 0.8442274542415843,
        "accuracy": 0.9990068916415998,
        "precision": 0.9057421677890308,
        "recall": 0.9249025368647992,
        "loss": 0.11199280810866126
    },
    "epoch_19": {
        "dsc": 0.9033120547598908,
        "iou": 0.8483822918936954,
        "accuracy": 0.9990433952345142,
        "precision": 0.9155377834875953,
        "recall": 0.9242505410988276,
        "loss": 0.10431892970666529
    },
    "epoch_20": {
        "dsc": 0.8947360769525143,
        "iou": 0.8387919525730418,
        "accuracy": 0.9989915294953209,
        "precision": 0.9107360644880252,
        "recall": 0.9173829742506439,
        "loss": 0.10768328726610397
    },
    "epoch_21": {
        "dsc": 0.8795517766964415,
        "iou": 0.8214085741689074,
        "accuracy": 0.9988827846479501,
        "precision": 0.913904198775742,
        "recall": 0.8941504446367955,
        "loss": 0.11947325955737721
    },
    "epoch_22": {
        "dsc": 0.8807128629051214,
        "iou": 0.82257294160797,
        "accuracy": 0.9989187050885695,
        "precision": 0.9102721599971547,
        "recall": 0.9023270008292004,
        "loss": 0.11179370309579818
    },
    "epoch_23": {
        "dsc": 0.8956715126726079,
        "iou": 0.8387779638622745,
        "accuracy": 0.9989964819379455,
        "precision": 0.914657800061605,
        "recall": 0.9116872446528517,
        "loss": 0.09536215471711389
    },
    "epoch_24": {
        "dsc": 0.9003364218535057,
        "iou": 0.843042241379539,
        "accuracy": 0.9989917383856951,
        "precision": 0.9141719548991233,
        "recall": 0.9184591288872581,
        "loss": 0.08539570063193214
    },
    "epoch_25": {
        "dsc": 0.9001439123442679,
        "iou": 0.8443817961130976,
        "accuracy": 0.999013671875,
        "precision": 0.9157229706034091,
        "recall": 0.9181278610930723,
        "loss": 0.08217338715645081
    },
    "epoch_26": {
        "dsc": 0.8986123801340182,
        "iou": 0.8423320066163884,
        "accuracy": 0.9990181891293449,
        "precision": 0.9224490884578588,
        "recall": 0.9106947274981549,
        "loss": 0.07964221838323828
    },
    "epoch_27": {
        "dsc": 0.9134443272137599,
        "iou": 0.8607339870164739,
        "accuracy": 0.9990941033728833,
        "precision": 0.9232582938118628,
        "recall": 0.9280572077276021,
        "loss": 0.06339896155551156
    },
    "epoch_28": {
        "dsc": 0.9155126129029695,
        "iou": 0.8636428349902076,
        "accuracy": 0.9991078640262923,
        "precision": 0.9242274861603497,
        "recall": 0.9310926028963928,
        "loss": 0.060321842285401044
    },
    "epoch_29": {
        "dsc": 0.9106761693104489,
        "iou": 0.858117039828377,
        "accuracy": 0.9990919535427807,
        "precision": 0.9179025615387846,
        "recall": 0.9318404674742523,
        "loss": 0.06863803850775733
    },
    "epoch_30": {
        "dsc": 0.8934200437948665,
        "iou": 0.8355115012210959,
        "accuracy": 0.9989526323668672,
        "precision": 0.9180857744233919,
        "recall": 0.907873039895838,
        "loss": 0.0835868593524484
    },
    "epoch_31": {
        "dsc": 0.8795930232168733,
        "iou": 0.8158983321007136,
        "accuracy": 0.9987886186079545,
        "precision": 0.9062739079967538,
        "recall": 0.8974429544811793,
        "loss": 0.09713148369508631
    },
    "epoch_32": {
        "dsc": 0.8992775599480526,
        "iou": 0.8413997475263694,
        "accuracy": 0.9989909028241978,
        "precision": 0.915898302712755,
        "recall": 0.9166445272066588,
        "loss": 0.07747815254537817
    },