{
    "epoch_01": {
        "dsc": 0.6385633474902104,
        "iou": 0.5007208366143076,
        "accuracy": 0.9926892304002193,
        "precision": 0.5305855642808112,
        "recall": 0.9334154223140917,
        "loss": 0.939677221994651
    },
    "epoch_02": {
        "dsc": 0.647076287813354,
        "iou": 0.5075653067283463,
        "accuracy": 0.9933616879111841,
        "precision": 0.538191423342939,
        "recall": 0.9332279228327568,
        "loss": 0.9119221379882411
    },
    "epoch_03": {
        "dsc": 0.5936691517892636,
        "iou": 0.4541186554390087,
        "accuracy": 0.9901598050301536,
        "precision": 0.4546277774007697,
        "recall": 0.97167590887923,
        "loss": 0.8544141399232965
    },
    "epoch_04": {
        "dsc": 0.810301941737794,
        "iou": 0.7124656830963336,
        "accuracy": 0.9976068222313598,
        "precision": 0.7588999721041896,
        "recall": 0.9323171685662185,
        "loss": 0.6880146327771639
    },
    "epoch_05": {
        "dsc": 0.8813432042013136,
        "iou": 0.8168393796996067,
        "accuracy": 0.9987846936677631,
        "precision": 0.8896150594217732,
        "recall": 0.9163492259226347,
        "loss": 0.5017176654778028
    },
    "epoch_06": {
        "dsc": 0.8813746550626922,
        "iou": 0.8227461882327732,
        "accuracy": 0.998914002535636,
        "precision": 0.8808528043721852,
        "recall": 0.9294466067824448,
        "loss": 0.32787723604001495
    },
    "epoch_07": {
        "dsc": 0.8634629777648994,
        "iou": 0.7990724371190656,
        "accuracy": 0.9987207459566887,
        "precision": 0.8609345931755868,
        "recall": 0.9207373313736498,
        "loss": 0.2509022747215472
    },
    "epoch_08": {
        "dsc": 0.8857176643714574,
        "iou": 0.831745404423329,
        "accuracy": 0.9990330746299341,
        "precision": 0.9286766862660123,
        "recall": 0.8965123379439637,
        "loss": 0.19608278886268013
    },
    "epoch_09": {
        "dsc": 0.9072516628524714,
        "iou": 0.8534022679454402,
        "accuracy": 0.9990964655290571,
        "precision": 0.9157055815060935,
        "recall": 0.9324436449168021,
        "loss": 0.1550380156228417
    },
    "epoch_10": {
        "dsc": 0.9061670726851415,
        "iou": 0.8468561575078127,
        "accuracy": 0.9989934553179826,
        "precision": 0.8970777381930436,
        "recall": 0.9441225418919013,
        "loss": 0.1419172161503842
    },
    "epoch_11": {
        "dsc": 0.9160918447009303,
        "iou": 0.8606954692748555,
        "accuracy": 0.9990688819216009,
        "precision": 0.9353510988386053,
        "recall": 0.9204344388685727,
        "loss": 0.12153016893487227
    },
    "epoch_12": {
        "dsc": 0.9045535969106776,
        "iou": 0.8507994737541466,
        "accuracy": 0.9990934673108555,
        "precision": 0.9148604174455008,
        "recall": 0.9277618537869371,
        "loss": 0.12338218171345561
    },
    "epoch_13": {
        "dsc": 0.9197435645680678,
        "iou": 0.868503810543763,
        "accuracy": 0.9991609700520834,
        "precision": 0.9386188356499923,
        "recall": 0.9244205245846197,
        "loss": 0.10579576617793034
    },
    "epoch_14": {
        "dsc": 0.9135583926711165,
        "iou": 0.8611589508098468,
        "accuracy": 0.9991351853755479,
        "precision": 0.9490657584709034,
        "recall": 0.9065816527918767,
        "loss": 0.10467948490067532
    },
    "epoch_15": {
        "dsc": 0.9112615998376878,
        "iou": 0.85818770214131,
        "accuracy": 0.9991089295504386,
        "precision": 0.9538866469734594,
        "recall": 0.8987414758456379,
        "loss": 0.10342605568860706
    },
    "epoch_16": {
        "dsc": 0.9166794288576693,
        "iou": 0.8636018267849035,
        "accuracy": 0.9991270901864034,
        "precision": 0.9490179816881816,
        "recall": 0.9084873147178114,
        "loss": 0.09458069817015999
    },
    "epoch_17": {
        "dsc": 0.9042055366332072,
        "iou": 0.8412599563598634,
        "accuracy": 0.9989126319216008,
        "precision": 0.8788987790283403,
        "recall": 0.9555068528443055,
        "loss": 0.10397726767941524
    },
    "epoch_18": {
        "dsc": 0.8985834560896221,
        "iou": 0.8449119946412873,
        "accuracy": 0.9990429687500001,
        "precision": 0.9592913190523781,
        "recall": 0.8806807461537813,
        "loss": 0.10619897669867466
    },
    "epoch_19": {
        "dsc": 0.9052673567805375,
        "iou": 0.8533485103071783,
        "accuracy": 0.9990925250137063,
        "precision": 0.9165153032854984,
        "recall": 0.9320569895861441,
        "loss": 0.09461771736019536
    },
    "epoch_20": {
        "dsc": 0.8971310979441595,
        "iou": 0.8482754183442969,
        "accuracy": 0.9991339004248901,
        "precision": 0.9492581633099337,
        "recall": 0.8944189017801953,
        "loss": 0.10091312229633331
    },
    "epoch_21": {
        "dsc": 0.8919558054522466,
        "iou": 0.8376245415001584,
        "accuracy": 0.9989960680509867,
        "precision": 0.9160112142562864,
        "recall": 0.9068934818108876,
        "loss": 0.10178887765658529
    },
    "epoch_22": {
        "dsc": 0.8630120940109923,
        "iou": 0.8103256291198931,
        "accuracy": 0.9989160584566887,
        "precision": 0.9264482563002069,
        "recall": 0.8788606166573777,
        "loss": 0.12892619324357887
    },
    "epoch_23": {
        "dsc": 0.8683554093565856,
        "iou": 0.8073848321249611,
        "accuracy": 0.9988092362253291,
        "precision": 0.9098434260016993,
        "recall": 0.8905330075506578,
        "loss": 0.12055251080738871
    },
    "epoch_24": {
        "dsc": 0.9047622544723644,
        "iou": 0.8553833391582756,
        "accuracy": 0.9991478635553728,
        "precision": 0.9465341139257998,
        "recall": 0.9038560819207578,
        "loss": 0.08353466658215773
    },
    "epoch_25": {
        "dsc": 0.9150103978943404,
        "iou": 0.8659389672572152,
        "accuracy": 0.9991788736979167,
        "precision": 0.9342329491648759,
        "recall": 0.9273256497424945,
        "loss": 0.07187726152570624
    },
    "epoch_26": {
        "dsc": 0.9106727273840654,
        "iou": 0.8619260333086317,
        "accuracy": 0.9991742050438597,
        "precision": 0.9462330226312605,
        "recall": 0.9106847188974685,
        "loss": 0.07565729163194958
    },
    "epoch_27": {
        "dsc": 0.9099731215259486,
        "iou": 0.8619729599408936,
        "accuracy": 0.9991835851836621,
        "precision": 0.9446543423753035,
        "recall": 0.9127339244934551,
        "loss": 0.07523894858987708
    },
    "epoch_28": {
        "dsc": 0.8972996520368678,
        "iou": 0.8384552645055872,
        "accuracy": 0.9989931126644734,
        "precision": 0.9742084846161957,
        "recall": 0.859499211374082,
        "loss": 0.08719024768001155
    },
    "epoch_29": {
        "dsc": 0.9172166193786421,
        "iou": 0.8670112820048079,
        "accuracy": 0.9991793020148029,
        "precision": 0.948660341271183,
        "recall": 0.9132749501027561,
        "loss": 0.06712718151117626
    },
    "epoch_30": {
        "dsc": 0.839999643857019,
        "iou": 0.766569087902705,
        "accuracy": 0.9981628203810304,
        "precision": 0.9240105497209647,
        "recall": 0.8207177896248667,
        "loss": 0.14611777663230896
    },
    "epoch_31": {
        "dsc": 0.8849857758011735,
        "iou": 0.8330401626595281,
        "accuracy": 0.999015342310855,
        "precision": 0.963033305971246,
        "recall": 0.865544003875632,
        "loss": 0.09837580197735836
    },
    "epoch_32": {
        "dsc": 0.9151349025860168,
        "iou": 0.8654518184954659,
        "accuracy": 0.9991421669407894,
        "precision": 0.9466715162260493,
        "recall": 0.914386326806587,
        "loss": 0.06912314578106529
    },