{
    "dsc": 0.8670563985139896,
    "loss": 0.10721672314863939,
    "iou": 0.8027967292019446,
    "accuracy": 0.9987156700721155,
    "precision": 0.912914939925202,
    "recall": 0.8762968997670036
}