{
    "dsc": 0.9274408434761895,
    "loss": 0.07112651268641153,
    "iou": 0.8839357227749295,
    "accuracy": 0.9983835807291666,
    "precision": 0.942661956416236,
    "recall": 0.9338922651078965
}