{
    "dsc": 0.9269471457799275,
    "loss": 0.07163721640904744,
    "iou": 0.8832956544558206,
    "accuracy": 0.998383849826389,
    "precision": 0.948061702569326,
    "recall": 0.9267173199653624
}