{
    "epoch_01": {
        "dsc": 0.9081579682074095,
        "iou": 0.8550136795169428,
        "accuracy": 0.9978801740679824,
        "precision": 0.9536054479448419,
        "recall": 0.8988255319888133,
        "loss": 0.09255735027162652
    },
    "epoch_02": {
        "dsc": 0.9172490312342058,
        "iou": 0.8666573626953258,
        "accuracy": 0.9980283288788377,
        "precision": 0.9445695416969166,
        "recall": 0.9196885646435252,
        "loss": 0.08303103792039972
    },
    "epoch_03": {
        "dsc": 0.917442831031063,
        "iou": 0.8643903230365952,
        "accuracy": 0.997868738007127,
        "precision": 0.925805532095725,
        "recall": 0.9289747743230117,
        "loss": 0.08286329084321072
    },
    "epoch_04": {
        "dsc": 0.9214793119514199,
        "iou": 0.8727491931957112,
        "accuracy": 0.9981610642817982,
        "precision": 0.9566783288068939,
        "recall": 0.9129754038233506,
        "loss": 0.07854504491153516
    },
    "epoch_05": {
        "dsc": 0.9270343362239368,
        "iou": 0.8804606052867152,
        "accuracy": 0.9982363623903507,
        "precision": 0.954448518000151,
        "recall": 0.9239318396961479,
        "loss": 0.07289303133362218
    },
    "epoch_06": {
        "dsc": 0.9263100195349308,
        "iou": 0.8792880752630401,
        "accuracy": 0.9982097639117324,
        "precision": 0.9527957627647802,
        "recall": 0.923664643053423,
        "loss": 0.07361886140547301
    },
    "epoch_07": {
        "dsc": 0.9258287637902981,
        "iou": 0.8790952223434781,
        "accuracy": 0.9982379043311403,
        "precision": 0.9461304304892556,
        "recall": 0.930689986860543,
        "loss": 0.0739987900382594
    },
    "epoch_08": {
        "dsc": 0.9264590850001887,
        "iou": 0.8813502103613134,
        "accuracy": 0.9982934998629386,
        "precision": 0.9544574597425626,
        "recall": 0.9248196754539223,
        "loss": 0.07348540346873433
    },
    "epoch_09": {
        "dsc": 0.9319535441565931,
        "iou": 0.8883118425544939,
        "accuracy": 0.9983466968201755,
        "precision": 0.952955462430653,
        "recall": 0.9336452965150801,
        "loss": 0.0679037006277787
    },
    "epoch_10": {
        "dsc": 0.9318056341848877,
        "iou": 0.8883900318229406,
        "accuracy": 0.998375308388158,
        "precision": 0.9567099715534008,
        "recall": 0.9299967471967665,
        "loss": 0.06799438282063133
    },
    "epoch_11": {
        "dsc": 0.9325990906932897,
        "iou": 0.8899355718964026,
        "accuracy": 0.9983866587856361,
        "precision": 0.953590662855851,
        "recall": 0.9347140109329894,
        "loss": 0.06734567880630493
    },
    "epoch_12": {
        "dsc": 0.932134364257779,
        "iou": 0.8896330302221734,
        "accuracy": 0.9984046052631579,
        "precision": 0.9629819529098377,
        "recall": 0.9250227929207314,
        "loss": 0.06760223601993762
    },
    "epoch_13": {
        "dsc": 0.9302735302531927,
        "iou": 0.8885579130105804,
        "accuracy": 0.9983929122121712,
        "precision": 0.9558767613611723,
        "recall": 0.9309937305617754,
        "loss": 0.06945907834329103
    },
    "epoch_14": {
        "dsc": 0.9357819264395194,
        "iou": 0.8948751850086346,
        "accuracy": 0.9984570312500002,
        "precision": 0.9614221861487943,
        "recall": 0.9317800705892997,
        "loss": 0.06404160355266772
    },
    "epoch_15": {
        "dsc": 0.9341356085057843,
        "iou": 0.8923877268506769,
        "accuracy": 0.9984126576206139,
        "precision": 0.9525330683641265,
        "recall": 0.9378429457806704,
        "loss": 0.06562743688884534
    },
    "epoch_16": {
        "dsc": 0.9289488839475732,
        "iou": 0.886076615044945,
        "accuracy": 0.9983633155153511,
        "precision": 0.9468421339988711,
        "recall": 0.9332832333288693,
        "loss": 0.07098982836070813
    },
    "epoch_17": {
        "dsc": 0.9355264096929315,
        "iou": 0.8949846390046572,
        "accuracy": 0.9984520199424342,
        "precision": 0.9498026182777003,
        "recall": 0.9435903126733344,
        "loss": 0.06418650793401819
    },
    "epoch_18": {
        "dsc": 0.9328584833103313,
        "iou": 0.8932872121794181,
        "accuracy": 0.9984925815515349,
        "precision": 0.9590097582131103,
        "recall": 0.9326960716331216,
        "loss": 0.06696020772582606
    },
    "epoch_19": {
        "dsc": 0.935936981125882,
        "iou": 0.8963103911332917,
        "accuracy": 0.9985177237527413,
        "precision": 0.9673317953159934,
        "recall": 0.9273785242908877,
        "loss": 0.06385005618396558
    },
    "epoch_20": {
        "dsc": 0.9351514682435154,
        "iou": 0.8959669110022095,
        "accuracy": 0.9985058165433115,
        "precision": 0.9609212864909255,
        "recall": 0.9334392960657152,
        "loss": 0.06448932305762642
    },
    "epoch_21": {
        "dsc": 0.9354495698945565,
        "iou": 0.8942942221959433,
        "accuracy": 0.9984399414062499,
        "precision": 0.9581832216497054,
        "recall": 0.9344644044574938,
        "loss": 0.06426177526775159
    },
    "epoch_22": {
        "dsc": 0.9365208222154985,
        "iou": 0.8963571828708311,
        "accuracy": 0.9984992204632676,
        "precision": 0.9564550341221324,
        "recall": 0.9383399585882823,
        "loss": 0.06319839311273474
    },
    "epoch_23": {
        "dsc": 0.9365038019523287,
        "iou": 0.8967445016952984,
        "accuracy": 0.9985350277549343,
        "precision": 0.9588298044706646,
        "recall": 0.9363297715521696,
        "loss": 0.06322760566284782
    },
    "epoch_24": {
        "dsc": 0.9366618724245774,
        "iou": 0.8973763883113859,
        "accuracy": 0.9985433371025219,
        "precision": 0.9663435408943578,
        "recall": 0.9293980514794065,
        "loss": 0.06318770662734383
    },
    "epoch_25": {
        "dsc": 0.9362179767667203,
        "iou": 0.8974770417338925,
        "accuracy": 0.9985135262472588,
        "precision": 0.955367999118671,
        "recall": 0.9405686416124043,
        "loss": 0.06350498842565637
    },
    "epoch_26": {
        "dsc": 0.9373222045731123,
        "iou": 0.8978834884208545,
        "accuracy": 0.998543979577851,
        "precision": 0.9620856067590546,
        "recall": 0.9343437887074657,
        "loss": 0.06244790632473795
    },
    "epoch_27": {
        "dsc": 0.9379247343331052,
        "iou": 0.899063456999628,
        "accuracy": 0.9985493335389256,
        "precision": 0.9549422797403836,
        "recall": 0.9425845862480633,
        "loss": 0.06179186309638776
    },
    "epoch_28": {
        "dsc": 0.9365343326016476,
        "iou": 0.8979150182322454,
        "accuracy": 0.9985515179550436,
        "precision": 0.9581414032400698,
        "recall": 0.9381375835652938,
        "loss": 0.06321492320612858
    },
    "epoch_29": {
        "dsc": 0.9317931041382906,
        "iou": 0.8916291829786802,
        "accuracy": 0.9984971217105264,
        "precision": 0.9721722372791226,
        "recall": 0.9178789519427116,
        "loss": 0.06797232361216295
    },
    "epoch_30": {
        "dsc": 0.9347386198085651,
        "iou": 0.8957135834191975,
        "accuracy": 0.9984975071957234,
        "precision": 0.9496560284965917,
        "recall": 0.9445499610482602,
        "loss": 0.06493282788678219
    },
    "epoch_31": {
        "dsc": 0.9350753531121371,
        "iou": 0.8962793731898595,
        "accuracy": 0.9984891978481363,
        "precision": 0.9486624337079232,
        "recall": 0.9460604305852924,
        "loss": 0.0646614620560094
    },
    "epoch_32": {
        "dsc": 0.9398694472354756,
        "iou": 0.9017507339778701,
        "accuracy": 0.9985370408442983,
        "precision": 0.9494821387424802,
        "recall": 0.9507113334379697,
        "loss": 0.05992857249159562
    },