{
    "epoch_01": {
        "dsc": 0.8772490274778662,
        "iou": 0.8095277203595574,
        "accuracy": 0.9970891648562833,
        "precision": 0.92176663535589,
        "recall": 0.8744976542850229,
        "loss": 0.12290530265333818
    },
    "epoch_02": {
        "dsc": 0.9087900902391969,
        "iou": 0.8563483019032366,
        "accuracy": 0.9979485485600491,
        "precision": 0.9340852842717671,
        "recall": 0.9125761491729614,
        "loss": 0.09053716286618442
    },
    "epoch_03": {
        "dsc": 0.9132820086789427,
        "iou": 0.8632904385181672,
        "accuracy": 0.9980657012449865,
        "precision": 0.9320471312272995,
        "recall": 0.9203830851696816,
        "loss": 0.08567342401188326
    },
    "epoch_04": {
        "dsc": 0.9169970856524619,
        "iou": 0.8671313582682141,
        "accuracy": 0.9980753014984403,
        "precision": 0.9322306092516411,
        "recall": 0.9246543188996068,
        "loss": 0.08222881931672121
    },
    "epoch_05": {
        "dsc": 0.9227864638156857,
        "iou": 0.875390640926446,
        "accuracy": 0.998207920774844,
        "precision": 0.9404604772832942,
        "recall": 0.9298019941477852,
        "loss": 0.07609254807074439
    },
    "epoch_06": {
        "dsc": 0.9278383232692984,
        "iou": 0.8822510689762613,
        "accuracy": 0.9982932176776961,
        "precision": 0.9421372432759739,
        "recall": 0.934540652070666,
        "loss": 0.07098883597608556
    },
    "epoch_07": {
        "dsc": 0.9290777906483294,
        "iou": 0.8836452812222024,
        "accuracy": 0.9983132972649287,
        "precision": 0.941927336807132,
        "recall": 0.9355473161381196,
        "loss": 0.06974844674375605
    },
    "epoch_08": {
        "dsc": 0.9299164155162803,
        "iou": 0.8848633843203492,
        "accuracy": 0.9983155776515151,
        "precision": 0.9412627920322453,
        "recall": 0.9359540714087121,
        "loss": 0.06895462618792121
    },
    "epoch_09": {
        "dsc": 0.932043767708508,
        "iou": 0.8878982773651626,
        "accuracy": 0.9983555627506684,
        "precision": 0.9426751093749695,
        "recall": 0.9388146278798687,
        "loss": 0.06696038482023432
    },
    "epoch_10": {
        "dsc": 0.9351679065435752,
        "iou": 0.8921974707733501,
        "accuracy": 0.9984136516822638,
        "precision": 0.9460880587445223,
        "recall": 0.9414989225260926,
        "loss": 0.06362803192699656
    },
    "epoch_11": {
        "dsc": 0.9364447293009563,
        "iou": 0.8943766044741646,
        "accuracy": 0.9984396585338681,
        "precision": 0.946422557142329,
        "recall": 0.9428018469117756,
        "loss": 0.06239625588457852
    },
    "epoch_12": {
        "dsc": 0.9366260903510605,
        "iou": 0.8952682372614236,
        "accuracy": 0.9984632370348707,
        "precision": 0.9477666509661445,
        "recall": 0.942244462629053,
        "loss": 0.062099596077108125
    },
    "epoch_13": {
        "dsc": 0.9373008548788422,
        "iou": 0.8967752408322591,
        "accuracy": 0.9984873377618092,
        "precision": 0.9502300093093234,
        "recall": 0.942953803216285,
        "loss": 0.06141124370901342
    },
    "epoch_14": {
        "dsc": 0.9392440694113678,
        "iou": 0.8997796838190041,
        "accuracy": 0.9985277754567736,
        "precision": 0.9518186648686728,
        "recall": 0.9433525404403128,
        "loss": 0.05947293141946436
    },
    "epoch_15": {
        "dsc": 0.9384607841624296,
        "iou": 0.897858665748076,
        "accuracy": 0.9984792954823976,
        "precision": 0.9488140165593322,
        "recall": 0.9439592406073993,
        "loss": 0.06035022525226369
    },
    "epoch_16": {
        "dsc": 0.9391429719121699,
        "iou": 0.8990974415113582,
        "accuracy": 0.998519968179033,
        "precision": 0.9501852259810172,
        "recall": 0.9450543212593134,
        "loss": 0.059649876732239746
    },
    "epoch_17": {
        "dsc": 0.9390811091438335,
        "iou": 0.9000232256351308,
        "accuracy": 0.9985413707386364,
        "precision": 0.950365905827592,
        "recall": 0.9459846885127817,
        "loss": 0.059623516020290354
    },
    "epoch_18": {
        "dsc": 0.9415203617643332,
        "iou": 0.9037449364143684,
        "accuracy": 0.9985890325590463,
        "precision": 0.9528035845029801,
        "recall": 0.9472634904949848,
        "loss": 0.05719029871537724
    },
    "epoch_19": {
        "dsc": 0.9425124903732442,
        "iou": 0.9051263115622781,
        "accuracy": 0.9986023319128788,
        "precision": 0.9529062374071642,
        "recall": 0.9478624532673234,
        "loss": 0.05616314239042965
    },
    "epoch_20": {
        "dsc": 0.9423512761180627,
        "iou": 0.9058827764210217,
        "accuracy": 0.998627215978721,
        "precision": 0.9527586479662998,
        "recall": 0.9480096978299758,
        "loss": 0.05625449208652272
    },
    "epoch_21": {
        "dsc": 0.9386559165416555,
        "iou": 0.89989612159882,
        "accuracy": 0.9985141192485517,
        "precision": 0.9495979382817544,
        "recall": 0.9459230663410907,
        "loss": 0.06004439812293027
    },
    "epoch_22": {
        "dsc": 0.9410180407518158,
        "iou": 0.902603829608244,
        "accuracy": 0.9985703803893716,
        "precision": 0.9501497205778451,
        "recall": 0.9473289603005542,
        "loss": 0.057693433634100115
    },
    "epoch_23": {
        "dsc": 0.9443397629282267,
        "iou": 0.9076412587348578,
        "accuracy": 0.998636032893271,
        "precision": 0.9533675966415813,
        "recall": 0.9507267108575546,
        "loss": 0.054358791858754696
    },
    "epoch_24": {
        "dsc": 0.9450720977868202,
        "iou": 0.9094617183514457,
        "accuracy": 0.9986641895749776,
        "precision": 0.9550395509138464,
        "recall": 0.9510690795121557,
        "loss": 0.053588424774414715
    },
    "epoch_25": {
        "dsc": 0.9444743668438066,
        "iou": 0.9094358124834968,
        "accuracy": 0.9986855747270498,
        "precision": 0.95451348658764,
        "recall": 0.9495750363391564,
        "loss": 0.054132702038249866
    },
    "epoch_26": {
        "dsc": 0.9449765149391057,
        "iou": 0.9101014436884998,
        "accuracy": 0.9986933297821969,
        "precision": 0.9559110187379222,
        "recall": 0.950092747037211,
        "loss": 0.05366194917556436
    },
    "epoch_27": {
        "dsc": 0.9448561095192685,
        "iou": 0.9101783068528575,
        "accuracy": 0.9987016766934047,
        "precision": 0.9551413254729355,
        "recall": 0.950851160627848,
        "loss": 0.05377082598400626
    },
    "epoch_28": {
        "dsc": 0.9462621545090395,
        "iou": 0.9123324053279005,
        "accuracy": 0.9987252029718137,
        "precision": 0.957275623518728,
        "recall": 0.9511027512490855,
        "loss": 0.05238821082574161
    },
    "epoch_29": {
        "dsc": 0.9471267829391832,
        "iou": 0.9136803295204347,
        "accuracy": 0.9987461007130125,
        "precision": 0.9584799622469408,
        "recall": 0.9519311700700227,
        "loss": 0.05147447719930965
    },
    "epoch_30": {
        "dsc": 0.9451290109259559,
        "iou": 0.9104711957368835,
        "accuracy": 0.9987145582664884,
        "precision": 0.9574398114719492,
        "recall": 0.9499869919290729,
        "loss": 0.053442506388546945
    },
    "epoch_31": {
        "dsc": 0.9471786175182157,
        "iou": 0.9138337638820132,
        "accuracy": 0.9987496605531417,
        "precision": 0.9581325044075224,
        "recall": 0.9522396309065521,
        "loss": 0.05148774560760049
    },
    "epoch_32": {
        "dsc": 0.947779758569391,
        "iou": 0.9147765435105764,
        "accuracy": 0.9987624115697415,
        "precision": 0.9586191988565067,
        "recall": 0.9532402175314286,
        "loss": 0.050908096811988136
    },