{
    "dsc": 0.8877320986045035,
    "loss": 0.08838131365023161,
    "iou": 0.8310059022485163,
    "accuracy": 0.9989660687362939,
    "precision": 0.919881388388182,
    "recall": 0.9006582839447157
}