{
    "epoch_01": {
        "dsc": 0.6991455513134338,
        "iou": 0.5604853256603232,
        "accuracy": 0.9848410332471804,
        "precision": 0.5790334324490158,
        "recall": 0.9416777092711369,
        "loss": 0.8601191613010895
    },
    "epoch_02": {
        "dsc": 0.7727702461687246,
        "iou": 0.6484394440973612,
        "accuracy": 0.9897352512139725,
        "precision": 0.6525089806482607,
        "recall": 0.9831618814540088,
        "loss": 0.7936026642197057
    },
    "epoch_03": {
        "dsc": 0.8801621870887011,
        "iou": 0.8055888363592009,
        "accuracy": 0.9961044456845238,
        "precision": 0.8422092519009622,
        "recall": 0.9575864710007097,
        "loss": 0.6487153257642474
    },
    "epoch_04": {
        "dsc": 0.9096819449188118,
        "iou": 0.8504868509775416,
        "accuracy": 0.9971482906484962,
        "precision": 0.8817939973415289,
        "recall": 0.9571413450073777,
        "loss": 0.47873868126618235
    },
    "epoch_05": {
        "dsc": 0.9276634090227592,
        "iou": 0.8761788203303975,
        "accuracy": 0.9976871132910401,
        "precision": 0.9175565678971752,
        "recall": 0.9550853791392239,
        "loss": 0.3255647322289029
    },
    "epoch_06": {
        "dsc": 0.9282785202925068,
        "iou": 0.8734966322294153,
        "accuracy": 0.9974963042371554,
        "precision": 0.8995995455815978,
        "recall": 0.9698500346420402,
        "loss": 0.22547880240849086
    },
    "epoch_07": {
        "dsc": 0.924203656669846,
        "iou": 0.8738575845135186,
        "accuracy": 0.9976916412124059,
        "precision": 0.9663833072012228,
        "recall": 0.9047433176733796,
        "loss": 0.16619150038052322
    },
    "epoch_08": {
        "dsc": 0.9285507653291363,
        "iou": 0.8801246872521881,
        "accuracy": 0.9978298529526942,
        "precision": 0.937007973367409,
        "recall": 0.9398244753816074,
        "loss": 0.13090317007294275
    },
    "epoch_09": {
        "dsc": 0.9394289640555703,
        "iou": 0.8955445188029967,
        "accuracy": 0.9981362586152883,
        "precision": 0.9560593268028775,
        "recall": 0.9372849210461878,
        "loss": 0.09721404941458452
    },
    "epoch_10": {
        "dsc": 0.9423404265764661,
        "iou": 0.8977331245752206,
        "accuracy": 0.9980851787672307,
        "precision": 0.94552084855866,
        "recall": 0.9499114999795021,
        "loss": 0.08120546484352055
    },
    "epoch_11": {
        "dsc": 0.941653717729382,
        "iou": 0.8956965133361051,
        "accuracy": 0.9980395813753132,
        "precision": 0.9359172896334998,
        "recall": 0.9579561772501857,
        "loss": 0.07362071150227596
    },
    "epoch_12": {
        "dsc": 0.940683384586994,
        "iou": 0.8952761535955253,
        "accuracy": 0.9980473155545113,
        "precision": 0.947615991558945,
        "recall": 0.9453584218682503,
        "loss": 0.07135288562989772
    },
    "epoch_13": {
        "dsc": 0.923584713075394,
        "iou": 0.8753520187578703,
        "accuracy": 0.9978651952145992,
        "precision": 0.9689712685749943,
        "recall": 0.9045238981868391,
        "loss": 0.08397270907136731
    },
    "epoch_14": {
        "dsc": 0.9499632678832625,
        "iou": 0.9071642133526336,
        "accuracy": 0.998194216008772,
        "precision": 0.9462363558604305,
        "recall": 0.9588630175530759,
        "loss": 0.055223287048196436
    },
    "epoch_15": {
        "dsc": 0.9455023528938007,
        "iou": 0.9029658019990849,
        "accuracy": 0.99824140429198,
        "precision": 0.9572320313083199,
        "recall": 0.9440749880664031,
        "loss": 0.05827768808020685
    },
    "epoch_16": {
        "dsc": 0.949667097034311,
        "iou": 0.906882367337258,
        "accuracy": 0.9981955866228072,
        "precision": 0.9468434412676588,
        "recall": 0.9581224541915091,
        "loss": 0.05298501297943574
    },
    "epoch_17": {
        "dsc": 0.9480401346259248,
        "iou": 0.9035035195506009,
        "accuracy": 0.9980796718358397,
        "precision": 0.9308930489054899,
        "recall": 0.9710209309905395,
        "loss": 0.05369401784767782
    },
    "epoch_18": {
        "dsc": 0.946180179901888,
        "iou": 0.9014019111642863,
        "accuracy": 0.9981294789708647,
        "precision": 0.9507376556109665,
        "recall": 0.9485062793980267,
        "loss": 0.05525465746571247
    },
    "epoch_19": {
        "dsc": 0.9428640956567942,
        "iou": 0.9016034994507792,
        "accuracy": 0.9982713619987467,
        "precision": 0.956841284171083,
        "recall": 0.9431448678922535,
        "loss": 0.05796240012448533
    },
    "epoch_20": {
        "dsc": 0.9487025433016899,
        "iou": 0.9068997109444219,
        "accuracy": 0.9982241981907894,
        "precision": 0.9410700887665713,
        "recall": 0.9638933475154982,
        "loss": 0.05183855573037513
    },
    "epoch_21": {
        "dsc": 0.9503154180999985,
        "iou": 0.9082819250293244,
        "accuracy": 0.9982530545112781,
        "precision": 0.9473470679500645,
        "recall": 0.9592706989823725,
        "loss": 0.050078597732056356
    },
    "epoch_22": {
        "dsc": 0.9513751390882603,
        "iou": 0.9099411396753221,
        "accuracy": 0.9982915540805137,
        "precision": 0.9592134474512927,
        "recall": 0.9489324576872632,
        "loss": 0.04892091822803469
    },
    "epoch_23": {
        "dsc": 0.9505888029447476,
        "iou": 0.9095687597317803,
        "accuracy": 0.9983101307957394,
        "precision": 0.9614250331295462,
        "recall": 0.9464317061249773,
        "loss": 0.049659135198234616
    },
    "epoch_24": {
        "dsc": 0.947427309246589,
        "iou": 0.9056034354040198,
        "accuracy": 0.9982221667449876,
        "precision": 0.9467534630519704,
        "recall": 0.9572628512418359,
        "loss": 0.05271083475055551
    },
    "epoch_25": {
        "dsc": 0.9467864544469313,
        "iou": 0.9057704631547282,
        "accuracy": 0.9982728549890352,
        "precision": 0.954293265378565,
        "recall": 0.9497556746155398,
        "loss": 0.053194875555827206
    },
    "epoch_26": {
        "dsc": 0.9535049704979535,
        "iou": 0.9139046513645871,
        "accuracy": 0.9983716126253134,
        "precision": 0.9548532909020446,
        "recall": 0.9574780135525198,
        "loss": 0.046495258359980765
    },
    "epoch_27": {
        "dsc": 0.9497495671561486,
        "iou": 0.9088510014957055,
        "accuracy": 0.9983372738486841,
        "precision": 0.9591893970518184,
        "recall": 0.9481141125050404,
        "loss": 0.05024221830798271
    },
    "epoch_28": {
        "dsc": 0.9497696743871933,
        "iou": 0.9087686550647094,
        "accuracy": 0.9983409206610275,
        "precision": 0.9657166697327656,
        "recall": 0.9414350729538384,
        "loss": 0.05019207825338034
    },
    "epoch_29": {
        "dsc": 0.951473953729883,
        "iou": 0.9112194540506616,
        "accuracy": 0.9983814516760653,
        "precision": 0.9583209732122588,
        "recall": 0.9513752239389827,
        "loss": 0.04843816810980775
    },
    "epoch_30": {
        "dsc": 0.9520389472034043,
        "iou": 0.9115380350509682,
        "accuracy": 0.9983618714755637,
        "precision": 0.9708486320380878,
        "recall": 0.9391504905576396,
        "loss": 0.047900580822077016
    },
    "epoch_31": {
        "dsc": 0.9550438273819467,
        "iou": 0.916045834247331,
        "accuracy": 0.9983876194392232,
        "precision": 0.9541713581945663,
        "recall": 0.9602098166195673,
        "loss": 0.04480754925792379
    },
    "epoch_32": {
        "dsc": 0.9519981531272256,
        "iou": 0.9118483425083017,
        "accuracy": 0.9983563890194235,
        "precision": 0.9556594647859272,
        "recall": 0.9544452067305869,
        "loss": 0.04784580460168365
    },