{
    "dsc": 0.9091608258883159,
    "loss": 0.04413992943366369,
    "iou": 0.85813270605935,
    "accuracy": 0.9838092664930557,
    "precision": 0.9396484299235874,
    "recall": 0.8998590781423779
}