{
    "dsc": 0.8784968198391429,
    "loss": 0.1906096928998044,
    "iou": 0.8209655805637961,
    "accuracy": 0.9989215837445176,
    "precision": 0.8971346800787409,
    "recall": 0.9087343841268305
}