{
    "dsc": 0.8789217515995628,
    "loss": 0.20679688830124707,
    "iou": 0.8219862392074182,
    "accuracy": 0.9989360994037829,
    "precision": 0.9015074614892924,
    "recall": 0.9065422426190292
}