{
    "dsc": 0.8839395134072555,
    "loss": 0.09259673357009889,
    "iou": 0.8264079242421868,
    "accuracy": 0.9989311609100877,
    "precision": 0.9121171167022304,
    "recall": 0.8997029089091118
}