{
    "dsc": 0.8903646774821812,
    "loss": 0.12782607014973957,
    "iou": 0.8338094374868605,
    "accuracy": 0.9989662630208332,
    "precision": 0.904631607055664,
    "recall": 0.9153713624212477
}