{
    "epoch_01": {
        "dsc": 0.6446529114455508,
        "iou": 0.504574484208174,
        "accuracy": 0.9929473769873902,
        "precision": 0.5198602137858408,
        "recall": 0.9490637789692796,
        "loss": 0.9448234015389493
    },
    "epoch_02": {
        "dsc": 0.639023909639371,
        "iou": 0.4979667386464904,
        "accuracy": 0.993211091694079,
        "precision": 0.5271314042702056,
        "recall": 0.9372002315102961,
        "loss": 0.9306522639174211
    },
    "epoch_03": {
        "dsc": 0.7346466507828024,
        "iou": 0.6118774147410141,
        "accuracy": 0.9955640933388156,
        "precision": 0.631829857826233,
        "recall": 0.9605922071557296,
        "loss": 0.8835411228631672
    },
    "epoch_04": {
        "dsc": 0.7712992173864651,
        "iou": 0.6869012382894493,
        "accuracy": 0.9977572042900221,
        "precision": 0.8659607140641463,
        "recall": 0.8024671943041316,
        "loss": 0.7627259728155638
    },
    "epoch_05": {
        "dsc": 0.8113348630436681,
        "iou": 0.7269640141411833,
        "accuracy": 0.997592345120614,
        "precision": 0.765869843332391,
        "recall": 0.9502836674974676,
        "loss": 0.6224668857298399
    },
    "epoch_06": {
        "dsc": 0.8829036041309959,
        "iou": 0.8200867897585817,
        "accuracy": 0.9988337359512063,
        "precision": 0.8765333890914917,
        "recall": 0.9337483085038366,
        "loss": 0.46611060358976064
    },
    "epoch_07": {
        "dsc": 0.8926527991629486,
        "iou": 0.8296170511789489,
        "accuracy": 0.9988814932839913,
        "precision": 0.8823432530227459,
        "recall": 0.9428206410324363,
        "loss": 0.31851495174985184
    },
    "epoch_08": {
        "dsc": 0.8978398285414045,
        "iou": 0.8429091060370728,
        "accuracy": 0.9990176980537282,
        "precision": 0.9401324705073708,
        "recall": 0.8977043775089999,
        "loss": 0.2234023354555431
    },
    "epoch_09": {
        "dsc": 0.9194560934577071,
        "iou": 0.8662521530661665,
        "accuracy": 0.9991254625822369,
        "precision": 0.9253597437289726,
        "recall": 0.936073934299904,
        "loss": 0.17271023282879278
    },
    "epoch_10": {
        "dsc": 0.9189344011900717,
        "iou": 0.8644861307060508,
        "accuracy": 0.9991001918859649,
        "precision": 0.9365166143367163,
        "recall": 0.9231746045120977,
        "loss": 0.1483752602025082
    },
    "epoch_11": {
        "dsc": 0.9284247531179796,
        "iou": 0.8766802863070837,
        "accuracy": 0.9991683799342105,
        "precision": 0.9394034283202992,
        "recall": 0.9327343236981775,
        "loss": 0.1242370268231944
    },
    "epoch_12": {
        "dsc": 0.918073364517145,
        "iou": 0.8640309802272863,
        "accuracy": 0.9991220788788377,
        "precision": 0.9048704714105839,
        "recall": 0.9506767601297613,
        "loss": 0.12296156506789357
    },
    "epoch_13": {
        "dsc": 0.9168405517151481,
        "iou": 0.8669555114026656,
        "accuracy": 0.9991815720942981,
        "precision": 0.9287686818524411,
        "recall": 0.9333935364296562,
        "loss": 0.11650595147358744
    },
    "epoch_14": {
        "dsc": 0.9167964991770292,
        "iou": 0.8633766974273479,
        "accuracy": 0.9991322299890348,
        "precision": 0.9465491667128446,
        "recall": 0.9096796606716359,
        "loss": 0.11388170327010907
    },
    "epoch_15": {
        "dsc": 0.9194897120459039,
        "iou": 0.8653121318733482,
        "accuracy": 0.9991139408580042,
        "precision": 0.9154611073042217,
        "recall": 0.942640242346546,
        "loss": 0.1092923165936219
    },
    "epoch_16": {
        "dsc": 0.9204038669142806,
        "iou": 0.8689945941431482,
        "accuracy": 0.9991581859923245,
        "precision": 0.9427347256426223,
        "recall": 0.9208856491666091,
        "loss": 0.1066365155734514
    },
    "epoch_17": {
        "dsc": 0.9191106170938729,
        "iou": 0.8716972046776822,
        "accuracy": 0.9992047868695179,
        "precision": 0.9476346153961986,
        "recall": 0.9199838727189783,
        "loss": 0.10653087418330343
    },
    "epoch_18": {
        "dsc": 0.9258644162562856,
        "iou": 0.8756613475188876,
        "accuracy": 0.9991813151041669,
        "precision": 0.9464579789262071,
        "recall": 0.9246268366512498,
        "loss": 0.10087262721438157
    },
    "epoch_19": {
        "dsc": 0.9265471231519129,
        "iou": 0.8727190803017532,
        "accuracy": 0.9991166820860744,
        "precision": 0.9244862209286607,
        "recall": 0.9436083373270536,
        "loss": 0.10069478891397778
    },
    "epoch_20": {
        "dsc": 0.9284445784593881,
        "iou": 0.8756278732366729,
        "accuracy": 0.9991653817160087,
        "precision": 0.9305340762723953,
        "recall": 0.9402906047670465,
        "loss": 0.09402141994551609
    },
    "epoch_21": {
        "dsc": 0.9229512031663929,
        "iou": 0.870783956950171,
        "accuracy": 0.9991679944490132,
        "precision": 0.9030739272895614,
        "recall": 0.9641223131564626,
        "loss": 0.0971586304275613
    },
    "epoch_22": {
        "dsc": 0.9099928705315841,
        "iou": 0.8515721172617191,
        "accuracy": 0.9990016361705043,
        "precision": 0.8858797424717956,
        "recall": 0.9605083632887457,
        "loss": 0.11623697767132207
    },
    "epoch_23": {
        "dsc": 0.9229092242424947,
        "iou": 0.8712732190625708,
        "accuracy": 0.9991607558936405,
        "precision": 0.9315432064365922,
        "recall": 0.9331107923859042,
        "loss": 0.09380146547367699
    },
    "epoch_24": {
        "dsc": 0.9171224675680459,
        "iou": 0.8599930159878313,
        "accuracy": 0.9990221953810308,
        "precision": 0.9569151025069389,
        "recall": 0.8975434758161246,
        "loss": 0.10257998265718159
    },
    "epoch_25": {
        "dsc": 0.9315290498106104,
        "iou": 0.8822228913767297,
        "accuracy": 0.9992274876644738,
        "precision": 0.9393104759224673,
        "recall": 0.9379983183584717,
        "loss": 0.08642388331262689
    },
    "epoch_26": {
        "dsc": 0.933666044682787,
        "iou": 0.8852176817885615,
        "accuracy": 0.9992205060992325,
        "precision": 0.9511154147616605,
        "recall": 0.9293555376822488,
        "loss": 0.08804999684032641
    },
    "epoch_27": {
        "dsc": 0.9123297391230601,
        "iou": 0.8524617411588368,
        "accuracy": 0.9989636016310307,
        "precision": 0.9380358112485787,
        "recall": 0.9031101444311307,
        "loss": 0.10780621123941321
    },
    "epoch_28": {
        "dsc": 0.9290265461854768,
        "iou": 0.8802960216999054,
        "accuracy": 0.9992237184758771,
        "precision": 0.9367750653049403,
        "recall": 0.9380467534065247,
        "loss": 0.09009809792041779
    },
    "epoch_29": {
        "dsc": 0.9244443016094075,
        "iou": 0.8736054097351275,
        "accuracy": 0.9991682942708335,
        "precision": 0.9557874788317766,
        "recall": 0.9126957958204703,
        "loss": 0.09571744423163564
    },
    "epoch_30": {
        "dsc": 0.9185917529097773,
        "iou": 0.8626921793870759,
        "accuracy": 0.9989725534539473,
        "precision": 0.9506637203065973,
        "recall": 0.9058314561843872,
        "loss": 0.10006953148465407
    },
    "epoch_31": {
        "dsc": 0.9200890534802485,
        "iou": 0.8666989850370508,
        "accuracy": 0.9991091865405702,
        "precision": 0.9488369508793482,
        "recall": 0.9118230557232572,
        "loss": 0.09888761372942674
    },
    "epoch_32": {
        "dsc": 0.9165609923371099,
        "iou": 0.8663597493840937,
        "accuracy": 0.9991559159128292,
        "precision": 0.9599372075315106,
        "recall": 0.902094299855985,
        "loss": 0.09918561656224101
    },