{
    "epoch_01": {
        "dsc": 0.7719311497959437,
        "iou": 0.6656288423852699,
        "accuracy": 0.9967176185104722,
        "precision": 0.723825096765304,
        "recall": 0.9235976004239285,
        "loss": 0.22635953933159936
    },
    "epoch_02": {
        "dsc": 0.8636942379933628,
        "iou": 0.7874502921593167,
        "accuracy": 0.9985419016683379,
        "precision": 0.8605608139021086,
        "recall": 0.9127779852685232,
        "loss": 0.13265142179427938
    },
    "epoch_03": {
        "dsc": 0.8774749491622741,
        "iou": 0.8065542430482446,
        "accuracy": 0.9986993266766933,
        "precision": 0.8724049930054023,
        "recall": 0.9215600613285514,
        "loss": 0.11699652480569116
    },
    "epoch_04": {
        "dsc": 0.8848405183424073,
        "iou": 0.8166212440068285,
        "accuracy": 0.9987738135026737,
        "precision": 0.8825649176583147,
        "recall": 0.9227612307577423,
        "loss": 0.10849857728749035
    },
    "epoch_05": {
        "dsc": 0.890742799283774,
        "iou": 0.8248504232914052,
        "accuracy": 0.9988236686720143,
        "precision": 0.886849587242021,
        "recall": 0.9272516064359119,
        "loss": 0.10130084788098055
    },
    "epoch_06": {
        "dsc": 0.8942518385123865,
        "iou": 0.8293127162571259,
        "accuracy": 0.9988715567903299,
        "precision": 0.8951599735520954,
        "recall": 0.9234968332470843,
        "loss": 0.09588056181203873
    },
    "epoch_07": {
        "dsc": 0.8956808208781768,
        "iou": 0.831642402790872,
        "accuracy": 0.9988823668672014,
        "precision": 0.895485487054376,
        "recall": 0.9247454439892488,
        "loss": 0.09372460666824789
    },
    "epoch_08": {
        "dsc": 0.8956333549689905,
        "iou": 0.8328894157885656,
        "accuracy": 0.9989095574309269,
        "precision": 0.906184530247554,
        "recall": 0.9163052447126936,
        "loss": 0.09098054540348563
    },
    "epoch_09": {
        "dsc": 0.8978885315000055,
        "iou": 0.8354432293331772,
        "accuracy": 0.9989177302668227,
        "precision": 0.9037638434114303,
        "recall": 0.9223813341263144,
        "loss": 0.08817983279253709
    },
    "epoch_10": {
        "dsc": 0.9023413805294377,
        "iou": 0.8400355263508578,
        "accuracy": 0.9989320131461675,
        "precision": 0.9025609088454017,
        "recall": 0.9274393466704669,
        "loss": 0.08405102446754986
    },
    "epoch_11": {
        "dsc": 0.9014972177950032,
        "iou": 0.8386548698054703,
        "accuracy": 0.9989229264148841,
        "precision": 0.9068383189871136,
        "recall": 0.9214300812884448,
        "loss": 0.08420291973307809
    },
    "epoch_12": {
        "dsc": 0.9005426283188682,
        "iou": 0.8383182755234833,
        "accuracy": 0.9989216208500447,
        "precision": 0.9039783595717527,
        "recall": 0.9242306203446924,
        "loss": 0.0849279539789108
    },
    "epoch_13": {
        "dsc": 0.9053390653481882,
        "iou": 0.8440041938886286,
        "accuracy": 0.9989477582581328,
        "precision": 0.9047704917543075,
        "recall": 0.929285408819423,
        "loss": 0.07907441593108967
    },
    "epoch_14": {
        "dsc": 0.9054067435403772,
        "iou": 0.8445156004060718,
        "accuracy": 0.9989580896278965,
        "precision": 0.9046726874847781,
        "recall": 0.9294614617624809,
        "loss": 0.07816806658704013
    },
    "epoch_15": {
        "dsc": 0.9061753714785856,
        "iou": 0.8448614623669845,
        "accuracy": 0.9989561835032307,
        "precision": 0.9104366016154194,
        "recall": 0.9245376827563832,
        "loss": 0.07758136739067853
    },
    "epoch_16": {
        "dsc": 0.9079878936901874,
        "iou": 0.847291802552507,
        "accuracy": 0.9989704054562166,
        "precision": 0.9080071400937336,
        "recall": 0.929310299655333,
        "loss": 0.07492806535353635
    },
    "epoch_17": {
        "dsc": 0.909552168931128,
        "iou": 0.8494045042736645,
        "accuracy": 0.9989799186720144,
        "precision": 0.9109602619407435,
        "recall": 0.9283991660557541,
        "loss": 0.07388353586834383
    },
    "epoch_18": {
        "dsc": 0.9068595377625415,
        "iou": 0.847134768484748,
        "accuracy": 0.9989773945799911,
        "precision": 0.9099635315557638,
        "recall": 0.9275511391128873,
        "loss": 0.0756193093437562
    },
    "epoch_19": {
        "dsc": 0.9080382451122883,
        "iou": 0.8479991809675824,
        "accuracy": 0.99898204239082,
        "precision": 0.9092560173568454,
        "recall": 0.9288893576824303,
        "loss": 0.07286355138462496
    },
    "epoch_20": {
        "dsc": 0.9087730365640977,
        "iou": 0.8493520698232873,
        "accuracy": 0.9989915991254458,
        "precision": 0.9079936685409138,
        "recall": 0.9315698097415149,
        "loss": 0.07308880179961097
    },
    "epoch_21": {
        "dsc": 0.9099853899920901,
        "iou": 0.8506539185098149,
        "accuracy": 0.9989976221312389,
        "precision": 0.9118277139417204,
        "recall": 0.9283940464311319,
        "loss": 0.0706691035931123
    },
    "epoch_22": {
        "dsc": 0.9117753288962624,
        "iou": 0.8526875648162795,
        "accuracy": 0.99900529014873,
        "precision": 0.9120031175553905,
        "recall": 0.9309019032540382,
        "loss": 0.06898523126056487
    },
    "epoch_23": {
        "dsc": 0.9116889243138665,
        "iou": 0.8533130344966303,
        "accuracy": 0.9990118963068182,
        "precision": 0.9124258275869271,
        "recall": 0.9313309288279895,
        "loss": 0.06951108367685328
    },
    "epoch_24": {
        "dsc": 0.9102879228757664,
        "iou": 0.8515618704857035,
        "accuracy": 0.9990082581327985,
        "precision": 0.9143208064497473,
        "recall": 0.9275289191175484,
        "loss": 0.06981821382109495
    },
    "epoch_25": {
        "dsc": 0.9105749867072931,
        "iou": 0.8515642520153163,
        "accuracy": 0.9989986317680482,
        "precision": 0.9158263166108022,
        "recall": 0.9261644033187213,
        "loss": 0.07023211389301932
    },
    "epoch_26": {
        "dsc": 0.9117635317983475,
        "iou": 0.8530523019997194,
        "accuracy": 0.9990134977996882,
        "precision": 0.9157098390945564,
        "recall": 0.9279916725269188,
        "loss": 0.06730238479726455
    },
    "epoch_27": {
        "dsc": 0.9125586925024655,
        "iou": 0.8546094935845564,
        "accuracy": 0.9990189550607175,
        "precision": 0.9149976697835055,
        "recall": 0.9303336147743537,
        "loss": 0.06641667603171446
    },
    "epoch_28": {
        "dsc": 0.9131025007914306,
        "iou": 0.855753697494772,
        "accuracy": 0.999028276793672,
        "precision": 0.915692908188026,
        "recall": 0.9306577037681233,
        "loss": 0.06649078468587946
    },
    "epoch_29": {
        "dsc": 0.9136188936531011,
        "iou": 0.8561474677181926,
        "accuracy": 0.9990294256907308,
        "precision": 0.9158338237148768,
        "recall": 0.9310461511692687,
        "loss": 0.06473403850341225
    },
    "epoch_30": {
        "dsc": 0.91381845090691,
        "iou": 0.8562940825540539,
        "accuracy": 0.999027606603721,
        "precision": 0.9161090004571619,
        "recall": 0.931069995098998,
        "loss": 0.06389219955327038
    },
    "epoch_31": {
        "dsc": 0.9159860460090977,
        "iou": 0.8590393846260249,
        "accuracy": 0.9990364496295677,
        "precision": 0.9178047549384588,
        "recall": 0.9322096626813823,
        "loss": 0.06196782981010682
    },
    "epoch_32": {
        "dsc": 0.9133669514069582,
        "iou": 0.85690174462961,
        "accuracy": 0.9990390085366534,
        "precision": 0.9165402184939427,
        "recall": 0.9314308269563629,
        "loss": 0.06358154062281318
    },