{
    "epoch_01": {
        "dsc": 0.8599576793218914,
        "iou": 0.7861638691341667,
        "accuracy": 0.9985456928453948,
        "precision": 0.8874463412845345,
        "recall": 0.8875528819728316,
        "loss": 0.13477494763700584
    },
    "epoch_02": {
        "dsc": 0.8758374797670465,
        "iou": 0.8070523231698756,
        "accuracy": 0.9987277275219298,
        "precision": 0.9163153239509518,
        "recall": 0.8841705128811953,
        "loss": 0.1185501123729505
    },
    "epoch_03": {
        "dsc": 0.8886219770239109,
        "iou": 0.825425793727239,
        "accuracy": 0.9988787092242324,
        "precision": 0.9108631663155137,
        "recall": 0.9084023571850961,
        "loss": 0.10533818759416279
    },
    "epoch_04": {
        "dsc": 0.8922767147683262,
        "iou": 0.8307697772979736,
        "accuracy": 0.9989247532894737,
        "precision": 0.9215569579810425,
        "recall": 0.9035329536387795,
        "loss": 0.10131301613230455
    },
    "epoch_05": {
        "dsc": 0.8962444809445165,
        "iou": 0.8371252548276333,
        "accuracy": 0.9989793636924343,
        "precision": 0.9263778271382316,
        "recall": 0.9053850932079448,
        "loss": 0.0967140982025548
    },
    "epoch_06": {
        "dsc": 0.9012072473241574,
        "iou": 0.8440858967471541,
        "accuracy": 0.9990116587856361,
        "precision": 0.9239588777224224,
        "recall": 0.9148329349986293,
        "loss": 0.09341220087126682
    },
    "epoch_07": {
        "dsc": 0.9020588194069109,
        "iou": 0.846300370860518,
        "accuracy": 0.9990211674205044,
        "precision": 0.943201596276802,
        "recall": 0.8979853935409011,
        "loss": 0.08964994863459938
    },
    "epoch_08": {
        "dsc": 0.8971083624321118,
        "iou": 0.8415904672522294,
        "accuracy": 0.9990227521929823,
        "precision": 0.9417354537729633,
        "recall": 0.8945893598230261,
        "loss": 0.09349571325277027
    },
    "epoch_09": {
        "dsc": 0.90200275653287,
        "iou": 0.8473563434784873,
        "accuracy": 0.9990532483552632,
        "precision": 0.9251260062058768,
        "recall": 0.917301589459704,
        "loss": 0.08993426200590636
    },
    "epoch_10": {
        "dsc": 0.9025475748798306,
        "iou": 0.8484040885640863,
        "accuracy": 0.9990679824561403,
        "precision": 0.9321095096437555,
        "recall": 0.9113983417812148,
        "loss": 0.08755236393526981
    },
    "epoch_11": {
        "dsc": 0.8957588238674298,
        "iou": 0.8397651968295113,
        "accuracy": 0.9990215100740132,
        "precision": 0.9365841375108349,
        "recall": 0.897843546511834,
        "loss": 0.09591316314120042
    },
    "epoch_12": {
        "dsc": 0.8931780912374195,
        "iou": 0.8387046377909811,
        "accuracy": 0.9990416409676536,
        "precision": 0.9389326828613612,
        "recall": 0.8949632132262513,
        "loss": 0.09583966512429087
    },
    "epoch_13": {
        "dsc": 0.9001066993203081,
        "iou": 0.8460211393080259,
        "accuracy": 0.9990651127330041,
        "precision": 0.9324748463797988,
        "recall": 0.9086059912254936,
        "loss": 0.09054425437199443
    },
    "epoch_14": {
        "dsc": 0.9032323407499414,
        "iou": 0.8491178970587882,
        "accuracy": 0.9990772341008771,
        "precision": 0.9315602491822158,
        "recall": 0.9127332108062608,
        "loss": 0.08762102456469285
    },
    "epoch_15": {
        "dsc": 0.8999986862927152,
        "iou": 0.8453992751606723,
        "accuracy": 0.99905059279057,
        "precision": 0.9424781621548168,
        "recall": 0.8980577331885958,
        "loss": 0.08783611968943947
    },
    "epoch_16": {
        "dsc": 0.9035774913796208,
        "iou": 0.8499480904194348,
        "accuracy": 0.9990790758634867,
        "precision": 0.9424391179754023,
        "recall": 0.9028504741819281,
        "loss": 0.08447338797544178
    },
    "epoch_17": {
        "dsc": 0.8988026495565447,
        "iou": 0.8455995875492429,
        "accuracy": 0.9990717516447366,
        "precision": 0.9457304362665142,
        "recall": 0.8953355190001038,
        "loss": 0.08837116784171055
    },
    "epoch_18": {
        "dsc": 0.9012095630168915,
        "iou": 0.8463444396069175,
        "accuracy": 0.9990604440789475,
        "precision": 0.949131155223177,
        "recall": 0.8928464504710416,
        "loss": 0.08649267726822903
    },
    "epoch_19": {
        "dsc": 0.9062308815487643,
        "iou": 0.8533632206289392,
        "accuracy": 0.9990924393503291,
        "precision": 0.9328438555985163,
        "recall": 0.9158303021338948,
        "loss": 0.0856981685287074
    },
    "epoch_20": {
        "dsc": 0.903371981361456,
        "iou": 0.8496840507314917,
        "accuracy": 0.9990826308936406,
        "precision": 0.9451762165939597,
        "recall": 0.8998827583957136,
        "loss": 0.08441943243930214
    },
    "epoch_21": {
        "dsc": 0.9003597843019586,
        "iou": 0.8477332508354856,
        "accuracy": 0.9990884560032892,
        "precision": 0.94761625193713,
        "recall": 0.8958654001093748,
        "loss": 0.08649125773655741
    },
    "epoch_22": {
        "dsc": 0.902902152454644,
        "iou": 0.8500330207640664,
        "accuracy": 0.9991007486979168,
        "precision": 0.9361965002720815,
        "recall": 0.909230108846698,
        "loss": 0.08701361009949132
    },
    "epoch_23": {
        "dsc": 0.8999447393835638,
        "iou": 0.8473409267894008,
        "accuracy": 0.9991020336485744,
        "precision": 0.9391770770675256,
        "recall": 0.9035860958852266,
        "loss": 0.08913308617315795
    },
    "epoch_24": {
        "dsc": 0.9016524260504205,
        "iou": 0.8493996215494055,
        "accuracy": 0.9991103001644738,
        "precision": 0.9335096358207233,
        "recall": 0.9108954939925878,
        "loss": 0.08667817790257304
    },
    "epoch_25": {
        "dsc": 0.8972316792136744,
        "iou": 0.8455398799034587,
        "accuracy": 0.9990806178042763,
        "precision": 0.9480065180544269,
        "recall": 0.8929954181637679,
        "loss": 0.089137412215534
    },
    "epoch_26": {
        "dsc": 0.899205980593698,
        "iou": 0.8485640559280129,
        "accuracy": 0.9991056743421054,
        "precision": 0.9341417843835395,
        "recall": 0.9097252409709128,
        "loss": 0.08698672213052448
    },
    "epoch_27": {
        "dsc": 0.8991471664947376,
        "iou": 0.8484967962691659,
        "accuracy": 0.9991072162828946,
        "precision": 0.9414754290329782,
        "recall": 0.9028515632738146,
        "loss": 0.08708678734929938
    },
    "epoch_28": {
        "dsc": 0.8965462200474321,
        "iou": 0.8462456605936352,
        "accuracy": 0.9991067451343202,
        "precision": 0.948003710361949,
        "recall": 0.8939138499268315,
        "loss": 0.08917206447375448
    },
    "epoch_29": {
        "dsc": 0.8966640484960454,
        "iou": 0.846564446102109,
        "accuracy": 0.9991102573327852,
        "precision": 0.9464516252802128,
        "recall": 0.8958827471523956,
        "loss": 0.0887177437543869
    },
    "epoch_30": {
        "dsc": 0.9031061592854952,
        "iou": 0.8516994082091147,
        "accuracy": 0.9991218647203948,
        "precision": 0.941852315476066,
        "recall": 0.9052685101826985,
        "loss": 0.08453226011050374
    },
    "epoch_31": {
        "dsc": 0.8986093187541291,
        "iou": 0.8480071200613389,
        "accuracy": 0.9991161681058115,
        "precision": 0.9476030082033389,
        "recall": 0.8961533621737832,
        "loss": 0.08719593208087117
    },
    "epoch_32": {
        "dsc": 0.8984022773148721,
        "iou": 0.8471309694281794,
        "accuracy": 0.999105503015351,
        "precision": 0.9495258122159725,
        "recall": 0.893348217010498,
        "loss": 0.08729138421384912
    },