{
    "dsc": 0.9033436748186746,
    "loss": 0.07896507072448732,
    "iou": 0.8451863212055631,
    "accuracy": 0.9990039930555555,
    "precision": 0.905793128490448,
    "recall": 0.9295994529724121
}