{
    "dsc": 0.9016309392717151,
    "loss": 0.07723508675893147,
    "iou": 0.843595643573337,
    "accuracy": 0.9990190234374999,
    "precision": 0.9176699458228217,
    "recall": 0.9161334455808003
}