{
    "epoch_01": {
        "dsc": 0.8034596291550418,
        "iou": 0.715712694222467,
        "accuracy": 0.9582638603344298,
        "precision": 0.8352967892822466,
        "recall": 0.7966223432306657,
        "loss": 0.3441486539025056
    },
    "epoch_02": {
        "dsc": 0.852436933078264,
        "iou": 0.7815835679832257,
        "accuracy": 0.9711439059073464,
        "precision": 0.864807122109229,
        "recall": 0.867660179995654,
        "loss": 0.2808042776427771
    },
    "epoch_03": {
        "dsc": 0.8660073662013339,
        "iou": 0.7979645420584762,
        "accuracy": 0.973804995888158,
        "precision": 0.8879445430479551,
        "recall": 0.8730227157734988,
        "loss": 0.2445819250455028
    },
    "epoch_04": {
        "dsc": 0.883152668413363,
        "iou": 0.821557187720349,
        "accuracy": 0.9779748320997809,
        "precision": 0.9234572471233836,
        "recall": 0.8732058520902669,
        "loss": 0.20373486060845225
    },
    "epoch_05": {
        "dsc": 0.8924960216932128,
        "iou": 0.8306755172578912,
        "accuracy": 0.9776121333607456,
        "precision": 0.9012035701358528,
        "recall": 0.905306203323498,
        "loss": 0.17645772624956935
    },
    "epoch_06": {
        "dsc": 0.897620903295383,
        "iou": 0.8380000695847629,
        "accuracy": 0.9799344246847589,
        "precision": 0.9188952320500424,
        "recall": 0.8920573728126392,
        "loss": 0.14583355266796916
    },
    "epoch_07": {
        "dsc": 0.900176424206349,
        "iou": 0.8441043715727957,
        "accuracy": 0.9812158631441887,
        "precision": 0.9306842872970981,
        "recall": 0.8905185335560851,
        "loss": 0.13065736995715843
    },
    "epoch_08": {
        "dsc": 0.905806504843528,
        "iou": 0.848323949596338,
        "accuracy": 0.9809061472039474,
        "precision": 0.9236998097938405,
        "recall": 0.9017299079058464,
        "loss": 0.11275475276143927
    },
    "epoch_09": {
        "dsc": 0.9100409835054163,
        "iou": 0.8551764885584514,
        "accuracy": 0.9814316063596491,
        "precision": 0.9123177319242245,
        "recall": 0.9204983507332051,
        "loss": 0.10042811596864148
    },
    "epoch_10": {
        "dsc": 0.9124524499240675,
        "iou": 0.8594864026496285,
        "accuracy": 0.9830294425027413,
        "precision": 0.9384552930530748,
        "recall": 0.9003827901262986,
        "loss": 0.08752355989264815
    },
    "epoch_11": {
        "dsc": 0.9102957855191148,
        "iou": 0.8563610827713684,
        "accuracy": 0.9823989172149125,
        "precision": 0.9430560318001531,
        "recall": 0.8924370334859478,
        "loss": 0.08242981871099848
    },
    "epoch_12": {
        "dsc": 0.9180757131492882,
        "iou": 0.8666515000033796,
        "accuracy": 0.9834833727384868,
        "precision": 0.9354868536455591,
        "recall": 0.9097045477022203,
        "loss": 0.07113637069338247
    },
    "epoch_13": {
        "dsc": 0.9173678760988672,
        "iou": 0.8647483006904,
        "accuracy": 0.9825286972313595,
        "precision": 0.9328829363772744,
        "recall": 0.9107381711926376,
        "loss": 0.06719463245060883
    },
    "epoch_14": {
        "dsc": 0.9211651944277577,
        "iou": 0.8717203281427685,
        "accuracy": 0.984037015145285,
        "precision": 0.9325790755581438,
        "recall": 0.9183627487274638,
        "loss": 0.06364624819865353
    },
    "epoch_15": {
        "dsc": 0.9210113422912465,
        "iou": 0.871786938424696,
        "accuracy": 0.9838967413651317,
        "precision": 0.9372309655473942,
        "recall": 0.913921233331948,
        "loss": 0.05864706968790606
    },
    "epoch_16": {
        "dsc": 0.9180738837049719,
        "iou": 0.8691729045750802,
        "accuracy": 0.9841170247395832,
        "precision": 0.9327917386565293,
        "recall": 0.9156632235175683,
        "loss": 0.05346119511676462
    },
    "epoch_17": {
        "dsc": 0.924670945656927,
        "iou": 0.8768407409651239,
        "accuracy": 0.9846815035635965,
        "precision": 0.9302719151764587,
        "recall": 0.925994045901717,
        "loss": 0.049282338715305456
    },
    "epoch_18": {
        "dsc": 0.9266035164657392,
        "iou": 0.879318120186789,
        "accuracy": 0.9849340391995615,
        "precision": 0.9406111873032753,
        "recall": 0.9185043233528473,
        "loss": 0.046879322611187636
    },
    "epoch_19": {
        "dsc": 0.923022170861562,
        "iou": 0.8751998627394959,
        "accuracy": 0.9846650561951756,
        "precision": 0.9485662903702048,
        "recall": 0.9150807020957009,
        "loss": 0.04684008721654352
    },
    "epoch_20": {
        "dsc": 0.9229305083291571,
        "iou": 0.8744537710097801,
        "accuracy": 0.9844999400356361,
        "precision": 0.9426042118616271,
        "recall": 0.9159580442989084,
        "loss": 0.04587160175862281
    },
    "epoch_21": {
        "dsc": 0.9251420351496915,
        "iou": 0.877251111101686,
        "accuracy": 0.9845461982593202,
        "precision": 0.9430210794273177,
        "recall": 0.9183133296799242,
        "loss": 0.04466494508577805
    },
    "epoch_22": {
        "dsc": 0.9249130184190314,
        "iou": 0.8772573784777993,
        "accuracy": 0.9848449921189694,
        "precision": 0.9384099966601324,
        "recall": 0.9183441750835953,
        "loss": 0.04209476657898018
    },
    "epoch_23": {
        "dsc": 0.926402969318524,
        "iou": 0.8797415787713568,
        "accuracy": 0.985078039336623,
        "precision": 0.9355139910129079,
        "recall": 0.9237089287816431,
        "loss": 0.041223159844153805
    },
    "epoch_24": {
        "dsc": 0.9269942719685402,
        "iou": 0.8808617403632716,
        "accuracy": 0.9854372258771928,
        "precision": 0.9392298449549761,
        "recall": 0.9212201708241513,
        "loss": 0.039946752894473705
    },
    "epoch_25": {
        "dsc": 0.9279997171017161,
        "iou": 0.8819501415679327,
        "accuracy": 0.9855138945997809,
        "precision": 0.9381837217431319,
        "recall": 0.9239919708486187,
        "loss": 0.03917797049507499
    },
    "epoch_26": {
        "dsc": 0.9229835120209477,
        "iou": 0.8742350156892812,
        "accuracy": 0.9840065189830044,
        "precision": 0.9394135621556067,
        "recall": 0.915170775170912,
        "loss": 0.04508212468537845
    },
    "epoch_27": {
        "dsc": 0.9295380303734228,
        "iou": 0.8832932025717016,
        "accuracy": 0.9854753032483553,
        "precision": 0.9373824230411596,
        "recall": 0.9274772348111139,
        "loss": 0.03835867958045319
    },
    "epoch_28": {
        "dsc": 0.9313626080228573,
        "iou": 0.8867948996393304,
        "accuracy": 0.9861140093887064,
        "precision": 0.9399543995397132,
        "recall": 0.9322444393969421,
        "loss": 0.03664835057172336
    },
    "epoch_29": {
        "dsc": 0.9326702654361725,
        "iou": 0.8887059510799877,
        "accuracy": 0.9862740285773027,
        "precision": 0.9370967771923334,
        "recall": 0.9337614999528515,
        "loss": 0.03543080387048816
    },
    "epoch_30": {
        "dsc": 0.9282980101150379,
        "iou": 0.8810959756374357,
        "accuracy": 0.9851914576480264,
        "precision": 0.9389299771241977,
        "recall": 0.9260674767326891,
        "loss": 0.03955370677929176
    },
    "epoch_31": {
        "dsc": 0.9321245268771523,
        "iou": 0.8876184669502993,
        "accuracy": 0.9862114943119514,
        "precision": 0.9464985320442603,
        "recall": 0.9315367027332906,
        "loss": 0.03538412649772669
    },
    "epoch_32": {
        "dsc": 0.9329066914424563,
        "iou": 0.8886705485352298,
        "accuracy": 0.9861417214912283,
        "precision": 0.936145800247527,
        "recall": 0.9342857604486899,
        "loss": 0.03535656140823113
    },