{
    "dsc": 0.910581720193227,
    "loss": 0.04349227501948674,
    "iou": 0.8608313307762145,
    "accuracy": 0.9841467881944446,
    "precision": 0.9363452375200059,
    "recall": 0.9092851953506468
}