{
    "dsc": 0.9303342374529852,
    "loss": 0.06880172800471765,
    "iou": 0.8882000494245961,
    "accuracy": 0.9981027776121183,
    "precision": 0.9462096652001823,
    "recall": 0.9350003274949149
}