{
    "dsc": 0.8887834288279215,
    "loss": 0.08640256881713868,
    "iou": 0.8338528920279609,
    "accuracy": 0.9990082812500001,
    "precision": 0.9151691719690959,
    "recall": 0.9072702462408279
}