{
    "dsc": 0.8856167819235059,
    "loss": 0.08898934380213419,
    "iou": 0.8303429414166343,
    "accuracy": 0.9990038585069444,
    "precision": 0.9226776893933615,
    "recall": 0.8973659591409895
}