{
    "dsc": 0.8796398340861004,
    "loss": 0.09483376375834149,
    "iou": 0.8228696756892735,
    "accuracy": 0.9989186501736113,
    "precision": 0.9105770813624066,
    "recall": 0.8996231772634719
}