{
    "epoch_01": {
        "dsc": 0.6535264881033647,
        "iou": 0.5187677087491019,
        "accuracy": 0.9935008480674343,
        "precision": 0.5439385901156224,
        "recall": 0.9328011656016635,
        "loss": 0.9400488389165778
    },
    "epoch_02": {
        "dsc": 0.6607972535124996,
        "iou": 0.5290905529992622,
        "accuracy": 0.9943085252192985,
        "precision": 0.5752465102756232,
        "recall": 0.9051976779050994,
        "loss": 0.9137693031838066
    },
    "epoch_03": {
        "dsc": 0.7384411886072995,
        "iou": 0.617627551681117,
        "accuracy": 0.9959318033854166,
        "precision": 0.6294185670844296,
        "recall": 0.9688521383101479,
        "loss": 0.8386902816985783
    },
    "epoch_04": {
        "dsc": 0.8603871124878265,
        "iou": 0.7814048099936101,
        "accuracy": 0.9983640008223685,
        "precision": 0.8305596636052718,
        "recall": 0.9408144522131534,
        "loss": 0.7026930655303755
    },
    "epoch_05": {
        "dsc": 0.8731916818702429,
        "iou": 0.813038518554286,
        "accuracy": 0.998860291598136,
        "precision": 0.8958708617770882,
        "recall": 0.9076473331242276,
        "loss": 0.4991640503469266
    },
    "epoch_06": {
        "dsc": 0.8630640773396745,
        "iou": 0.7897017561552818,
        "accuracy": 0.9985540021929822,
        "precision": 0.8189653304585239,
        "recall": 0.9483373484067749,
        "loss": 0.33886995284180893
    },
    "epoch_07": {
        "dsc": 0.8995369374752047,
        "iou": 0.8383039173326994,
        "accuracy": 0.9989343475877195,
        "precision": 0.8807582238264251,
        "recall": 0.9521137036775288,
        "loss": 0.22762184080324674
    },
    "epoch_08": {
        "dsc": 0.8915757343434452,
        "iou": 0.8368132365377324,
        "accuracy": 0.9990174410635966,
        "precision": 0.9313226499055561,
        "recall": 0.8964943744634327,
        "loss": 0.18915527431588425
    },
    "epoch_09": {
        "dsc": 0.9024415580849898,
        "iou": 0.843724833245863,
        "accuracy": 0.9989657432154606,
        "precision": 0.883355276626453,
        "recall": 0.947148246723309,
        "loss": 0.1492918870951
    },
    "epoch_10": {
        "dsc": 0.885673896785368,
        "iou": 0.8330938136368468,
        "accuracy": 0.999032346491228,
        "precision": 0.9324592937502946,
        "recall": 0.8945539248617072,
        "loss": 0.14773251508411608
    },
    "epoch_11": {
        "dsc": 0.891406178474426,
        "iou": 0.8386008676729704,
        "accuracy": 0.9990057051809211,
        "precision": 0.9196084476353829,
        "recall": 0.9142697751522064,
        "loss": 0.137308994406148
    },
    "epoch_12": {
        "dsc": 0.9155720231825847,
        "iou": 0.8645576416400441,
        "accuracy": 0.9991396398711623,
        "precision": 0.9263068814026681,
        "recall": 0.9335282214900904,
        "loss": 0.11019809936222277
    },
    "epoch_13": {
        "dsc": 0.9203523052366156,
        "iou": 0.8660254954246053,
        "accuracy": 0.9990854577850878,
        "precision": 0.9234354642399571,
        "recall": 0.9382884371698947,
        "loss": 0.10323225353893481
    },
    "epoch_14": {
        "dsc": 0.9028799559986381,
        "iou": 0.8468945904781944,
        "accuracy": 0.9990532911869517,
        "precision": 0.9629846183877242,
        "recall": 0.8790364296812758,
        "loss": 0.11344924176994123
    },
    "epoch_15": {
        "dsc": 0.9114705799964437,
        "iou": 0.8536118368307748,
        "accuracy": 0.9990194969846489,
        "precision": 0.9038017888863881,
        "recall": 0.9398956643907648,
        "loss": 0.10261048062851555
    },
    "epoch_16": {
        "dsc": 0.9159516582363532,
        "iou": 0.8666205730354578,
        "accuracy": 0.9991640111019737,
        "precision": 0.9447562966430398,
        "recall": 0.9174661840263166,
        "loss": 0.09342959209492332
    },
    "epoch_17": {
        "dsc": 0.9059643201660692,
        "iou": 0.8455373451375126,
        "accuracy": 0.9989410721628289,
        "precision": 0.8981474585700453,
        "recall": 0.9414639195852113,
        "loss": 0.10014721672785909
    },
    "epoch_18": {
        "dsc": 0.9203339036096607,
        "iou": 0.8698000322308456,
        "accuracy": 0.9991711211622809,
        "precision": 0.944855831171337,
        "recall": 0.9200339929053658,
        "loss": 0.08257775871377242
    },
    "epoch_19": {
        "dsc": 0.8947023963719083,
        "iou": 0.8427156241316545,
        "accuracy": 0.9990594589501096,
        "precision": 0.9278053076643693,
        "recall": 0.9106750268685192,
        "loss": 0.10445870380652578
    },
    "epoch_20": {
        "dsc": 0.9214311989775876,
        "iou": 0.8656272062084132,
        "accuracy": 0.999103147272478,
        "precision": 0.9541316973535638,
        "recall": 0.9059964779176212,
        "loss": 0.07638763753991377
    },
    "epoch_21": {
        "dsc": 0.8974201009984605,
        "iou": 0.8397735247486516,
        "accuracy": 0.9989149876644735,
        "precision": 0.9179507295290628,
        "recall": 0.9158248519688323,
        "loss": 0.0948804060095235
    },
    "epoch_22": {
        "dsc": 0.9006052017211914,
        "iou": 0.8490650622468245,
        "accuracy": 0.9990999348958334,
        "precision": 0.9461232737491005,
        "recall": 0.8972208332597162,
        "loss": 0.09039470553398132
    },
    "epoch_23": {
        "dsc": 0.9127560006944757,
        "iou": 0.8627815670088718,
        "accuracy": 0.9991456363075659,
        "precision": 0.9313091217425831,
        "recall": 0.9271661482359234,
        "loss": 0.07674326551587958
    },
    "epoch_24": {
        "dsc": 0.8698081387496612,
        "iou": 0.8160451470494053,
        "accuracy": 0.998921026932566,
        "precision": 0.9495180050532024,
        "recall": 0.8584940070380026,
        "loss": 0.11730828959690898
    },
    "epoch_25": {
        "dsc": 0.9052668030847584,
        "iou": 0.8531341777558913,
        "accuracy": 0.9990915398848684,
        "precision": 0.9305754565356071,
        "recall": 0.9184451730627763,
        "loss": 0.08156291277785051
    },
    "epoch_26": {
        "dsc": 0.9120886242180537,
        "iou": 0.8616652117486586,
        "accuracy": 0.9991547594572371,
        "precision": 0.9483662645022075,
        "recall": 0.9091215525802813,
        "loss": 0.07406853688390631
    },
    "epoch_27": {
        "dsc": 0.8960626601127156,
        "iou": 0.8383939260976356,
        "accuracy": 0.9989468116091005,
        "precision": 0.9136009665957667,
        "recall": 0.9199067249632719,
        "loss": 0.08966963620562303
    },
    "epoch_28": {
        "dsc": 0.9026158624573758,
        "iou": 0.8501224350510983,
        "accuracy": 0.999092653508772,
        "precision": 0.9312383867146676,
        "recall": 0.914568493240758,
        "loss": 0.08221516483708431
    },
    "epoch_29": {
        "dsc": 0.9083811923077234,
        "iou": 0.8561477106914185,
        "accuracy": 0.9990484083744519,
        "precision": 0.942505291679449,
        "recall": 0.9084121757432034,
        "loss": 0.0765543038907804
    },
    "epoch_30": {
        "dsc": 0.9085829901067832,
        "iou": 0.8556632148592096,
        "accuracy": 0.9990953090734648,
        "precision": 0.9600437335800706,
        "recall": 0.8909738863769331,
        "loss": 0.07578133281908538
    },
    "epoch_31": {
        "dsc": 0.9089771017693637,
        "iou": 0.8583747049172721,
        "accuracy": 0.9991278611567985,
        "precision": 0.9503099050438193,
        "recall": 0.9032681615729082,
        "loss": 0.07440771868354396
    },
    "epoch_32": {
        "dsc": 0.9106002423846932,
        "iou": 0.8588674805666269,
        "accuracy": 0.9991021621436404,
        "precision": 0.9278051267590438,
        "recall": 0.9260435088684684,
        "loss": 0.07320476833142732
    },