{
    "epoch_01": {
        "dsc": 0.3417497800842406,
        "iou": 0.2357974288629869,
        "accuracy": 0.9447892644273619,
        "precision": 0.23712978130472082,
        "recall": 0.9281372459283274,
        "loss": 0.9549059501306258
    },
    "epoch_02": {
        "dsc": 0.6001083014695614,
        "iou": 0.4641950438844966,
        "accuracy": 0.9914450774983289,
        "precision": 0.46599237660673215,
        "recall": 0.971930421928671,
        "loss": 0.9322656687886958
    },
    "epoch_03": {
        "dsc": 0.691414464975636,
        "iou": 0.5697057433359975,
        "accuracy": 0.9948738563252005,
        "precision": 0.5797281989864275,
        "recall": 0.9711514984435152,
        "loss": 0.8928684992267486
    },
    "epoch_04": {
        "dsc": 0.7589849584508493,
        "iou": 0.6547270266608121,
        "accuracy": 0.9967609545593805,
        "precision": 0.6696996605704387,
        "recall": 0.9638724025345529,
        "loss": 0.7967977912668238
    },
    "epoch_05": {
        "dsc": 0.8168029534413002,
        "iou": 0.7330076591960035,
        "accuracy": 0.9979811267546792,
        "precision": 0.758967434499353,
        "recall": 0.9565867145218737,
        "loss": 0.622880679878959
    },
    "epoch_06": {
        "dsc": 0.8493371766306288,
        "iou": 0.777371767582953,
        "accuracy": 0.9984830729166667,
        "precision": 0.8180092061054686,
        "recall": 0.9438564798092459,
        "loss": 0.4333410675831657
    },
    "epoch_07": {
        "dsc": 0.870065202740637,
        "iou": 0.8059200307689672,
        "accuracy": 0.9987767205603831,
        "precision": 0.8547346372549123,
        "recall": 0.9396176390256897,
        "loss": 0.2989056746271205
    },
    "epoch_08": {
        "dsc": 0.877749021624924,
        "iou": 0.8151780492269207,
        "accuracy": 0.9988251134971033,
        "precision": 0.8689594253924229,
        "recall": 0.9322349236291998,
        "loss": 0.22667735878796502
    },
    "epoch_09": {
        "dsc": 0.888447136111863,
        "iou": 0.8299686613354877,
        "accuracy": 0.9989416917335117,
        "precision": 0.8881553105492005,
        "recall": 0.931433595650549,
        "loss": 0.17683062021107598
    },
    "epoch_10": {
        "dsc": 0.8925546075677278,
        "iou": 0.8349594552992925,
        "accuracy": 0.9989823905414438,
        "precision": 0.8935620163213762,
        "recall": 0.9319336620456609,
        "loss": 0.15515415219062154
    },
    "epoch_11": {
        "dsc": 0.8975146966397018,
        "iou": 0.8414207796255748,
        "accuracy": 0.9990109998189618,
        "precision": 0.8995452439827503,
        "recall": 0.9310406088404053,
        "loss": 0.14147878537841022
    },
    "epoch_12": {
        "dsc": 0.8921811313446406,
        "iou": 0.8353332368235326,
        "accuracy": 0.9989926348735518,
        "precision": 0.89577862237864,
        "recall": 0.9299859128852579,
        "loss": 0.1357424079096891
    },
    "epoch_13": {
        "dsc": 0.89807893317226,
        "iou": 0.8412020965055986,
        "accuracy": 0.9990207915552586,
        "precision": 0.8993125164785063,
        "recall": 0.9307631719558634,
        "loss": 0.12743253822632652
    },
    "epoch_14": {
        "dsc": 0.901760968374696,
        "iou": 0.8463496153181463,
        "accuracy": 0.999042429116533,
        "precision": 0.9019432591802297,
        "recall": 0.934428451532986,
        "loss": 0.1209882105735534
    },
    "epoch_15": {
        "dsc": 0.9050748055525218,
        "iou": 0.8494891111544747,
        "accuracy": 0.9990437607926693,
        "precision": 0.9067017337217688,
        "recall": 0.9324851636368112,
        "loss": 0.11563016593775009
    },
    "epoch_16": {
        "dsc": 0.9065863138426646,
        "iou": 0.8519469062381038,
        "accuracy": 0.9990559721758022,
        "precision": 0.9118373898686362,
        "recall": 0.9288436597787548,
        "loss": 0.11001847580792432
    },
    "epoch_17": {
        "dsc": 0.9090615224073277,
        "iou": 0.8548452161425149,
        "accuracy": 0.9990775052918894,
        "precision": 0.9114635276496941,
        "recall": 0.9340668374310628,
        "loss": 0.10321072875497175
    },
    "epoch_18": {
        "dsc": 0.9135392434138028,
        "iou": 0.8597387784092608,
        "accuracy": 0.9990866877645944,
        "precision": 0.9171797086529553,
        "recall": 0.9341329750530223,
        "loss": 0.09538748940044546
    },
    "epoch_19": {
        "dsc": 0.9027142416878393,
        "iou": 0.8471465732855806,
        "accuracy": 0.9990343955408868,
        "precision": 0.9096575768767405,
        "recall": 0.9287079363370749,
        "loss": 0.09973742856698878
    },
    "epoch_20": {
        "dsc": 0.8978382067459364,
        "iou": 0.84007935053312,
        "accuracy": 0.9989702487884359,
        "precision": 0.9065765331560701,
        "recall": 0.921371297934051,
        "loss": 0.10191884365948764
    },
    "epoch_21": {
        "dsc": 0.9082298441897952,
        "iou": 0.8533510912654658,
        "accuracy": 0.9990570688502673,
        "precision": 0.9167921151600633,
        "recall": 0.9257074316130178,
        "loss": 0.08724931870552308
    },
    "epoch_22": {
        "dsc": 0.8912608025333248,
        "iou": 0.8304354882070301,
        "accuracy": 0.9988881287600268,
        "precision": 0.915840607541555,
        "recall": 0.9047861183178403,
        "loss": 0.09942105986217764
    },
    "epoch_23": {
        "dsc": 0.9109348101730652,
        "iou": 0.8562992996073024,
        "accuracy": 0.9990658422459893,
        "precision": 0.9193360939914105,
        "recall": 0.9275140053660688,
        "loss": 0.07679340131780044
    },
    "epoch_24": {
        "dsc": 0.8917249969980381,
        "iou": 0.8370730948893443,
        "accuracy": 0.9989666019106507,
        "precision": 0.9194272170092332,
        "recall": 0.907740791876588,
        "loss": 0.09292002619906543
    },
    "epoch_25": {
        "dsc": 0.8911085123206205,
        "iou": 0.8318939592802163,
        "accuracy": 0.9989206634358289,
        "precision": 0.9062110005534268,
        "recall": 0.9126958439056886,
        "loss": 0.09382711183578572
    },
    "epoch_26": {
        "dsc": 0.9090363612255737,
        "iou": 0.8542811024847728,
        "accuracy": 0.9990653374275846,
        "precision": 0.9174392335448887,
        "recall": 0.9276012549319583,
        "loss": 0.07258395460200183
    },
    "epoch_27": {
        "dsc": 0.8986599525559609,
        "iou": 0.8414941559713365,
        "accuracy": 0.9989903370794341,
        "precision": 0.9213115723800318,
        "recall": 0.9105577617618066,
        "loss": 0.07895258355905665
    },
    "epoch_28": {
        "dsc": 0.897062194219885,
        "iou": 0.8400671644644304,
        "accuracy": 0.998998483804033,
        "precision": 0.913130207229638,
        "recall": 0.9172716777698665,
        "loss": 0.08165473128385085
    },
    "epoch_29": {
        "dsc": 0.8912647168904064,
        "iou": 0.8316889687867938,
        "accuracy": 0.9989034560912434,
        "precision": 0.9163071432959375,
        "recall": 0.9046333651597913,
        "loss": 0.08890181445182964
    },
    "epoch_30": {
        "dsc": 0.9076797154179231,
        "iou": 0.8521992728353184,
        "accuracy": 0.9990295127283868,
        "precision": 0.9182341679426014,
        "recall": 0.9244729233191824,
        "loss": 0.06837831445556274
    },
    "epoch_31": {
        "dsc": 0.9142835794710644,
        "iou": 0.8608622705553942,
        "accuracy": 0.9990818919897504,
        "precision": 0.9212151056623714,
        "recall": 0.9301019061270458,
        "loss": 0.060505573443550474
    },
    "epoch_32": {
        "dsc": 0.9152384815794048,
        "iou": 0.8611828393158428,
        "accuracy": 0.9990828668114974,
        "precision": 0.9216709268709343,
        "recall": 0.931439531359443,
        "loss": 0.06018016459470127
    },