{
    "dsc": 0.13830974077838554,
    "loss": 0.9172670289089805,
    "iou": 0.11824160613805838,
    "accuracy": 0.22559380139802632,
    "precision": 0.12314748157044512,
    "recall": 0.9925886566178843
}