{
    "dsc": 0.8935315903816514,
    "loss": 0.09012558478435487,
    "iou": 0.8370614858074041,
    "accuracy": 0.998798095081902,
    "precision": 0.9138352747788563,
    "recall": 0.912967609176199
}