{
    "dsc": 0.8915271584617577,
    "loss": 0.08496940554553316,
    "iou": 0.8356499836341722,
    "accuracy": 0.9988151265306934,
    "precision": 0.9236290314725337,
    "recall": 0.9000684449387567
}