{
    "dsc": 0.727503078250788,
    "loss": 0.6379247617175562,
    "iou": 0.6353964464506726,
    "accuracy": 0.9905822101622137,
    "precision": 0.6849167719066295,
    "recall": 0.9015218373170033
}