{
    "dsc": 0.8907843006284614,
    "loss": 0.08638941237801001,
    "iou": 0.8324302129578172,
    "accuracy": 0.9989451711554276,
    "precision": 0.9068140694969579,
    "recall": 0.9128572570650201
}