{
    "dsc": 0.7356681167019737,
    "loss": 0.2556704347928365,
    "iou": 0.6478449656433529,
    "accuracy": 0.9976697135416666,
    "precision": 0.9064918483098348,
    "recall": 0.7022386316458384
}