{
    "epoch_01": {
        "dsc": 0.5835667410716016,
        "iou": 0.4589411991925615,
        "accuracy": 0.9168296359737076,
        "precision": 0.47329537132207083,
        "recall": 0.9067368199733382,
        "loss": 0.7454838032390982
    },
    "epoch_02": {
        "dsc": 0.7437513108346976,
        "iou": 0.6370412518740126,
        "accuracy": 0.9694088750557042,
        "precision": 0.6513010663729089,
        "recall": 0.9546288854298107,
        "loss": 0.6488882228333682
    },
    "epoch_03": {
        "dsc": 0.7956143220796942,
        "iou": 0.7050152325640813,
        "accuracy": 0.9798955548128343,
        "precision": 0.7257858724623866,
        "recall": 0.9534342139693717,
        "loss": 0.5499521624595723
    },
    "epoch_04": {
        "dsc": 0.8230485511867334,
        "iou": 0.7428865616015572,
        "accuracy": 0.9843726847983512,
        "precision": 0.7718948911536824,
        "recall": 0.9465647496004156,
        "loss": 0.4379109749819506
    },
    "epoch_05": {
        "dsc": 0.8440799546326759,
        "iou": 0.7712596036799237,
        "accuracy": 0.9872222019134358,
        "precision": 0.8098210895337735,
        "recall": 0.9403937545583423,
        "loss": 0.3392031581644068
    },
    "epoch_06": {
        "dsc": 0.8558857676285899,
        "iou": 0.785923439152738,
        "accuracy": 0.9882775508996213,
        "precision": 0.8318830022518646,
        "recall": 0.9383596274835754,
        "loss": 0.26871003569128676
    },
    "epoch_07": {
        "dsc": 0.8666566052007589,
        "iou": 0.7998280811543559,
        "accuracy": 0.9894417317708333,
        "precision": 0.851134156479555,
        "recall": 0.934628858020174,
        "loss": 0.22089029617488065
    },
    "epoch_08": {
        "dsc": 0.8751304714862462,
        "iou": 0.810630657828003,
        "accuracy": 0.990134925774287,
        "precision": 0.8612660321003613,
        "recall": 0.936577456520203,
        "loss": 0.18710315195634403
    },
    "epoch_09": {
        "dsc": 0.8736826933110248,
        "iou": 0.8094046057970554,
        "accuracy": 0.9900503164689172,
        "precision": 0.8644751163196223,
        "recall": 0.931775906347336,
        "loss": 0.17034041260015517
    },
    "epoch_10": {
        "dsc": 0.8781321105047557,
        "iou": 0.815148056722155,
        "accuracy": 0.9906260879706996,
        "precision": 0.8709503162034693,
        "recall": 0.9319590639303075,
        "loss": 0.15281861701751137
    },
    "epoch_11": {
        "dsc": 0.887930855181553,
        "iou": 0.8274497013147291,
        "accuracy": 0.9909856753425802,
        "precision": 0.8812526663144429,
        "recall": 0.935346325079175,
        "loss": 0.14098420802922174
    },
    "epoch_12": {
        "dsc": 0.8897332705809684,
        "iou": 0.8302694257355416,
        "accuracy": 0.9912479285037881,
        "precision": 0.8849105006764493,
        "recall": 0.934734283921553,
        "loss": 0.1333106571340306
    },
    "epoch_13": {
        "dsc": 0.8888131056558639,
        "iou": 0.8296046236832086,
        "accuracy": 0.9912662673379009,
        "precision": 0.8838726554643661,
        "recall": 0.9358556202069961,
        "loss": 0.12732482370845774
    },
    "epoch_14": {
        "dsc": 0.8903055911926876,
        "iou": 0.8310945615796587,
        "accuracy": 0.9913102996880571,
        "precision": 0.8854750525040317,
        "recall": 0.9348149189124557,
        "loss": 0.12625198456692824
    },
    "epoch_15": {
        "dsc": 0.8943305136685703,
        "iou": 0.8350540161557801,
        "accuracy": 0.9913026490780972,
        "precision": 0.8899322935710404,
        "recall": 0.934239979202522,
        "loss": 0.12098973734493562
    },
    "epoch_16": {
        "dsc": 0.8939370280281108,
        "iou": 0.8349097674968197,
        "accuracy": 0.9914061890736409,
        "precision": 0.8904528963162086,
        "recall": 0.9341062305232845,
        "loss": 0.11961633700100496
    },
    "epoch_17": {
        "dsc": 0.8939040900870441,
        "iou": 0.8354472851583239,
        "accuracy": 0.991465688015263,
        "precision": 0.8911326549907419,
        "recall": 0.9348297280636275,
        "loss": 0.11735603261121454
    },
    "epoch_18": {
        "dsc": 0.8976256383612832,
        "iou": 0.8390778439673935,
        "accuracy": 0.9915595494234626,
        "precision": 0.893652219026484,
        "recall": 0.9343655405303798,
        "loss": 0.11510148198209344
    },
    "epoch_19": {
        "dsc": 0.8971629576249556,
        "iou": 0.839308688878588,
        "accuracy": 0.9916880953375669,
        "precision": 0.8931821631981516,
        "recall": 0.9364115414134959,
        "loss": 0.11213854226199063
    },
    "epoch_20": {
        "dsc": 0.8919457529742876,
        "iou": 0.8327985402734522,
        "accuracy": 0.9913234423741087,
        "precision": 0.8910919860297559,
        "recall": 0.9300978889758574,
        "loss": 0.1156467792184595
    },
    "epoch_21": {
        "dsc": 0.8987420617259122,
        "iou": 0.8415031551571028,
        "accuracy": 0.9917147723791221,
        "precision": 0.895656681953267,
        "recall": 0.9352982474520882,
        "loss": 0.10930654709351892
    },
    "epoch_22": {
        "dsc": 0.9021694735622235,
        "iou": 0.8451247291237699,
        "accuracy": 0.9918379480698529,
        "precision": 0.8989687061564807,
        "recall": 0.9358088113832388,
        "loss": 0.1079950040993206
    },
    "epoch_23": {
        "dsc": 0.9033858684188754,
        "iou": 0.8471911720626069,
        "accuracy": 0.9920389180174911,
        "precision": 0.9006996962263409,
        "recall": 0.9355993587490495,
        "loss": 0.10616108854824209
    },
    "epoch_24": {
        "dsc": 0.8944994159135801,
        "iou": 0.8328334943602217,
        "accuracy": 0.9908834844307041,
        "precision": 0.8997938525124242,
        "recall": 0.9221099123704029,
        "loss": 0.11671967748652168
    },
    "epoch_25": {
        "dsc": 0.8973390589104616,
        "iou": 0.8388216215552705,
        "accuracy": 0.9915393044646837,
        "precision": 0.897672353368817,
        "recall": 0.9312068593162054,
        "loss": 0.10924991582804185
    },
    "epoch_26": {
        "dsc": 0.8838968578188177,
        "iou": 0.8201320734466037,
        "accuracy": 0.9902656824448529,
        "precision": 0.8882200086818022,
        "recall": 0.9170814869981824,
        "loss": 0.12264424578391295
    },
    "epoch_27": {
        "dsc": 0.8952564332574446,
        "iou": 0.835672513473905,
        "accuracy": 0.9914798316343584,
        "precision": 0.8920904848452346,
        "recall": 0.9332534095501517,
        "loss": 0.10862465258588128
    },
    "epoch_28": {
        "dsc": 0.9049963067665884,
        "iou": 0.8488166645673931,
        "accuracy": 0.9920382391237745,
        "precision": 0.9028440071087258,
        "recall": 0.9359623175678832,
        "loss": 0.09921344238169053
    },
    "epoch_29": {
        "dsc": 0.9007548815745083,
        "iou": 0.8423064440860681,
        "accuracy": 0.9916574580826648,
        "precision": 0.9057287924429948,
        "recall": 0.9269597969696908,
        "loss": 0.10243864636370205
    },
    "epoch_30": {
        "dsc": 0.9077694463326118,
        "iou": 0.8520029336479682,
        "accuracy": 0.9920245132854278,
        "precision": 0.9096876868908418,
        "recall": 0.9328103089927565,
        "loss": 0.09111327331333874
    },
    "epoch_31": {
        "dsc": 0.9116417490968516,
        "iou": 0.8566309932400199,
        "accuracy": 0.9921537903158423,
        "precision": 0.9133804221629246,
        "recall": 0.9343462689462618,
        "loss": 0.08647627100587528
    },
    "epoch_32": {
        "dsc": 0.9047639142064487,
        "iou": 0.8463055379356718,
        "accuracy": 0.9915876974014038,
        "precision": 0.9025072292316831,
        "recall": 0.9333095934620516,
        "loss": 0.09155500397325199
    },