{
    "dsc": 0.8883561239242553,
    "loss": 0.09540327167510985,
    "iou": 0.8306281808747185,
    "accuracy": 0.9989689583333332,
    "precision": 0.9005432122018604,
    "recall": 0.916184892601437
}