{
    "dsc": 0.8845994455549452,
    "loss": 0.10020842711130777,
    "iou": 0.8278435476091174,
    "accuracy": 0.9989571180555556,
    "precision": 0.9007684052520327,
    "recall": 0.9105225574705337
}