{
    "dsc": 0.7912539977776376,
    "loss": 0.016409112179749892,
    "iou": 0.72038982207315,
    "accuracy": 0.9982850834361294,
    "precision": 0.8830740934924075,
    "recall": 0.8071167820378353
}