{
    "epoch_01": {
        "dsc": 0.7697762789433462,
        "iou": 0.6599511744683247,
        "accuracy": 0.9697006493283992,
        "precision": 0.6815165571476284,
        "recall": 0.9511055669240783,
        "loss": 0.6668446314962286
    },
    "epoch_02": {
        "dsc": 0.7970406245767025,
        "iou": 0.6959927662422783,
        "accuracy": 0.9764572197094299,
        "precision": 0.7080691435880828,
        "recall": 0.9608667513780427,
        "loss": 0.5784004597287429
    },
    "epoch_03": {
        "dsc": 0.7889877097648486,
        "iou": 0.6903328971381774,
        "accuracy": 0.9744930441337718,
        "precision": 0.6980159682662863,
        "recall": 0.973150429495594,
        "loss": 0.48207715388975647
    },
    "epoch_04": {
        "dsc": 0.8607903739862274,
        "iou": 0.7885990592471339,
        "accuracy": 0.9878709224232454,
        "precision": 0.8283756887703612,
        "recall": 0.9342001901383986,
        "loss": 0.36114279533687393
    },
    "epoch_05": {
        "dsc": 0.8799290620444113,
        "iou": 0.8157236455825337,
        "accuracy": 0.9897294322231363,
        "precision": 0.8629846452620992,
        "recall": 0.935374195115608,
        "loss": 0.2746044209128932
    },
    "epoch_06": {
        "dsc": 0.8840074973148212,
        "iou": 0.8175060424888344,
        "accuracy": 0.9890670829906798,
        "precision": 0.8487682839234671,
        "recall": 0.9522322384934676,
        "loss": 0.22010103809206108
    },
    "epoch_07": {
        "dsc": 0.8949340252499831,
        "iou": 0.8311684900208524,
        "accuracy": 0.9907000411184211,
        "precision": 0.8860354742460083,
        "recall": 0.9328302803792452,
        "loss": 0.17595385250292325
    },
    "epoch_08": {
        "dsc": 0.8952399659575077,
        "iou": 0.8352629186814292,
        "accuracy": 0.99093231736568,
        "precision": 0.9223435108076063,
        "recall": 0.906729092200597,
        "loss": 0.15561193227767944
    },
    "epoch_09": {
        "dsc": 0.8935469592872419,
        "iou": 0.8314263470340193,
        "accuracy": 0.9906798245614036,
        "precision": 0.8871430122015769,
        "recall": 0.9309463600317636,
        "loss": 0.1414388324085035
    },
    "epoch_10": {
        "dsc": 0.9005880564974066,
        "iou": 0.8410940844761697,
        "accuracy": 0.9913734837582238,
        "precision": 0.8987725026774825,
        "recall": 0.9314608082436678,
        "loss": 0.12786880998235
    },
    "epoch_11": {
        "dsc": 0.8981593470824393,
        "iou": 0.8419435191572757,
        "accuracy": 0.9918980006167761,
        "precision": 0.920951601706053,
        "recall": 0.9143785698372023,
        "loss": 0.12084727302977913
    },
    "epoch_12": {
        "dsc": 0.9087202941116533,
        "iou": 0.8543522441596316,
        "accuracy": 0.9924953741776315,
        "precision": 0.9176580717689115,
        "recall": 0.9252151611604187,
        "loss": 0.10837198872315257
    },
    "epoch_13": {
        "dsc": 0.8990824829068099,
        "iou": 0.8452904731558081,
        "accuracy": 0.992196408991228,
        "precision": 0.9167773273953219,
        "recall": 0.9175200943361248,
        "loss": 0.11028696596622467
    },
    "epoch_14": {
        "dsc": 0.9067412703706509,
        "iou": 0.8501877481477303,
        "accuracy": 0.9920665433114033,
        "precision": 0.922020824854834,
        "recall": 0.9205293273716644,
        "loss": 0.10497605800628662
    },
    "epoch_15": {
        "dsc": 0.9065294657882891,
        "iou": 0.8487123491471275,
        "accuracy": 0.9916054173519736,
        "precision": 0.9110592269060904,
        "recall": 0.9261177956012256,
        "loss": 0.10699404776096344
    },
    "epoch_16": {
        "dsc": 0.904864150703999,
        "iou": 0.8486844353508531,
        "accuracy": 0.9920513808936403,
        "precision": 0.9414188239658089,
        "recall": 0.9008679233099287,
        "loss": 0.10350247354883897
    },
    "epoch_17": {
        "dsc": 0.9007043179712796,
        "iou": 0.8426967477589324,
        "accuracy": 0.9916154399671052,
        "precision": 0.8947255046744094,
        "recall": 0.9299286614384565,
        "loss": 0.10223895703491412
    },
    "epoch_18": {
        "dsc": 0.902619733099352,
        "iou": 0.8465785467833802,
        "accuracy": 0.9922039902001097,
        "precision": 0.9224217795489127,
        "recall": 0.9125599693833737,
        "loss": 0.09993717231248554
    },
    "epoch_19": {
        "dsc": 0.9094005106833942,
        "iou": 0.850364955893734,
        "accuracy": 0.9915386427494517,
        "precision": 0.8993021228857208,
        "recall": 0.933910389741262,
        "loss": 0.10067659381188844
    },
    "epoch_20": {
        "dsc": 0.9049715373599737,
        "iou": 0.8506223914916057,
        "accuracy": 0.9923793431332236,
        "precision": 0.9307899992716941,
        "recall": 0.9069084138200992,
        "loss": 0.09997660862772088
    },
    "epoch_21": {
        "dsc": 0.9056374399285566,
        "iou": 0.8493192028581051,
        "accuracy": 0.9921435546875,
        "precision": 0.9019739821291807,
        "recall": 0.9374563265265081,
        "loss": 0.09818535180468309
    },
    "epoch_22": {
        "dsc": 0.905310687265898,
        "iou": 0.8501880357139989,
        "accuracy": 0.9921742650082239,
        "precision": 0.9316602720503223,
        "recall": 0.9118712690838597,
        "loss": 0.09787766870699431
    },
    "epoch_23": {
        "dsc": 0.9071610271930692,
        "iou": 0.8542393691707075,
        "accuracy": 0.9925115217242327,
        "precision": 0.9433560366170449,
        "recall": 0.904413467959354,
        "loss": 0.09942116157004707
    },
    "epoch_24": {
        "dsc": 0.905141403800563,
        "iou": 0.8471737096184179,
        "accuracy": 0.9916087582236841,
        "precision": 0.917062168058596,
        "recall": 0.9160619310119695,
        "loss": 0.09790907878624766
    },
    "epoch_25": {
        "dsc": 0.9122472588430373,
        "iou": 0.8588560485003287,
        "accuracy": 0.9924912195038378,
        "precision": 0.9385670423507688,
        "recall": 0.9132619379905231,
        "loss": 0.09318482326833825
    },
    "epoch_26": {
        "dsc": 0.895727139293102,
        "iou": 0.8351033826669058,
        "accuracy": 0.9912426757812498,
        "precision": 0.894267271485245,
        "recall": 0.9231071242114954,
        "loss": 0.10347385547663036
    },
    "epoch_27": {
        "dsc": 0.9081269962745799,
        "iou": 0.852494027530938,
        "accuracy": 0.9924931469298244,
        "precision": 0.9192196460146653,
        "recall": 0.9247198700904843,
        "loss": 0.09081361246736426
    },
    "epoch_28": {
        "dsc": 0.9006405582553462,
        "iou": 0.8463528208565294,
        "accuracy": 0.9923985745614035,
        "precision": 0.9383234355533334,
        "recall": 0.9008513845895468,
        "loss": 0.09811301529407501
    },
    "epoch_29": {
        "dsc": 0.9143695622159725,
        "iou": 0.8606369511077279,
        "accuracy": 0.992364780359101,
        "precision": 0.9487117319776303,
        "recall": 0.9053547408497123,
        "loss": 0.08324270499380011
    },
    "epoch_30": {
        "dsc": 0.9139069078261391,
        "iou": 0.8601939652049749,
        "accuracy": 0.9926036526864034,
        "precision": 0.9404574836555281,
        "recall": 0.9124640210678703,
        "loss": 0.08283773299894835
    },
    "epoch_31": {
        "dsc": 0.8964950499827401,
        "iou": 0.8332943717638651,
        "accuracy": 0.9901209995202851,
        "precision": 0.9234902482283743,
        "recall": 0.8995003642743097,
        "loss": 0.1017600250871558
    },
    "epoch_32": {
        "dsc": 0.912697799895939,
        "iou": 0.858520323770088,
        "accuracy": 0.9926063082510962,
        "precision": 0.9222554789300549,
        "recall": 0.9295695716874642,
        "loss": 0.08295675171049018
    },