{
    "dsc": 0.883591196537018,
    "loss": 0.13726851987838745,
    "iou": 0.8197319475809735,
    "accuracy": 0.9906144704861111,
    "precision": 0.8839049799177381,
    "recall": 0.9212351620462206
}