{
    "dsc": 0.8760389585494994,
    "loss": 0.11219261550903321,
    "iou": 0.8119793791241114,
    "accuracy": 0.9903483072916666,
    "precision": 0.9047242618666754,
    "recall": 0.8937115294138589
}