{
    "dsc": 0.8655227261677123,
    "loss": 0.015577004928337898,
    "iou": 0.8028301602915715,
    "accuracy": 0.9987876490542764,
    "precision": 0.885008436545991,
    "recall": 0.9006681881452862
}