{
    "dsc": 0.6674981260353937,
    "loss": 0.3180251088142395,
    "iou": 0.5795468938802297,
    "accuracy": 0.9970978255208334,
    "precision": 0.9016967489454482,
    "recall": 0.6310403331572428
}