{
    "dsc": 0.9229628521318921,
    "iou": 0.8583452690762234,
    "accuracy": 0.9987838258605074,
    "precision": 0.9054117885807422,
    "recall": 0.9453398321485985,
    "loss": 0.005337647304100835
}