{
    "dsc": 0.904820797229242,
    "iou": 0.8288659935857363,
    "accuracy": 0.9985106714221014,
    "precision": 0.8959996417391257,
    "recall": 0.9176489265312034,
    "loss": 0.005752730365518642
}