{
    "dsc": 0.8914653184121116,
    "loss": 0.0822199074845565,
    "iou": 0.8346753640133038,
    "accuracy": 0.9988938973410088,
    "precision": 0.9218016028404236,
    "recall": 0.901290688180087
}