{
    "dsc": 0.8887698228018625,
    "loss": 0.12862141877412797,
    "iou": 0.8313628820010595,
    "accuracy": 0.9989177513485863,
    "precision": 0.8997659126917521,
    "recall": 0.9172693307059152
}