{
    "epoch_01": {
        "dsc": 0.7984540891229062,
        "iou": 0.7141975363095602,
        "accuracy": 0.9584863709566884,
        "precision": 0.8544290928464187,
        "recall": 0.7852452962022077,
        "loss": 0.34179027221704783
    },
    "epoch_02": {
        "dsc": 0.8459402066573763,
        "iou": 0.775705882854629,
        "accuracy": 0.9701086211622808,
        "precision": 0.8607890951006038,
        "recall": 0.864984574547985,
        "loss": 0.2823423817753792
    },
    "epoch_03": {
        "dsc": 0.8619875264795203,
        "iou": 0.7956819424503729,
        "accuracy": 0.9738697145696273,
        "precision": 0.8891376256942749,
        "recall": 0.8709079989215784,
        "loss": 0.24292090711625
    },
    "epoch_04": {
        "dsc": 0.87359989996542,
        "iou": 0.8124915680341553,
        "accuracy": 0.9775352933114035,
        "precision": 0.9212578263199119,
        "recall": 0.8670502744222942,
        "loss": 0.2044838884551274
    },
    "epoch_05": {
        "dsc": 0.888111484678168,
        "iou": 0.8289210419905814,
        "accuracy": 0.9786014597039475,
        "precision": 0.9058095504317366,
        "recall": 0.8952060943109948,
        "loss": 0.17523374075168058
    },
    "epoch_06": {
        "dsc": 0.8879244092263674,
        "iou": 0.8285894885397793,
        "accuracy": 0.9790469520970395,
        "precision": 0.9080945561852373,
        "recall": 0.8907895302563382,
        "loss": 0.14669999029291303
    },
    "epoch_07": {
        "dsc": 0.9001941858676442,
        "iou": 0.8437390066029732,
        "accuracy": 0.9810848838404604,
        "precision": 0.9223744884917608,
        "recall": 0.8991058259679562,
        "loss": 0.12859324061949
    },
    "epoch_08": {
        "dsc": 0.9053780227376703,
        "iou": 0.8501856442083393,
        "accuracy": 0.9819947145696271,
        "precision": 0.9293040366549241,
        "recall": 0.898234843684916,
        "loss": 0.11048126485394805
    },
    "epoch_09": {
        "dsc": 0.9061276698321625,
        "iou": 0.8515291412671406,
        "accuracy": 0.9815984357867323,
        "precision": 0.9172586317647968,
        "recall": 0.9122581189138849,
        "loss": 0.10056357164131968
    },
    "epoch_10": {
        "dsc": 0.9108210232174186,
        "iou": 0.8560462510376647,
        "accuracy": 0.9818060838130481,
        "precision": 0.9269018434641655,
        "recall": 0.9064628701460989,
        "loss": 0.08797392258910756
    },
    "epoch_11": {
        "dsc": 0.9112782033911924,
        "iou": 0.8584944940449899,
        "accuracy": 0.9821985934073462,
        "precision": 0.9340918665392358,
        "recall": 0.9025062076878129,
        "loss": 0.08188963681459427
    },
    "epoch_12": {
        "dsc": 0.9179402187205198,
        "iou": 0.8664391276083494,
        "accuracy": 0.9834831157483555,
        "precision": 0.9370150634071284,
        "recall": 0.9080215865059901,
        "loss": 0.0708307131732765
    },
    "epoch_13": {
        "dsc": 0.9133428878951491,
        "iou": 0.8604205005001603,
        "accuracy": 0.9827691971628285,
        "precision": 0.9338541062254655,
        "recall": 0.9055623244820982,
        "loss": 0.06699454598128796
    },
    "epoch_14": {
        "dsc": 0.9225743564597346,
        "iou": 0.8725186549780662,
        "accuracy": 0.9835519034402411,
        "precision": 0.9308866482031974,
        "recall": 0.9202377440636617,
        "loss": 0.06365312969214038
    },
    "epoch_15": {
        "dsc": 0.921476285708578,
        "iou": 0.8715837927241075,
        "accuracy": 0.9837797251918861,
        "precision": 0.9378272870130704,
        "recall": 0.9131190363775219,
        "loss": 0.05801569435157274
    },
    "epoch_16": {
        "dsc": 0.9206968237433516,
        "iou": 0.8709197933213754,
        "accuracy": 0.9837740285773023,
        "precision": 0.9251611635350344,
        "recall": 0.9245157681013408,
        "loss": 0.05352283455431461
    },
    "epoch_17": {
        "dsc": 0.9240265551366302,
        "iou": 0.8755431007920651,
        "accuracy": 0.9846882709703948,
        "precision": 0.9451780936174226,
        "recall": 0.9186596582856096,
        "loss": 0.04899361499242092
    },
    "epoch_18": {
        "dsc": 0.9261567691961923,
        "iou": 0.8789689567005426,
        "accuracy": 0.9850843355948465,
        "precision": 0.9376044906022255,
        "recall": 0.921228964077799,
        "loss": 0.04584268740329303
    },
    "epoch_19": {
        "dsc": 0.9238839724607635,
        "iou": 0.8759414971920483,
        "accuracy": 0.9847854989035086,
        "precision": 0.9453825720569541,
        "recall": 0.9170359571774798,
        "loss": 0.046331224914051984
    },
    "epoch_20": {
        "dsc": 0.9198292739558639,
        "iou": 0.8703858496849995,
        "accuracy": 0.9844810940926537,
        "precision": 0.9432372220775536,
        "recall": 0.9110586193569921,
        "loss": 0.04530024758883213
    },
    "epoch_21": {
        "dsc": 0.9260737702511905,
        "iou": 0.8781415793979378,
        "accuracy": 0.9844822933799344,
        "precision": 0.9374345964507053,
        "recall": 0.9242331228758162,
        "loss": 0.043609976891036094
    },
    "epoch_22": {
        "dsc": 0.9273516159308586,
        "iou": 0.8806934304404677,
        "accuracy": 0.9851944558662282,
        "precision": 0.9411520388042717,
        "recall": 0.9235868443522536,
        "loss": 0.04111909758495657
    },
    "epoch_23": {
        "dsc": 0.9243251561072835,
        "iou": 0.876387640049583,
        "accuracy": 0.984914036800987,
        "precision": 0.9417690362846641,
        "recall": 0.9175238541343758,
        "loss": 0.04141846085947595
    },
    "epoch_24": {
        "dsc": 0.9298284210656819,
        "iou": 0.8843090319842624,
        "accuracy": 0.9857466848273028,
        "precision": 0.9387816169805694,
        "recall": 0.9297118903252117,
        "loss": 0.038197262678295374
    },
    "epoch_25": {
        "dsc": 0.9291231762944605,
        "iou": 0.883184762377488,
        "accuracy": 0.9854448070860747,
        "precision": 0.9403349574197801,
        "recall": 0.9274760986629286,
        "loss": 0.03885061320799746
    },
    "epoch_26": {
        "dsc": 0.9191438660287021,
        "iou": 0.8686601148362746,
        "accuracy": 0.9832848050301535,
        "precision": 0.9362306213169769,
        "recall": 0.9124813691565867,
        "loss": 0.04663788240500971
    },
    "epoch_27": {
        "dsc": 0.9314949345170407,
        "iou": 0.8861850149798812,
        "accuracy": 0.9859195106907894,
        "precision": 0.9387863011736617,
        "recall": 0.9325665042065738,
        "loss": 0.03707542944405424
    },
    "epoch_28": {
        "dsc": 0.9285260229779965,
        "iou": 0.8832056030892489,
        "accuracy": 0.9858099900630485,
        "precision": 0.933011565292091,
        "recall": 0.9339734122418522,
        "loss": 0.037551586148574165
    },
    "epoch_29": {
        "dsc": 0.9287433054363518,
        "iou": 0.882777923554705,
        "accuracy": 0.9855346679687502,
        "precision": 0.9519262543895788,
        "recall": 0.9172501459456327,
        "loss": 0.03857862312150629
    },
    "epoch_30": {
        "dsc": 0.9289245809379377,
        "iou": 0.8821858491813929,
        "accuracy": 0.9853390556469299,
        "precision": 0.9399891589817246,
        "recall": 0.9278262822251571,
        "loss": 0.03757114161884314
    },
    "epoch_31": {
        "dsc": 0.9324967448125804,
        "iou": 0.8885784321709683,
        "accuracy": 0.9861018880208334,
        "precision": 0.9360525764917075,
        "recall": 0.9372223233967498,
        "loss": 0.03547866669434466
    },
    "epoch_32": {
        "dsc": 0.9349333863509329,
        "iou": 0.8911171863999282,
        "accuracy": 0.9864622310169956,
        "precision": 0.9394721775724176,
        "recall": 0.936608175436656,
        "loss": 0.03470217779670891
    },