{
    "dsc": 0.9125593281851874,
    "loss": 0.042990662068128585,
    "iou": 0.8621315600607131,
    "accuracy": 0.9839617361111112,
    "precision": 0.9262793124516804,
    "recall": 0.9157862487369114
}