{
    "epoch_01": {
        "dsc": 0.5985513421808123,
        "iou": 0.486483588124129,
        "accuracy": 0.9065655985405526,
        "precision": 0.6446466820709633,
        "recall": 0.5959064142775196,
        "loss": 0.44335181604732166
    },
    "epoch_02": {
        "dsc": 0.8131153980359674,
        "iou": 0.729648980439878,
        "accuracy": 0.9622123318432486,
        "precision": 0.8289178737344589,
        "recall": 0.8216052900554874,
        "loss": 0.3176441013334907
    },
    "epoch_03": {
        "dsc": 0.8476670341908189,
        "iou": 0.7747621948493781,
        "accuracy": 0.9704503415357622,
        "precision": 0.8601721225309713,
        "recall": 0.8563207944659201,
        "loss": 0.26599300525245817
    },
    "epoch_04": {
        "dsc": 0.8641362107373813,
        "iou": 0.7983954557335526,
        "accuracy": 0.9747553806678922,
        "precision": 0.8782846441030926,
        "recall": 0.8716246121282459,
        "loss": 0.2248031024069072
    },
    "epoch_05": {
        "dsc": 0.8748589473080933,
        "iou": 0.811941151153595,
        "accuracy": 0.9767069912126782,
        "precision": 0.8888964130279214,
        "recall": 0.8820702679017011,
        "loss": 0.1924678358961554
    },
    "epoch_06": {
        "dsc": 0.8836887406049141,
        "iou": 0.8244321490779069,
        "accuracy": 0.9788076102244876,
        "precision": 0.8948358439187952,
        "recall": 0.8896457906181587,
        "loss": 0.16411987700086225
    },
    "epoch_07": {
        "dsc": 0.8895436312319335,
        "iou": 0.832954354358442,
        "accuracy": 0.9799684314421792,
        "precision": 0.8983890007842671,
        "recall": 0.8951092477150779,
        "loss": 0.14190916061640424
    },
    "epoch_08": {
        "dsc": 0.8958313478930535,
        "iou": 0.8400947385718265,
        "accuracy": 0.9808917268967245,
        "precision": 0.9051220081812982,
        "recall": 0.8997603247403673,
        "loss": 0.12323917095912969
    },
    "epoch_09": {
        "dsc": 0.9010065983110996,
        "iou": 0.8471837605809569,
        "accuracy": 0.9819968179032976,
        "precision": 0.9134069325770924,
        "recall": 0.9048307771245002,
        "loss": 0.10735317026787901
    },
    "epoch_10": {
        "dsc": 0.9040116617811343,
        "iou": 0.851213202385129,
        "accuracy": 0.9821179395053475,
        "precision": 0.9149724996769916,
        "recall": 0.908447549942343,
        "loss": 0.09578346208056664
    },
    "epoch_11": {
        "dsc": 0.9082778629028435,
        "iou": 0.8565540592088206,
        "accuracy": 0.983046335366533,
        "precision": 0.9205363359893283,
        "recall": 0.9114678883510053,
        "loss": 0.08481677743123177
    },
    "epoch_12": {
        "dsc": 0.9116004918985826,
        "iou": 0.859861164222639,
        "accuracy": 0.9835029349097594,
        "precision": 0.9250966396030044,
        "recall": 0.9140861210232325,
        "loss": 0.07612186329648457
    },
    "epoch_13": {
        "dsc": 0.9127200191139961,
        "iou": 0.8612571291745028,
        "accuracy": 0.9836843997186943,
        "precision": 0.9268189834400932,
        "recall": 0.9123048290424381,
        "loss": 0.0694817547850749
    },
    "epoch_14": {
        "dsc": 0.9159309058159644,
        "iou": 0.8660177835487427,
        "accuracy": 0.9844047407670455,
        "precision": 0.9264345070257544,
        "recall": 0.9179334335042407,
        "loss": 0.06265587089732688
    },
    "epoch_15": {
        "dsc": 0.9190011602990767,
        "iou": 0.8690859319479495,
        "accuracy": 0.9845728278882576,
        "precision": 0.9306189146908846,
        "recall": 0.919473875758907,
        "loss": 0.058031765265977954
    },
    "epoch_16": {
        "dsc": 0.9194953764611173,
        "iou": 0.8709845981708398,
        "accuracy": 0.9848719327930037,
        "precision": 0.9331127782875204,
        "recall": 0.9206134284881347,
        "loss": 0.0539580341528125
    },
    "epoch_17": {
        "dsc": 0.9218623234413948,
        "iou": 0.8737896562366348,
        "accuracy": 0.9851654411764705,
        "precision": 0.9323518948758988,
        "recall": 0.9226004247571908,
        "loss": 0.05048731758314021
    },
    "epoch_18": {
        "dsc": 0.9236749598155471,
        "iou": 0.8760600472516554,
        "accuracy": 0.9854988998440285,
        "precision": 0.9347031976556184,
        "recall": 0.9242393068982532,
        "loss": 0.04741873070199222
    },
    "epoch_19": {
        "dsc": 0.9247911580956132,
        "iou": 0.8775597970115947,
        "accuracy": 0.9856918188084893,
        "precision": 0.9369968181200418,
        "recall": 0.9246053916672758,
        "loss": 0.04499002762716563
    },
    "epoch_20": {
        "dsc": 0.9271210904321144,
        "iou": 0.8799452665336629,
        "accuracy": 0.985723178475936,
        "precision": 0.9378422192711243,
        "recall": 0.9272618268262893,
        "loss": 0.04341631299034159
    },
    "epoch_21": {
        "dsc": 0.9279528207638684,
        "iou": 0.8805423058078037,
        "accuracy": 0.9858406357926693,
        "precision": 0.9385471368430983,
        "recall": 0.928568593745988,
        "loss": 0.041885503876535966
    },
    "epoch_22": {
        "dsc": 0.9310757620343126,
        "iou": 0.8857991152481175,
        "accuracy": 0.9864717632436497,
        "precision": 0.9395618303786837,
        "recall": 0.9318530955841623,
        "loss": 0.039446422571246635
    },
    "epoch_23": {
        "dsc": 0.9308542004137328,
        "iou": 0.8853535664910301,
        "accuracy": 0.9864466093610741,
        "precision": 0.940687286343804,
        "recall": 0.9321502160261022,
        "loss": 0.03824754019472051
    },
    "epoch_24": {
        "dsc": 0.929923922142243,
        "iou": 0.8848937205346085,
        "accuracy": 0.9865404446579769,
        "precision": 0.9390447070679351,
        "recall": 0.9317136958321148,
        "loss": 0.03727546613663435
    },
    "epoch_25": {
        "dsc": 0.9340481572185181,
        "iou": 0.8894783175034106,
        "accuracy": 0.986890901779746,
        "precision": 0.9413467596240223,
        "recall": 0.9354869597417148,
        "loss": 0.03574575891190353
    },
    "epoch_26": {
        "dsc": 0.9323312988149505,
        "iou": 0.8875279932842322,
        "accuracy": 0.9867410838625222,
        "precision": 0.9440123553050817,
        "recall": 0.9341614530579504,
        "loss": 0.03556952595133035
    },
    "epoch_27": {
        "dsc": 0.9330597339254437,
        "iou": 0.8885447719199134,
        "accuracy": 0.9868669054979946,
        "precision": 0.9421417985157957,
        "recall": 0.9349323981267247,
        "loss": 0.03490688277278992
    },
    "epoch_28": {
        "dsc": 0.9367884514909802,
        "iou": 0.892690155914123,
        "accuracy": 0.9872417331634359,
        "precision": 0.9432759828958492,
        "recall": 0.9383790103615712,
        "loss": 0.03319334594363516
    },
    "epoch_29": {
        "dsc": 0.9376989873972806,
        "iou": 0.8945662134896412,
        "accuracy": 0.9874664730949199,
        "precision": 0.9457123392193499,
        "recall": 0.9394570615096102,
        "loss": 0.03264922697475568
    },
    "epoch_30": {
        "dsc": 0.9362767966673335,
        "iou": 0.8928417706872053,
        "accuracy": 0.9873962162990196,
        "precision": 0.9464598604595811,
        "recall": 0.9382834288419463,
        "loss": 0.03233075491028196
    },
    "epoch_31": {
        "dsc": 0.9381874633982857,
        "iou": 0.8950923770506751,
        "accuracy": 0.9875285222398619,
        "precision": 0.9464387740680879,
        "recall": 0.9399224946843111,
        "loss": 0.03177545266474951
    },
    "epoch_32": {
        "dsc": 0.9379035446414336,
        "iou": 0.8949843953610955,
        "accuracy": 0.9875398806539663,
        "precision": 0.9465321746925406,
        "recall": 0.9416333461402785,
        "loss": 0.03179654723063191
    },