{
    "dsc": 0.8999259061980664,
    "loss": 0.10058692317259939,
    "iou": 0.8419505527144983,
    "accuracy": 0.9989346902412279,
    "precision": 0.9143301980537281,
    "recall": 0.9184172061451694
}