{
    "dsc": 0.8656138026923464,
    "loss": 0.1098374554985448,
    "iou": 0.806152113278707,
    "accuracy": 0.9987364480537281,
    "precision": 0.9235668119631315,
    "recall": 0.873269705709658
}