{
    "dsc": 0.8841368123104699,
    "loss": 0.016254731110836328,
    "iou": 0.8280985907504432,
    "accuracy": 0.998948914645011,
    "precision": 0.911423049056739,
    "recall": 0.9038331571378206
}