{
    "dsc": 0.8587881432639227,
    "loss": 0.11781864690780641,
    "iou": 0.7959580770068698,
    "accuracy": 0.9986865538194444,
    "precision": 0.8977356855074564,
    "recall": 0.8834223603672451
}