{
    "dsc": 0.8550444704294204,
    "loss": 0.13670876721541086,
    "iou": 0.788097842335701,
    "accuracy": 0.9985599446614584,
    "precision": 0.8893500892321271,
    "recall": 0.8746119429667791
}