{
    "dsc": 0.8070629295549894,
    "loss": 0.17225627773686458,
    "iou": 0.7308606645517182,
    "accuracy": 0.9977785901521381,
    "precision": 0.8275671141189441,
    "recall": 0.8794749197206999
}