{
    "dsc": 0.5163394734524844,
    "loss": 0.9615305787638615,
    "iou": 0.3880467829997079,
    "accuracy": 0.9784626079358552,
    "precision": 0.388645536125752,
    "recall": 0.9910835368591442
}