{
    "dsc": 0.88329949148496,
    "loss": 0.09382100502649944,
    "iou": 0.8262292452388339,
    "accuracy": 0.9989678732638888,
    "precision": 0.9170670821931626,
    "recall": 0.8958009842766657
}