{
    "dsc": 0.8922216933568319,
    "loss": 0.08578191836675007,
    "iou": 0.8339739321602714,
    "accuracy": 0.9989577864583332,
    "precision": 0.9090474772983127,
    "recall": 0.9128766880565221
}