{
    "dsc": 0.8661083865695529,
    "loss": 0.11701313924789429,
    "iou": 0.8014650453461541,
    "accuracy": 0.9987588845486111,
    "precision": 0.8936174518267315,
    "recall": 0.8943902054362827
}