{
    "dsc": 0.9267718693188259,
    "loss": 0.07144882827997208,
    "iou": 0.8841854780060905,
    "accuracy": 0.9983750151134672,
    "precision": 0.948109476112184,
    "recall": 0.9251366895721074
}