{
    "dsc": 0.8919105899961371,
    "loss": 0.12138465893896003,
    "iou": 0.836257771232672,
    "accuracy": 0.999003387986568,
    "precision": 0.9128559706503884,
    "recall": 0.9124637660227324
}