{
    "dsc": 0.8856933742238766,
    "loss": 0.09300196798224199,
    "iou": 0.8294875349914819,
    "accuracy": 0.998949527138158,
    "precision": 0.9105629598885251,
    "recall": 0.9042834877967835
}