{
    "dsc": 0.881539286333218,
    "loss": 0.18415090535816392,
    "iou": 0.822238968757161,
    "accuracy": 0.9988202953673244,
    "precision": 0.8943310423901206,
    "recall": 0.9133564189860696
}