{
    "dsc": 0.9382755418050858,
    "loss": 0.06570981672831944,
    "iou": 0.8878269401050751,
    "accuracy": 0.9988614769345239,
    "precision": 0.9474325185730343,
    "recall": 0.9349488937287104
}