{
    "dsc": 0.8834455997585946,
    "loss": 0.11434769757831369,
    "iou": 0.8260411998091156,
    "accuracy": 0.9987443443861324,
    "precision": 0.9212518872195528,
    "recall": 0.8907465620501958
}