{
    "dsc": 0.8126147030255734,
    "loss": 0.24334152845235973,
    "iou": 0.7355764473095918,
    "accuracy": 0.9987793719951924,
    "precision": 0.8608411863828316,
    "recall": 0.8455138298181387
}