{
    "epoch_01": {
        "dsc": 0.33793758573208715,
        "iou": 0.2249155282604356,
        "accuracy": 0.8981359084109043,
        "precision": 0.22672918469295011,
        "recall": 0.8961129214693891,
        "loss": 0.9164045808163095
    },
    "epoch_02": {
        "dsc": 0.6662320536924592,
        "iou": 0.5227838792699447,
        "accuracy": 0.983451213430851,
        "precision": 0.5242386572327175,
        "recall": 0.9907197749361079,
        "loss": 0.8794700516031143
    },
    "epoch_03": {
        "dsc": 0.759405718944597,
        "iou": 0.6396675154249719,
        "accuracy": 0.9900992145944147,
        "precision": 0.6421268897276398,
        "recall": 0.995878596677848,
        "loss": 0.8397511915957674
    },
    "epoch_04": {
        "dsc": 0.819642795527235,
        "iou": 0.7207974032730077,
        "accuracy": 0.9936321545323582,
        "precision": 0.726737286393524,
        "recall": 0.9862731728993411,
        "loss": 0.7620856375136273
    },
    "epoch_05": {
        "dsc": 0.8457456877891052,
        "iou": 0.7573038390342224,
        "accuracy": 0.99511289339539,
        "precision": 0.770891344716363,
        "recall": 0.9746475481817908,
        "loss": 0.6483093595251124
    },
    "epoch_06": {
        "dsc": 0.8864763869461438,
        "iou": 0.8178354104359946,
        "accuracy": 0.996773015015514,
        "precision": 0.8377050603112431,
        "recall": 0.9745951730308801,
        "loss": 0.48970081704728147
    },
    "epoch_07": {
        "dsc": 0.8981189171895912,
        "iou": 0.8374777474301928,
        "accuracy": 0.9972609845966312,
        "precision": 0.8687707739518888,
        "recall": 0.9624189578049572,
        "loss": 0.3449652150590369
    },
    "epoch_08": {
        "dsc": 0.9126959527637944,
        "iou": 0.8567178111972539,
        "accuracy": 0.9976570118572697,
        "precision": 0.8906633338184222,
        "recall": 0.9597540793689431,
        "loss": 0.24565853971116086
    },
    "epoch_09": {
        "dsc": 0.9198072009475519,
        "iou": 0.8665281762468056,
        "accuracy": 0.9978768423093973,
        "precision": 0.9051525539962958,
        "recall": 0.955222433974557,
        "loss": 0.1864352232598244
    },
    "epoch_10": {
        "dsc": 0.9213202320937568,
        "iou": 0.8696878970937526,
        "accuracy": 0.9978951961436168,
        "precision": 0.909806582099157,
        "recall": 0.9529765671026624,
        "loss": 0.15187185432048553
    },
    "epoch_11": {
        "dsc": 0.917557747017407,
        "iou": 0.8683016099405628,
        "accuracy": 0.9980263741134751,
        "precision": 0.9162247404984548,
        "recall": 0.9418857795126895,
        "loss": 0.1352700635473779
    },
    "epoch_12": {
        "dsc": 0.9177970190842948,
        "iou": 0.8676458819115416,
        "accuracy": 0.9979074204898049,
        "precision": 0.9180341639840008,
        "recall": 0.9439076504386062,
        "loss": 0.12211540658423241
    },
    "epoch_13": {
        "dsc": 0.9292226328071974,
        "iou": 0.8822259934658702,
        "accuracy": 0.9981649628767728,
        "precision": 0.9210027712033995,
        "recall": 0.9563963764102746,
        "loss": 0.10260654510335719
    },
    "epoch_14": {
        "dsc": 0.9325701697921076,
        "iou": 0.8880244592825572,
        "accuracy": 0.9982993960549644,
        "precision": 0.9327852273663731,
        "recall": 0.9500216256219444,
        "loss": 0.09333838490729636
    },
    "epoch_15": {
        "dsc": 0.9353800500538331,
        "iou": 0.8903026265878203,
        "accuracy": 0.9983332294437058,
        "precision": 0.9302077198282201,
        "recall": 0.9563016223569291,
        "loss": 0.08643982448476425
    },
    "epoch_16": {
        "dsc": 0.9343744004871829,
        "iou": 0.890679286938187,
        "accuracy": 0.9983830964649822,
        "precision": 0.9365016342477596,
        "recall": 0.9489567956180439,
        "loss": 0.08331832416514133
    },
    "epoch_17": {
        "dsc": 0.9367858156667536,
        "iou": 0.8915263761019878,
        "accuracy": 0.9983267536569148,
        "precision": 0.9358256254213075,
        "recall": 0.951405129956861,
        "loss": 0.07824764353163699
    },
    "epoch_18": {
        "dsc": 0.9362871761017655,
        "iou": 0.8912010672667349,
        "accuracy": 0.9982893187610814,
        "precision": 0.9325140706190825,
        "recall": 0.9540708212987749,
        "loss": 0.07706508420883341
    },
    "epoch_19": {
        "dsc": 0.9428811608054113,
        "iou": 0.9011467748077203,
        "accuracy": 0.9984197348736702,
        "precision": 0.9395154494765801,
        "recall": 0.9574020361223966,
        "loss": 0.06867310785232707
    },
    "epoch_20": {
        "dsc": 0.9450449537723622,
        "iou": 0.905000847282139,
        "accuracy": 0.9985136857269501,
        "precision": 0.9402721999807561,
        "recall": 0.9586041821232923,
        "loss": 0.0650647409418796
    },
    "epoch_21": {
        "dsc": 0.9337426350049093,
        "iou": 0.8862614625311912,
        "accuracy": 0.9982029864804965,
        "precision": 0.926286998581379,
        "recall": 0.952655978448002,
        "loss": 0.07510551873673783
    },
    "epoch_22": {
        "dsc": 0.9441002939187041,
        "iou": 0.9036742062010665,
        "accuracy": 0.998469290226064,
        "precision": 0.9422701912146088,
        "recall": 0.9581267332777063,
        "loss": 0.0636899712237906
    },
    "epoch_23": {
        "dsc": 0.9471104899619488,
        "iou": 0.9080838506103407,
        "accuracy": 0.9985682970412236,
        "precision": 0.9446630790723978,
        "recall": 0.960204209841735,
        "loss": 0.059915056888093336
    },
    "epoch_24": {
        "dsc": 0.9501010870679896,
        "iou": 0.9129916262542102,
        "accuracy": 0.9986488807624112,
        "precision": 0.945728859157427,
        "recall": 0.9643952785231542,
        "loss": 0.05598690218113838
    },
    "epoch_25": {
        "dsc": 0.9493849987679339,
        "iou": 0.9112904209194455,
        "accuracy": 0.9986067708333334,
        "precision": 0.9465724523608565,
        "recall": 0.9593396886443416,
        "loss": 0.05617322059387856
    },
    "epoch_26": {
        "dsc": 0.9503680218196083,
        "iou": 0.9126320597550547,
        "accuracy": 0.9986290724734045,
        "precision": 0.9483156335269306,
        "recall": 0.9617708114022059,
        "loss": 0.054727039438612915
    },
    "epoch_27": {
        "dsc": 0.9502959655109026,
        "iou": 0.9126009266849952,
        "accuracy": 0.9986314273049647,
        "precision": 0.9463785933264602,
        "recall": 0.9629041463770763,
        "loss": 0.05419520621604108
    },
    "epoch_28": {
        "dsc": 0.9413216906659148,
        "iou": 0.8989248328597834,
        "accuracy": 0.9984620179521277,
        "precision": 0.9420993444344675,
        "recall": 0.9530797190700018,
        "loss": 0.06297323488174601
    },
    "epoch_29": {
        "dsc": 0.945975107926849,
        "iou": 0.9061524794034079,
        "accuracy": 0.998518707058954,
        "precision": 0.9426802584888241,
        "recall": 0.9594741117024254,
        "loss": 0.05814362206357591
    },
    "epoch_30": {
        "dsc": 0.9496065458507401,
        "iou": 0.9117321919464896,
        "accuracy": 0.9985703748337766,
        "precision": 0.948413830488286,
        "recall": 0.9599364835319789,
        "loss": 0.05469062924385071
    },
    "epoch_31": {
        "dsc": 0.9523537788830752,
        "iou": 0.9158664326718514,
        "accuracy": 0.9986501966976951,
        "precision": 0.9510755900372851,
        "recall": 0.9618708960553435,
        "loss": 0.05089884045276236
    },
    "epoch_32": {
        "dsc": 0.9499903987062738,
        "iou": 0.9116244728260854,
        "accuracy": 0.9986065284242021,
        "precision": 0.9492896528954201,
        "recall": 0.9593734422051317,
        "loss": 0.05289468359439931
    },