{
    "epoch_01": {
        "dsc": 0.6357992741099575,
        "iou": 0.48672389461283094,
        "accuracy": 0.9798171943530702,
        "precision": 0.4961917944121779,
        "recall": 0.9621856714549818,
        "loss": 0.8893750874619735
    },
    "epoch_02": {
        "dsc": 0.6134412999738726,
        "iou": 0.46945480505625403,
        "accuracy": 0.9773766447368419,
        "precision": 0.47159797685188154,
        "recall": 0.9694001381857354,
        "loss": 0.8619015499165184
    },
    "epoch_03": {
        "dsc": 0.6899058191399825,
        "iou": 0.5524295442982724,
        "accuracy": 0.9854630962171052,
        "precision": 0.5547977957809181,
        "recall": 0.9651125523081996,
        "loss": 0.7988162856352957
    },
    "epoch_04": {
        "dsc": 0.7869367724970767,
        "iou": 0.6694124246898451,
        "accuracy": 0.9916550164473684,
        "precision": 0.693930379131384,
        "recall": 0.9658879229896947,
        "loss": 0.7070938631107933
    },
    "epoch_05": {
        "dsc": 0.8981558649163497,
        "iou": 0.831389397905584,
        "accuracy": 0.9972258771929825,
        "precision": 0.8917592742986846,
        "recall": 0.9316930980013128,
        "loss": 0.5230147556254738
    },
    "epoch_06": {
        "dsc": 0.8562431335449219,
        "iou": 0.7733003214785927,
        "accuracy": 0.995752467105263,
        "precision": 0.8962474622224507,
        "recall": 0.8541540764925774,
        "loss": 0.4329110540841755
    },
    "epoch_07": {
        "dsc": 0.8967507554773698,
        "iou": 0.836916626545421,
        "accuracy": 0.9973348410087718,
        "precision": 0.8777064482371011,
        "recall": 0.9415995510000932,
        "loss": 0.2912708646372745
    },
    "epoch_08": {
        "dsc": 0.8887824259306255,
        "iou": 0.8165622113043802,
        "accuracy": 0.9968355948464914,
        "precision": 0.890026665570443,
        "recall": 0.9116011544277793,
        "loss": 0.21954292372653358
    },
    "epoch_09": {
        "dsc": 0.9274555465631317,
        "iou": 0.8801432325128923,
        "accuracy": 0.9980751439144735,
        "precision": 0.9279411675637227,
        "recall": 0.9493980303145291,
        "loss": 0.14743561807431674
    },
    "epoch_10": {
        "dsc": 0.9393672692148309,
        "iou": 0.8929051683660137,
        "accuracy": 0.9983016378837718,
        "precision": 0.9426756448913038,
        "recall": 0.9471080094053034,
        "loss": 0.119655778533534
    },
    "epoch_11": {
        "dsc": 0.9066974572968064,
        "iou": 0.854895081436425,
        "accuracy": 0.9977213541666667,
        "precision": 0.9213923236779998,
        "recall": 0.9302442492100231,
        "loss": 0.13565530902461
    },
    "epoch_12": {
        "dsc": 0.9311965432083397,
        "iou": 0.8889885931684259,
        "accuracy": 0.9983674273574562,
        "precision": 0.947787138453701,
        "recall": 0.9363432453389754,
        "loss": 0.09881643245094701
    },
    "epoch_13": {
        "dsc": 0.9281707144620125,
        "iou": 0.8825124313956811,
        "accuracy": 0.9982272820723685,
        "precision": 0.9723748115071078,
        "recall": 0.9081262329168487,
        "loss": 0.09595000743865967
    },
    "epoch_14": {
        "dsc": 0.9456708096621329,
        "iou": 0.9041403720253394,
        "accuracy": 0.9985055167214911,
        "precision": 0.9591896868588632,
        "recall": 0.9433103611594752,
        "loss": 0.07715328116165965
    },
    "epoch_15": {
        "dsc": 0.9380382153025844,
        "iou": 0.8988770602042216,
        "accuracy": 0.9984895833333334,
        "precision": 0.9651258995658475,
        "recall": 0.9314504255328263,
        "loss": 0.07897642097975079
    },
    "epoch_16": {
        "dsc": 0.9528889237788685,
        "iou": 0.9119538800758229,
        "accuracy": 0.9984767338267545,
        "precision": 0.9446292927390653,
        "recall": 0.9655956803706655,
        "loss": 0.06118258990739521
    },
    "epoch_17": {
        "dsc": 0.9372957672989161,
        "iou": 0.8947708418494776,
        "accuracy": 0.9983823327850878,
        "precision": 0.9468059832589667,
        "recall": 0.9462253712771231,
        "loss": 0.0750251945696379
    },
    "epoch_18": {
        "dsc": 0.947162205712837,
        "iou": 0.9017536807478519,
        "accuracy": 0.9983477247807019,
        "precision": 0.9843819183215762,
        "recall": 0.9159344915758099,
        "loss": 0.06536070610347547
    },
    "epoch_19": {
        "dsc": 0.9395882581409655,
        "iou": 0.8995122407612047,
        "accuracy": 0.9985050027412279,
        "precision": 0.9776570964277838,
        "recall": 0.9204817905760647,
        "loss": 0.06908002338911358
    },
    "epoch_20": {
        "dsc": 0.9330980903223941,
        "iou": 0.8778368966621266,
        "accuracy": 0.9977593887061401,
        "precision": 0.9060576631311784,
        "recall": 0.9681618339137027,
        "loss": 0.07703720582158942
    },
    "epoch_21": {
        "dsc": 0.9329572644150047,
        "iou": 0.8911124279624537,
        "accuracy": 0.9984273917214913,
        "precision": 0.9793291761164079,
        "recall": 0.9104820176174766,
        "loss": 0.07506299018859863
    },
    "epoch_22": {
        "dsc": 0.9503672624889173,
        "iou": 0.9093974222216691,
        "accuracy": 0.9985862116228071,
        "precision": 0.9683651129404705,
        "recall": 0.9396214987102308,
        "loss": 0.05627858638763428
    },
    "epoch_23": {
        "dsc": 0.9528989248108446,
        "iou": 0.9143324274765817,
        "accuracy": 0.9986425781249998,
        "precision": 0.9636071021096747,
        "recall": 0.9492940024325722,
        "loss": 0.05309658928921348
    },
    "epoch_24": {
        "dsc": 0.9446414855488561,
        "iou": 0.900849735527708,
        "accuracy": 0.9984424684758771,
        "precision": 0.9814151002649677,
        "recall": 0.917897249522962,
        "loss": 0.06062034243031552
    },
    "epoch_25": {
        "dsc": 0.9551237967976354,
        "iou": 0.9179612251750209,
        "accuracy": 0.9986807839912281,
        "precision": 0.9612652335250585,
        "recall": 0.9552028346479984,
        "loss": 0.04948824330380088
    },
    "epoch_26": {
        "dsc": 0.9574983789209736,
        "iou": 0.919986176909062,
        "accuracy": 0.998639494243421,
        "precision": 0.9526999456840648,
        "recall": 0.9646608829498291,
        "loss": 0.04609134636427227
    },
    "epoch_27": {
        "dsc": 0.9490655932510109,
        "iou": 0.9071016771751538,
        "accuracy": 0.9985557154605262,
        "precision": 0.9741712369416887,
        "recall": 0.9313111848998488,
        "loss": 0.054824647150541604
    },
    "epoch_28": {
        "dsc": 0.9398150904136792,
        "iou": 0.8960626961892112,
        "accuracy": 0.9982930715460525,
        "precision": 0.9283177057902019,
        "recall": 0.9661336405235424,
        "loss": 0.06310712977459557
    },
    "epoch_29": {
        "dsc": 0.9554268268116735,
        "iou": 0.9162583351135254,
        "accuracy": 0.9986023163377193,
        "precision": 0.9549305188028434,
        "recall": 0.9597143373991314,
        "loss": 0.04735703844773142
    },
    "epoch_30": {
        "dsc": 0.9519576189810771,
        "iou": 0.9126344647323877,
        "accuracy": 0.9986206483004384,
        "precision": 0.9739338975203663,
        "recall": 0.9371718021861293,
        "loss": 0.051015191956570276
    },
    "epoch_31": {
        "dsc": 0.9493513567405835,
        "iou": 0.9072066273605613,
        "accuracy": 0.9984270490679823,
        "precision": 0.9409041781174508,
        "recall": 0.9646205860271789,
        "loss": 0.05299604880182367
    },
    "epoch_32": {
        "dsc": 0.9551781144058494,
        "iou": 0.9170898178167511,
        "accuracy": 0.9986448053728069,
        "precision": 0.9612825795223838,
        "recall": 0.9542416020443565,
        "loss": 0.046881180060537236
    },