{
    "epoch_01": {
        "dsc": 0.3245778572868574,
        "iou": 0.22003111387400137,
        "accuracy": 0.9426344470671791,
        "precision": 0.22288571405160693,
        "recall": 0.9237115625922905,
        "loss": 0.9556147953405737
    },
    "epoch_02": {
        "dsc": 0.5979166665444824,
        "iou": 0.4619795985772223,
        "accuracy": 0.9914391502339572,
        "precision": 0.4688898541444975,
        "recall": 0.9695173178977083,
        "loss": 0.9332308029745989
    },
    "epoch_03": {
        "dsc": 0.6808406924181444,
        "iou": 0.5571813110839874,
        "accuracy": 0.9943046561664439,
        "precision": 0.5677449369334919,
        "recall": 0.9717095929883595,
        "loss": 0.8940805365695036
    },
    "epoch_04": {
        "dsc": 0.7394264553957445,
        "iou": 0.6319603682786172,
        "accuracy": 0.9962244544479725,
        "precision": 0.6456385775736522,
        "recall": 0.9597301728585187,
        "loss": 0.800836706384618
    },
    "epoch_05": {
        "dsc": 0.8225298065977724,
        "iou": 0.7394139997249408,
        "accuracy": 0.9980552306149731,
        "precision": 0.7647514807561716,
        "recall": 0.9587582242998848,
        "loss": 0.6160516648050298
    },
    "epoch_06": {
        "dsc": 0.8509047569544346,
        "iou": 0.7788386661526142,
        "accuracy": 0.9984798264120989,
        "precision": 0.822612349468544,
        "recall": 0.9407316011753524,
        "loss": 0.4279258495027369
    },
    "epoch_07": {
        "dsc": 0.8664055525087841,
        "iou": 0.8021655132107556,
        "accuracy": 0.9987513751949643,
        "precision": 0.8541855085342326,
        "recall": 0.9336180316679406,
        "loss": 0.28830296709575753
    },
    "epoch_08": {
        "dsc": 0.8723929169025013,
        "iou": 0.8085918099272486,
        "accuracy": 0.9987800018800133,
        "precision": 0.8670448627382676,
        "recall": 0.928673099228405,
        "loss": 0.22381084711156427
    },
    "epoch_09": {
        "dsc": 0.8809558199369971,
        "iou": 0.8192698920474333,
        "accuracy": 0.9988433478860294,
        "precision": 0.8766070999563697,
        "recall": 0.9300131781322222,
        "loss": 0.18673450424071938
    },
    "epoch_10": {
        "dsc": 0.8934272875654082,
        "iou": 0.8354227114169993,
        "accuracy": 0.9989706926804814,
        "precision": 0.8936872732511816,
        "recall": 0.9303332134789112,
        "loss": 0.1600972559044068
    },
    "epoch_11": {
        "dsc": 0.8940607457556189,
        "iou": 0.8363008184653976,
        "accuracy": 0.9989789786653299,
        "precision": 0.8936273931606992,
        "recall": 0.9317138084540817,
        "loss": 0.14577227559956638
    },
    "epoch_12": {
        "dsc": 0.8953747348245664,
        "iou": 0.8382937850267916,
        "accuracy": 0.9989849494485294,
        "precision": 0.8993098420255324,
        "recall": 0.9287318921450411,
        "loss": 0.1385873580042691
    },
    "epoch_13": {
        "dsc": 0.8943080686417918,
        "iou": 0.8383614932470781,
        "accuracy": 0.9990179193126115,
        "precision": 0.8949048345951687,
        "recall": 0.931994669524531,
        "loss": 0.13038597913349376
    },
    "epoch_14": {
        "dsc": 0.8957644224884038,
        "iou": 0.8393991206326056,
        "accuracy": 0.9989875257631463,
        "precision": 0.8999270979321682,
        "recall": 0.9292658852170921,
        "loss": 0.12878651622144935
    },
    "epoch_15": {
        "dsc": 0.8877616035428276,
        "iou": 0.8280882184093223,
        "accuracy": 0.9989123948585116,
        "precision": 0.8934912333088973,
        "recall": 0.92178520879006,
        "loss": 0.13032715715826515
    },
    "epoch_16": {
        "dsc": 0.9022432906211166,
        "iou": 0.8468677609255819,
        "accuracy": 0.9990384166805928,
        "precision": 0.9019631218570227,
        "recall": 0.934221859815499,
        "loss": 0.11521595636791086
    },
    "epoch_17": {
        "dsc": 0.905773845798404,
        "iou": 0.8512672996563495,
        "accuracy": 0.9990603327623663,
        "precision": 0.909675685001567,
        "recall": 0.9320797444771104,
        "loss": 0.10957810107399435
    },
    "epoch_18": {
        "dsc": 0.9021517361867875,
        "iou": 0.8464639885434069,
        "accuracy": 0.9990141331745765,
        "precision": 0.9073046274788663,
        "recall": 0.9270025948045938,
        "loss": 0.11040741731138791
    },
    "epoch_19": {
        "dsc": 0.8995247280321443,
        "iou": 0.8414466239233068,
        "accuracy": 0.9989581853693182,
        "precision": 0.9060486482320198,
        "recall": 0.9247126250981009,
        "loss": 0.11197427186098965
    },
    "epoch_20": {
        "dsc": 0.901888410728458,
        "iou": 0.8462860325016014,
        "accuracy": 0.9990189550607175,
        "precision": 0.9092305683515927,
        "recall": 0.9248554914817878,
        "loss": 0.10322643792565493
    },
    "epoch_21": {
        "dsc": 0.9066667734195418,
        "iou": 0.8522315278197778,
        "accuracy": 0.9990372155609405,
        "precision": 0.9167808996058615,
        "recall": 0.92446345298048,
        "loss": 0.09457672231975087
    },
    "epoch_22": {
        "dsc": 0.8938141927893363,
        "iou": 0.834612862364706,
        "accuracy": 0.9989482978915998,
        "precision": 0.9063516348441016,
        "recall": 0.9171754696046179,
        "loss": 0.10367071580759345
    },
    "epoch_23": {
        "dsc": 0.9059588253604325,
        "iou": 0.8493492835983235,
        "accuracy": 0.9990106429645721,
        "precision": 0.9134504842885676,
        "recall": 0.9260117943380393,
        "loss": 0.08809792437655403
    },
    "epoch_24": {
        "dsc": 0.9115212847098523,
        "iou": 0.8564747372200568,
        "accuracy": 0.9990565901431595,
        "precision": 0.9133402661631239,
        "recall": 0.9336478956136686,
        "loss": 0.07948256144549119
    },
    "epoch_25": {
        "dsc": 0.9138265782817799,
        "iou": 0.8613592343746872,
        "accuracy": 0.99909784599209,
        "precision": 0.9207839188622493,
        "recall": 0.9324857144219777,
        "loss": 0.07297982028461394
    },
    "epoch_26": {
        "dsc": 0.9127161192065254,
        "iou": 0.8592489536008308,
        "accuracy": 0.9990876538825757,
        "precision": 0.9180731950809188,
        "recall": 0.9305106391881239,
        "loss": 0.0707862936557933
    },
    "epoch_27": {
        "dsc": 0.9172304061751101,
        "iou": 0.8645804644480958,
        "accuracy": 0.9991031814004012,
        "precision": 0.9202018690937981,
        "recall": 0.9349138990124279,
        "loss": 0.06464289343930821
    },
    "epoch_28": {
        "dsc": 0.9166590194226161,
        "iou": 0.8647850661035528,
        "accuracy": 0.9991136520304142,
        "precision": 0.9195697920632658,
        "recall": 0.9358547011161233,
        "loss": 0.06478409811774677
    },
    "epoch_29": {
        "dsc": 0.9117299579681559,
        "iou": 0.8589336357333444,
        "accuracy": 0.9990888288909314,
        "precision": 0.9168779537108279,
        "recall": 0.9326037447932783,
        "loss": 0.07012179589526539
    },
    "epoch_30": {
        "dsc": 0.9021422607482222,
        "iou": 0.8444388181555504,
        "accuracy": 0.998957132213681,
        "precision": 0.9067292293125295,
        "recall": 0.9260504322255997,
        "loss": 0.07822067963885751
    },
    "epoch_31": {
        "dsc": 0.897670318842359,
        "iou": 0.8372388062417613,
        "accuracy": 0.9989023071941846,
        "precision": 0.9078911581141426,
        "recall": 0.9184519211876201,
        "loss": 0.08280943756435007
    },
    "epoch_32": {
        "dsc": 0.8966392031115432,
        "iou": 0.8384117043167086,
        "accuracy": 0.998939715978721,
        "precision": 0.9115471476539571,
        "recall": 0.9160030000243807,
        "loss": 0.08184978620891264
    },