{
    "dsc": 0.9072151559723748,
    "loss": 0.06740700419743856,
    "iou": 0.8509441562228733,
    "accuracy": 0.9990525781249999,
    "precision": 0.9143470330238342,
    "recall": 0.9275885297987196
}