{
    "dsc": 0.9206827769153995,
    "iou": 0.8703719126550775,
    "accuracy": 0.9991747618558114,
    "precision": 0.9316502809524538,
    "recall": 0.9330074300891477,
    "loss": 0.0696052422648982
}