{
    "dsc": 0.9042579585181342,
    "loss": 0.07097774918874104,
    "iou": 0.8478930255572003,
    "accuracy": 0.999049123263889,
    "precision": 0.9148271580272249,
    "recall": 0.9238003307448495
}