{
    "epoch_01": {
        "dsc": 0.8524483793984547,
        "iou": 0.7738742006813141,
        "accuracy": 0.9982659661876114,
        "precision": 0.8444145343095437,
        "recall": 0.9148476917475941,
        "loss": 0.1449437600406096
    },
    "epoch_02": {
        "dsc": 0.8921908569952172,
        "iou": 0.8270196433904549,
        "accuracy": 0.998849318669229,
        "precision": 0.8972066640322648,
        "recall": 0.9195578428194484,
        "loss": 0.09786822850053961
    },
    "epoch_03": {
        "dsc": 0.8972916091508406,
        "iou": 0.8358538030728085,
        "accuracy": 0.9989319522198084,
        "precision": 0.8964425611729714,
        "recall": 0.9288022660529126,
        "loss": 0.09142340169870918
    },
    "epoch_04": {
        "dsc": 0.8997220353965454,
        "iou": 0.8396237417657108,
        "accuracy": 0.9989539379317067,
        "precision": 0.9016152156546792,
        "recall": 0.9276053290847365,
        "loss": 0.08605771013759675
    },
    "epoch_05": {
        "dsc": 0.9059831186624346,
        "iou": 0.8468641599975592,
        "accuracy": 0.9989891446635472,
        "precision": 0.9047717953535749,
        "recall": 0.932886661639613,
        "loss": 0.07824293304892148
    },
    "epoch_06": {
        "dsc": 0.9070436923155385,
        "iou": 0.8486628031454408,
        "accuracy": 0.9990076575729724,
        "precision": 0.9082987931110429,
        "recall": 0.9303705617918264,
        "loss": 0.07509073710696583
    },
    "epoch_07": {
        "dsc": 0.9085864611169233,
        "iou": 0.851133609572409,
        "accuracy": 0.9990194337678253,
        "precision": 0.9118886255856717,
        "recall": 0.9307132606625345,
        "loss": 0.07194054142676573
    },
    "epoch_08": {
        "dsc": 0.8919637088469643,
        "iou": 0.8287389731024676,
        "accuracy": 0.9988459851270054,
        "precision": 0.9146862534171971,
        "recall": 0.9037977822536665,
        "loss": 0.08606588011756938
    },
    "epoch_09": {
        "dsc": 0.8936355997428113,
        "iou": 0.8325870024860436,
        "accuracy": 0.9989117333723261,
        "precision": 0.9158591573357369,
        "recall": 0.907358936660005,
        "loss": 0.083135486127221
    },
    "epoch_10": {
        "dsc": 0.9046474436493905,
        "iou": 0.8459428664622248,
        "accuracy": 0.9989945845170454,
        "precision": 0.9153108742360339,
        "recall": 0.9205748113187663,
        "loss": 0.07162001346521836
    },
    "epoch_11": {
        "dsc": 0.9034744104280829,
        "iou": 0.8457023873792399,
        "accuracy": 0.9989933746936275,
        "precision": 0.9179759996141342,
        "recall": 0.9178147097109898,
        "loss": 0.07058841372556228
    },
    "epoch_12": {
        "dsc": 0.9046751031794864,
        "iou": 0.8477214409068307,
        "accuracy": 0.9990036625445632,
        "precision": 0.9149832506655797,
        "recall": 0.9231657355014441,
        "loss": 0.0741516109456353
    },
    "epoch_13": {
        "dsc": 0.8886227505198563,
        "iou": 0.8309896610106163,
        "accuracy": 0.9989652615307486,
        "precision": 0.9198721898005822,
        "recall": 0.9013641648751529,
        "loss": 0.0873953363793419
    },
    "epoch_14": {
        "dsc": 0.9093965076826473,
        "iou": 0.8525082678426184,
        "accuracy": 0.9990406709558823,
        "precision": 0.9128037051641368,
        "recall": 0.930204976051249,
        "loss": 0.06646913274086733
    },
    "epoch_15": {
        "dsc": 0.911417147586265,
        "iou": 0.855705179792037,
        "accuracy": 0.999052603818516,
        "precision": 0.9182010841242132,
        "recall": 0.9289138703847738,
        "loss": 0.06367905684970918
    },
    "epoch_16": {
        "dsc": 0.9102286831367886,
        "iou": 0.8556379330030737,
        "accuracy": 0.9990573125557041,
        "precision": 0.9199083751323177,
        "recall": 0.9264064576217835,
        "loss": 0.06293670522337928
    },
    "epoch_17": {
        "dsc": 0.9118211735803601,
        "iou": 0.8574553636731097,
        "accuracy": 0.9990687493036989,
        "precision": 0.9205875740969245,
        "recall": 0.9272290207910453,
        "loss": 0.06175727433061855
    },
    "epoch_18": {
        "dsc": 0.9116887937892567,
        "iou": 0.8562498418830082,
        "accuracy": 0.9990480082302808,
        "precision": 0.9192733713649811,
        "recall": 0.9278984845428331,
        "loss": 0.062461172833162194
    },
    "epoch_19": {
        "dsc": 0.9039624175073415,
        "iou": 0.8451963044211612,
        "accuracy": 0.9989764284620097,
        "precision": 0.9135756098437863,
        "recall": 0.9221729213328709,
        "loss": 0.06980455543268173
    },
    "epoch_20": {
        "dsc": 0.9145216196509818,
        "iou": 0.859268152140041,
        "accuracy": 0.9990671129957666,
        "precision": 0.91950867525609,
        "recall": 0.9310346965058814,
        "loss": 0.05870198996309291
    },
    "epoch_21": {
        "dsc": 0.9167344206263462,
        "iou": 0.8629582376084863,
        "accuracy": 0.9990842071913993,
        "precision": 0.9224845983765342,
        "recall": 0.9316231026687724,
        "loss": 0.055858857013325006
    },
    "epoch_22": {
        "dsc": 0.9165778958011227,
        "iou": 0.8630926494823632,
        "accuracy": 0.9990901779745989,
        "precision": 0.9200950225088048,
        "recall": 0.9333814065936629,
        "loss": 0.05685365295665149
    },
    "epoch_23": {
        "dsc": 0.9177962590985119,
        "iou": 0.8645700305540931,
        "accuracy": 0.9990957657921121,
        "precision": 0.9207036927634595,
        "recall": 0.9355434223398593,
        "loss": 0.05485921396928675
    },
    "epoch_24": {
        "dsc": 0.9165158015733946,
        "iou": 0.8629841762536774,
        "accuracy": 0.9990954002339574,
        "precision": 0.9190066049868196,
        "recall": 0.9350793040797458,
        "loss": 0.05813046843610346
    },
    "epoch_25": {
        "dsc": 0.9184314861442104,
        "iou": 0.8659416254935204,
        "accuracy": 0.9991086647727273,
        "precision": 0.9238051685526196,
        "recall": 0.9338049198535674,
        "loss": 0.053796591924473565
    },
    "epoch_26": {
        "dsc": 0.8836216708236837,
        "iou": 0.8268123200020477,
        "accuracy": 0.9989272695939171,
        "precision": 0.9201466214316839,
        "recall": 0.8975849347637299,
        "loss": 0.08811030955238139
    },
    "epoch_27": {
        "dsc": 0.9131922309092659,
        "iou": 0.8577318661140672,
        "accuracy": 0.9990566075506907,
        "precision": 0.919599022138565,
        "recall": 0.92812295776,
        "loss": 0.05752850566955811
    },
    "epoch_28": {
        "dsc": 0.9045575753571515,
        "iou": 0.8502494873422565,
        "accuracy": 0.999046293588458,
        "precision": 0.9222369808139222,
        "recall": 0.9190935009622319,
        "loss": 0.06791424432540322
    },
    "epoch_29": {
        "dsc": 0.9100292791976011,
        "iou": 0.8562826232157926,
        "accuracy": 0.9990668779940953,
        "precision": 0.9217067579215861,
        "recall": 0.9256031045195466,
        "loss": 0.061300338111459254
    },
    "epoch_30": {
        "dsc": 0.9136237351227147,
        "iou": 0.8613749305832195,
        "accuracy": 0.9990944428197416,
        "precision": 0.9258239369660137,
        "recall": 0.9269811993932979,
        "loss": 0.0575801714218874
    },
    "epoch_31": {
        "dsc": 0.9170759876462865,
        "iou": 0.8654702671283918,
        "accuracy": 0.999107437541778,
        "precision": 0.9260997080547925,
        "recall": 0.9310422129065808,
        "loss": 0.05419285077462222
    },
    "epoch_32": {
        "dsc": 0.9222419391553883,
        "iou": 0.8707151580303111,
        "accuracy": 0.9991250104445187,
        "precision": 0.9256609391932393,
        "recall": 0.936372870908064,
        "loss": 0.04875173527289202
    },