{
    "epoch_01": {
        "dsc": 0.8963468963639779,
        "iou": 0.8379511001862978,
        "accuracy": 0.9989597039473685,
        "precision": 0.9410889096427383,
        "recall": 0.891355120822003,
        "loss": 0.09792789973710712
    },
    "epoch_02": {
        "dsc": 0.9025100961066129,
        "iou": 0.8452877308193006,
        "accuracy": 0.9990316611842105,
        "precision": 0.9174616629617254,
        "recall": 0.9227805927134396,
        "loss": 0.08907937297695562
    },
    "epoch_03": {
        "dsc": 0.9073388979100345,
        "iou": 0.8535163731951463,
        "accuracy": 0.9990897837856357,
        "precision": 0.9204720237798858,
        "recall": 0.9238987868292287,
        "loss": 0.08493308487691377
    },
    "epoch_04": {
        "dsc": 0.9073755218271623,
        "iou": 0.8524285701283238,
        "accuracy": 0.999078818873355,
        "precision": 0.9348691487521457,
        "recall": 0.9130699854148062,
        "loss": 0.086474115911283
    },
    "epoch_05": {
        "dsc": 0.9063055070868709,
        "iou": 0.854645449864237,
        "accuracy": 0.9991347570586623,
        "precision": 0.9323543278794539,
        "recall": 0.9176748813244334,
        "loss": 0.08417364719666932
    },
    "epoch_06": {
        "dsc": 0.9038026113259163,
        "iou": 0.8515264214130871,
        "accuracy": 0.9991212222450658,
        "precision": 0.939927380858806,
        "recall": 0.9066372278489563,
        "loss": 0.0851688933999915
    },
    "epoch_07": {
        "dsc": 0.9037497153407649,
        "iou": 0.849845430307221,
        "accuracy": 0.9991039610745616,
        "precision": 0.9403957635687109,
        "recall": 0.9044347185837595,
        "loss": 0.08739368382253145
    },
    "epoch_08": {
        "dsc": 0.9023244386179404,
        "iou": 0.84563617434418,
        "accuracy": 0.998993498149671,
        "precision": 0.9413676805663528,
        "recall": 0.8985087144793125,
        "loss": 0.08444365310041528
    },
    "epoch_09": {
        "dsc": 0.8912976358020516,
        "iou": 0.8391138529568388,
        "accuracy": 0.9990429687499999,
        "precision": 0.9442438514609086,
        "recall": 0.8895667843651354,
        "loss": 0.09352676021425348
    },
    "epoch_10": {
        "dsc": 0.897855165757631,
        "iou": 0.8463781758358604,
        "accuracy": 0.9990823739035086,
        "precision": 0.9413828201461256,
        "recall": 0.9000556991811383,
        "loss": 0.08677402609273006
    },
    "epoch_11": {
        "dsc": 0.9008263370446992,
        "iou": 0.8459404931779492,
        "accuracy": 0.9990260502330045,
        "precision": 0.9416412648401762,
        "recall": 0.8981970276748924,
        "loss": 0.0847908234909961
    },
    "epoch_12": {
        "dsc": 0.9089674567967132,
        "iou": 0.8556041639102133,
        "accuracy": 0.999108672560307,
        "precision": 0.9495732125483061,
        "recall": 0.9008258748472784,
        "loss": 0.07560013391469654
    },
    "epoch_13": {
        "dsc": 0.9071986936686331,
        "iou": 0.8537885368916027,
        "accuracy": 0.9991144976699562,
        "precision": 0.9328780467050116,
        "recall": 0.916411283246258,
        "loss": 0.0803769787675456
    },
    "epoch_14": {
        "dsc": 0.9105871717135112,
        "iou": 0.8580381268994851,
        "accuracy": 0.9991149259868423,
        "precision": 0.9437803955454576,
        "recall": 0.9093748101016932,
        "loss": 0.0750119631227694
    },
    "epoch_15": {
        "dsc": 0.8974074350114453,
        "iou": 0.84717094166237,
        "accuracy": 0.9990980931332236,
        "precision": 0.9407319583390888,
        "recall": 0.9012740421713445,
        "loss": 0.08616972361740313
    },
    "epoch_16": {
        "dsc": 0.9015935560067494,
        "iou": 0.8493901381367132,
        "accuracy": 0.9991038754111843,
        "precision": 0.9532609330980402,
        "recall": 0.8910964946997794,
        "loss": 0.08162527413744676
    },
    "epoch_17": {
        "dsc": 0.9119515246466584,
        "iou": 0.8606539682338112,
        "accuracy": 0.9991447796737938,
        "precision": 0.9405513170518371,
        "recall": 0.9154167081180372,
        "loss": 0.07813773186583269
    },
    "epoch_18": {
        "dsc": 0.7293216214891066,
        "iou": 0.6382140773430206,
        "accuracy": 0.9971817605537283,
        "precision": 0.9709161112183019,
        "recall": 0.6562379494048001,
        "loss": 0.2534217701146477
    },
    "epoch_19": {
        "dsc": 0.906883113739783,
        "iou": 0.8533468847734885,
        "accuracy": 0.9990933388157893,
        "precision": 0.9516210085467288,
        "recall": 0.896503028116728,
        "loss": 0.07604933804587315
    },
    "epoch_20": {
        "dsc": 0.9116126288447465,
        "iou": 0.8562268609540503,
        "accuracy": 0.9990692245751097,
        "precision": 0.9605168532906918,
        "recall": 0.8903814193449522,
        "loss": 0.0718476929162678
    },
    "epoch_21": {
        "dsc": 0.9144396604153148,
        "iou": 0.8632838752186088,
        "accuracy": 0.9991483347039471,
        "precision": 0.9290888048054879,
        "recall": 0.9288395423638192,
        "loss": 0.06890757538770374
    },
    "epoch_22": {
        "dsc": 0.9163524498019301,
        "iou": 0.8656402957021145,
        "accuracy": 0.9991601562499998,
        "precision": 0.939757523829477,
        "recall": 0.9206555862175789,
        "loss": 0.06678025424480438
    },
    "epoch_23": {
        "dsc": 0.90475416810889,
        "iou": 0.8522720446712092,
        "accuracy": 0.9991270901864034,
        "precision": 0.9428712129592896,
        "recall": 0.9044427484796757,
        "loss": 0.08338758114137147
    },
    "epoch_24": {
        "dsc": 0.9027740563216964,
        "iou": 0.8529679346502874,
        "accuracy": 0.9991471782483555,
        "precision": 0.948457429283544,
        "recall": 0.899407971323582,
        "loss": 0.07969729759191212
    },
    "epoch_25": {
        "dsc": 0.9055606670546951,
        "iou": 0.857147394042266,
        "accuracy": 0.999173434073465,
        "precision": 0.9433664899123344,
        "recall": 0.9089924316657219,
        "loss": 0.07718769813838758
    },
    "epoch_26": {
        "dsc": 0.8963791278370639,
        "iou": 0.8424866602086185,
        "accuracy": 0.9990759491502196,
        "precision": 0.9454166094462078,
        "recall": 0.8913987535133697,
        "loss": 0.08689067708818536
    },
    "epoch_27": {
        "dsc": 0.9120285636500308,
        "iou": 0.8598792275838685,
        "accuracy": 0.9991416101288377,
        "precision": 0.935464264008037,
        "recall": 0.9187135936921104,
        "loss": 0.07295183602132295
    },
    "epoch_28": {
        "dsc": 0.8963612961141685,
        "iou": 0.8439360660941977,
        "accuracy": 0.9990699955455042,
        "precision": 0.9411366325721405,
        "recall": 0.893746662296747,
        "loss": 0.08697431730596643
    },
    "epoch_29": {
        "dsc": 0.9101179331018215,
        "iou": 0.8591118407876868,
        "accuracy": 0.9991574578536185,
        "precision": 0.9476812126343711,
        "recall": 0.9057331370157109,
        "loss": 0.07246049297483344
    },
    "epoch_30": {
        "dsc": 0.9123229771329645,
        "iou": 0.8615947339618416,
        "accuracy": 0.9991699218750001,
        "precision": 0.95101029935636,
        "recall": 0.9054183787421178,
        "loss": 0.07029739649672258
    },
    "epoch_31": {
        "dsc": 0.9155707469111993,
        "iou": 0.8622930494316838,
        "accuracy": 0.9991335577713817,
        "precision": 0.954554189715469,
        "recall": 0.9015495045143261,
        "loss": 0.06758647608129602
    },
    "epoch_32": {
        "dsc": 0.9194359392450567,
        "iou": 0.8685353194412434,
        "accuracy": 0.99918212890625,
        "precision": 0.9424089580251459,
        "recall": 0.919822849725422,
        "loss": 0.0635712648692884
    },