{
    "epoch_01": {
        "dsc": 0.5193802999837221,
        "iou": 0.39029647047845595,
        "accuracy": 0.8967461146390374,
        "precision": 0.40734652384166037,
        "recall": 0.8685554055008977,
        "loss": 0.7743817170992254
    },
    "epoch_02": {
        "dsc": 0.693367720340875,
        "iou": 0.5727090701965512,
        "accuracy": 0.9574785104027408,
        "precision": 0.5840291689795819,
        "recall": 0.9570506592272862,
        "loss": 0.7092163766769164
    },
    "epoch_03": {
        "dsc": 0.7431096941392052,
        "iou": 0.6351417067482298,
        "accuracy": 0.9691383097983512,
        "precision": 0.6466800001268931,
        "recall": 0.9651228783921124,
        "loss": 0.6674852420620739
    },
    "epoch_04": {
        "dsc": 0.7708759596853545,
        "iou": 0.6711979400559117,
        "accuracy": 0.9753228226659983,
        "precision": 0.6842407985273317,
        "recall": 0.9643134544877445,
        "loss": 0.6217123730616136
    },
    "epoch_05": {
        "dsc": 0.793764402734617,
        "iou": 0.7029039495875279,
        "accuracy": 0.9796824170008913,
        "precision": 0.7195748132180403,
        "recall": 0.961869175793228,
        "loss": 0.5704512946745929
    },
    "epoch_06": {
        "dsc": 0.8165815756282705,
        "iou": 0.7338030199103601,
        "accuracy": 0.9831958399481951,
        "precision": 0.7535091684915377,
        "recall": 0.9606783112740134,
        "loss": 0.5151466249144651
    },
    "epoch_07": {
        "dsc": 0.832100474579449,
        "iou": 0.7541208666701156,
        "accuracy": 0.9855043135862299,
        "precision": 0.7775339328031489,
        "recall": 0.9578568827022205,
        "loss": 0.46067214984307314
    },
    "epoch_08": {
        "dsc": 0.8418770781494079,
        "iou": 0.7681730763053723,
        "accuracy": 0.9870222503063725,
        "precision": 0.7959354874709499,
        "recall": 0.956711066385429,
        "loss": 0.40720013086808554
    },
    "epoch_09": {
        "dsc": 0.8529285041087451,
        "iou": 0.7826326021429902,
        "accuracy": 0.9882395154439617,
        "precision": 0.8131242147953964,
        "recall": 0.9538758366821921,
        "loss": 0.35883083333943616
    },
    "epoch_10": {
        "dsc": 0.8618933995671025,
        "iou": 0.7947765594072734,
        "accuracy": 0.9890379640847816,
        "precision": 0.8297077858830518,
        "recall": 0.9546555373651671,
        "loss": 0.3150451441499639
    },
    "epoch_11": {
        "dsc": 0.8719139910849233,
        "iou": 0.8069378457392388,
        "accuracy": 0.9897936163101603,
        "precision": 0.8448687243057869,
        "recall": 0.9508312098057724,
        "loss": 0.2785876131950215
    },
    "epoch_12": {
        "dsc": 0.8720120350413569,
        "iou": 0.8077434347593848,
        "accuracy": 0.989929569128788,
        "precision": 0.8503295586389655,
        "recall": 0.9460285062139685,
        "loss": 0.25002391787773787
    },
    "epoch_13": {
        "dsc": 0.8770735497036933,
        "iou": 0.8149841577611505,
        "accuracy": 0.9905178392379681,
        "precision": 0.8584386094368716,
        "recall": 0.9455496956745357,
        "loss": 0.2236704915602577
    },
    "epoch_14": {
        "dsc": 0.8817218849286038,
        "iou": 0.8211361944605721,
        "accuracy": 0.9907856105865641,
        "precision": 0.8634277831658442,
        "recall": 0.9466443491598288,
        "loss": 0.2032995316434034
    },
    "epoch_15": {
        "dsc": 0.8810984601736492,
        "iou": 0.8204045382306749,
        "accuracy": 0.9907495334781639,
        "precision": 0.8660892375119018,
        "recall": 0.9433247108616717,
        "loss": 0.18658551175326588
    },
    "epoch_16": {
        "dsc": 0.8855332893696274,
        "iou": 0.8264821716277143,
        "accuracy": 0.9912560317095589,
        "precision": 0.873434535481713,
        "recall": 0.9434256266782628,
        "loss": 0.1717651556519901
    },
    "epoch_17": {
        "dsc": 0.8868820240153349,
        "iou": 0.8273216539100743,
        "accuracy": 0.9911227509469696,
        "precision": 0.8739616057558279,
        "recall": 0.9433492886935114,
        "loss": 0.16122220592065292
    },
    "epoch_18": {
        "dsc": 0.8878720711365528,
        "iou": 0.8278563757843725,
        "accuracy": 0.9910765861742424,
        "precision": 0.8776234173200985,
        "recall": 0.9405164425917064,
        "loss": 0.15493800869600022
    },
    "epoch_19": {
        "dsc": 0.8915448131939518,
        "iou": 0.8337217412105431,
        "accuracy": 0.991659381614862,
        "precision": 0.8833072876122758,
        "recall": 0.9411611006115423,
        "loss": 0.14328623471413066
    },
    "epoch_20": {
        "dsc": 0.8910408381259803,
        "iou": 0.833357197078154,
        "accuracy": 0.9916752659870767,
        "precision": 0.8841766327247687,
        "recall": 0.9395501298594179,
        "loss": 0.13704362671005535
    },
    "epoch_21": {
        "dsc": 0.8913328251842935,
        "iou": 0.8341559301298145,
        "accuracy": 0.9916261854528744,
        "precision": 0.8850505002998413,
        "recall": 0.9398374448060564,
        "loss": 0.13252678991639041
    },
    "epoch_22": {
        "dsc": 0.8940185349892805,
        "iou": 0.8372393843855662,
        "accuracy": 0.9917345299270276,
        "precision": 0.8885378085886945,
        "recall": 0.9389094280580362,
        "loss": 0.12750036066228693
    },
    "epoch_23": {
        "dsc": 0.8969997181930643,
        "iou": 0.8406659230828922,
        "accuracy": 0.9918443279300357,
        "precision": 0.8902104796572803,
        "recall": 0.9396354156594439,
        "loss": 0.12321521222272659
    },
    "epoch_24": {
        "dsc": 0.8990907354044618,
        "iou": 0.8432960289259859,
        "accuracy": 0.9919963304924241,
        "precision": 0.8957654915603936,
        "recall": 0.9374118558863266,
        "loss": 0.12110828349297059
    },
    "epoch_25": {
        "dsc": 0.8956121552118006,
        "iou": 0.8379541623294886,
        "accuracy": 0.9916665012951202,
        "precision": 0.889785428576291,
        "recall": 0.9383300994381759,
        "loss": 0.12076452246961747
    },
    "epoch_26": {
        "dsc": 0.8996395656238053,
        "iou": 0.8439380536636141,
        "accuracy": 0.9919807246407084,
        "precision": 0.8972046079907612,
        "recall": 0.936641794687499,
        "loss": 0.11737880636663998
    },
    "epoch_27": {
        "dsc": 0.8931216558245627,
        "iou": 0.836009424531736,
        "accuracy": 0.9917871006712343,
        "precision": 0.893814298770857,
        "recall": 0.9332159886173174,
        "loss": 0.11794653040840027
    },
    "epoch_28": {
        "dsc": 0.9006767695812832,
        "iou": 0.8462803812694208,
        "accuracy": 0.9922020091772504,
        "precision": 0.8980346250342813,
        "recall": 0.9382305015642162,
        "loss": 0.1113469897107007
    },
    "epoch_29": {
        "dsc": 0.8984721077210976,
        "iou": 0.8427046907139334,
        "accuracy": 0.9919568763229722,
        "precision": 0.8958582197068633,
        "recall": 0.9370914002790808,
        "loss": 0.1124163448491836
    },
    "epoch_30": {
        "dsc": 0.9058325656701325,
        "iou": 0.850946901369435,
        "accuracy": 0.9921968826593135,
        "precision": 0.901094362006893,
        "recall": 0.9412852892794925,
        "loss": 0.10772350781104144
    },
    "epoch_31": {
        "dsc": 0.8994770268386698,
        "iou": 0.8425531531293974,
        "accuracy": 0.9917461320465687,
        "precision": 0.8957509910040361,
        "recall": 0.9358018534706238,
        "loss": 0.11170010850391286
    },
    "epoch_32": {
        "dsc": 0.901648053670312,
        "iou": 0.8454744945447926,
        "accuracy": 0.9919286848262031,
        "precision": 0.8979515808895097,
        "recall": 0.9374134996358086,
        "loss": 0.10954320494503898
    },