{
    "dsc": 0.8177116764219183,
    "loss": 0.14940990084096004,
    "iou": 0.7434701978114614,
    "accuracy": 0.998340511924342,
    "precision": 0.9097847654108417,
    "recall": 0.8173933922198782
}