{
    "dsc": 0.8479221743449831,
    "loss": 0.12461274172130384,
    "iou": 0.7754643341951203,
    "accuracy": 0.9985022829290022,
    "precision": 0.8819827575432626,
    "recall": 0.8789675016152231
}