{
    "epoch_01": {
        "dsc": 0.763683227070591,
        "iou": 0.653766623714514,
        "accuracy": 0.9922496487801535,
        "precision": 0.7098371961660552,
        "recall": 0.8974502253950689,
        "loss": 0.8940796726628354
    },
    "epoch_02": {
        "dsc": 0.8357054016046357,
        "iou": 0.7399258927295083,
        "accuracy": 0.9947520901864033,
        "precision": 0.7598447841510438,
        "recall": 0.9579208357292308,
        "loss": 0.8172500635448255
    },
    "epoch_03": {
        "dsc": 0.7128087073041682,
        "iou": 0.6313993366141069,
        "accuracy": 0.9936642081277415,
        "precision": 0.9216218705762897,
        "recall": 0.6980048376217224,
        "loss": 0.699459505708594
    },
    "epoch_04": {
        "dsc": 0.8922785332328393,
        "iou": 0.8347129361671314,
        "accuracy": 0.997556066680373,
        "precision": 0.9040649857437403,
        "recall": 0.9124994194298459,
        "loss": 0.540204013648786
    },
    "epoch_05": {
        "dsc": 0.8826352044155723,
        "iou": 0.8276622002584894,
        "accuracy": 0.997368378220943,
        "precision": 0.8801926939111007,
        "recall": 0.927042839819925,
        "loss": 0.3268631759442781
    },
    "epoch_06": {
        "dsc": 0.9012619863476671,
        "iou": 0.8438624039030911,
        "accuracy": 0.9974666341145834,
        "precision": 0.8862905293180231,
        "recall": 0.9561634691138015,
        "loss": 0.21522657808504606
    },
    "epoch_07": {
        "dsc": 0.9201102507741827,
        "iou": 0.8712947452277469,
        "accuracy": 0.9980751010827852,
        "precision": 0.9264227925685414,
        "recall": 0.9376941396479023,
        "loss": 0.15131763408058568
    },
    "epoch_08": {
        "dsc": 0.9345163169660067,
        "iou": 0.8861126104990642,
        "accuracy": 0.9981404622395834,
        "precision": 0.9217039785887066,
        "recall": 0.9624333799931041,
        "loss": 0.11686822615171734
    },
    "epoch_09": {
        "dsc": 0.9262909638254266,
        "iou": 0.8729886423077501,
        "accuracy": 0.9977383583470395,
        "precision": 0.9166978785866187,
        "recall": 0.9473704078741242,
        "loss": 0.10877807203092073
    },
    "epoch_10": {
        "dsc": 0.9399389635052599,
        "iou": 0.8893464782781769,
        "accuracy": 0.9980580112390351,
        "precision": 0.911665577637522,
        "recall": 0.9750553013985616,
        "loss": 0.08344194136167828
    },
    "epoch_11": {
        "dsc": 0.9439617667281838,
        "iou": 0.8993529938814934,
        "accuracy": 0.9983492667214913,
        "precision": 0.9514593743441399,
        "recall": 0.9458078376033849,
        "loss": 0.06926233831204866
    },
    "epoch_12": {
        "dsc": 0.940640608469645,
        "iou": 0.8975333205440588,
        "accuracy": 0.9983923554002194,
        "precision": 0.9511277424661737,
        "recall": 0.9446021381177402,
        "loss": 0.07011978877218146
    },
    "epoch_13": {
        "dsc": 0.9458316836440771,
        "iou": 0.8998468047694158,
        "accuracy": 0.9983427563048245,
        "precision": 0.9660026776163203,
        "recall": 0.9315829026071647,
        "loss": 0.06505690750322844
    },
    "epoch_14": {
        "dsc": 0.9438059915576066,
        "iou": 0.8996547021363913,
        "accuracy": 0.9983923554002192,
        "precision": 0.950586812538013,
        "recall": 0.9472725307732297,
        "loss": 0.06334844074751202
    },
    "epoch_15": {
        "dsc": 0.9470121400398122,
        "iou": 0.9046096216168319,
        "accuracy": 0.9985112133360746,
        "precision": 0.9563054996624328,
        "recall": 0.9461236041888855,
        "loss": 0.05940544918963784
    },
    "epoch_16": {
        "dsc": 0.9439904187854966,
        "iou": 0.8991379528714899,
        "accuracy": 0.9983415570175439,
        "precision": 0.9346444732264468,
        "recall": 0.962622880935669,
        "loss": 0.06113702372500771
    },
    "epoch_17": {
        "dsc": 0.9509557799289101,
        "iou": 0.9099259836631909,
        "accuracy": 0.9985620545504384,
        "precision": 0.9583009376860502,
        "recall": 0.9500609071631181,
        "loss": 0.05409187392184609
    },
    "epoch_18": {
        "dsc": 0.9508429201025712,
        "iou": 0.9096256097157798,
        "accuracy": 0.998552888569079,
        "precision": 0.9548528905500446,
        "recall": 0.9532615260074013,
        "loss": 0.05333794418134188
    },
    "epoch_19": {
        "dsc": 0.945411531548751,
        "iou": 0.9010603929820812,
        "accuracy": 0.9984767766584429,
        "precision": 0.9667087479641563,
        "recall": 0.9323353181805526,
        "loss": 0.05839510967856959
    },
    "epoch_20": {
        "dsc": 0.9471674969321803,
        "iou": 0.904485208946362,
        "accuracy": 0.9985319867050437,
        "precision": 0.95530759242543,
        "recall": 0.9477055825685198,
        "loss": 0.05611370111766614
    },
    "epoch_21": {
        "dsc": 0.9511868828221371,
        "iou": 0.9103985209214059,
        "accuracy": 0.9985970480400219,
        "precision": 0.9600922141158789,
        "recall": 0.9487383323803283,
        "loss": 0.051770301241623726
    },
    "epoch_22": {
        "dsc": 0.9513056989301716,
        "iou": 0.9111304659592476,
        "accuracy": 0.9985707493832238,
        "precision": 0.9558573563893638,
        "recall": 0.9536800510004947,
        "loss": 0.05074913250772577
    },
    "epoch_23": {
        "dsc": 0.9388382560328433,
        "iou": 0.8894747683876439,
        "accuracy": 0.9981321528919955,
        "precision": 0.9247089854457922,
        "recall": 0.9614292111313132,
        "loss": 0.06351737285915174
    },
    "epoch_24": {
        "dsc": 0.9467008448483651,
        "iou": 0.9026936104423123,
        "accuracy": 0.9984125719572368,
        "precision": 0.9476427822782282,
        "recall": 0.9528455357802543,
        "loss": 0.055245007339276765
    },
    "epoch_25": {
        "dsc": 0.9527444170232405,
        "iou": 0.9128129733236214,
        "accuracy": 0.9986074989720394,
        "precision": 0.9583394234640558,
        "recall": 0.952862773025245,
        "loss": 0.04905862243551957
    },
    "epoch_26": {
        "dsc": 0.9507163323854145,
        "iou": 0.9088030907145717,
        "accuracy": 0.9985373406661182,
        "precision": 0.9515500779737507,
        "recall": 0.9553616423355905,
        "loss": 0.05093460333974738
    },
    "epoch_27": {
        "dsc": 0.949027655417459,
        "iou": 0.9049936093782126,
        "accuracy": 0.9983869586074561,
        "precision": 0.9328117537916751,
        "recall": 0.970561893362748,
        "loss": 0.05234030987087049
    },
    "epoch_28": {
        "dsc": 0.9464808848866246,
        "iou": 0.9046884796075653,
        "accuracy": 0.9985184090597589,
        "precision": 0.9538336636727317,
        "recall": 0.9492153744948538,
        "loss": 0.05486240512446353
    },
    "epoch_29": {
        "dsc": 0.9514571072762473,
        "iou": 0.9093108093529416,
        "accuracy": 0.9985023471765352,
        "precision": 0.9447567462921143,
        "recall": 0.9627218581082527,
        "loss": 0.04989477835203472
    },
    "epoch_30": {
        "dsc": 0.9441309811776143,
        "iou": 0.8980535457008764,
        "accuracy": 0.998299624794408,
        "precision": 0.9387897524917336,
        "recall": 0.9542191572356642,
        "loss": 0.057630291110590884
    },
    "epoch_31": {
        "dsc": 0.9402685667339125,
        "iou": 0.8929350836235179,
        "accuracy": 0.9982970548930923,
        "precision": 0.9421418215099134,
        "recall": 0.9490305122576261,
        "loss": 0.06101475263896741
    },
    "epoch_32": {
        "dsc": 0.9518511671768991,
        "iou": 0.9115014954617147,
        "accuracy": 0.9985746898985747,
        "precision": 0.9595565084825481,
        "recall": 0.9502760611082378,
        "loss": 0.04900580644607544
    },