{
    "dsc": 0.9298600364149662,
    "loss": 0.07036792039871216,
    "iou": 0.8882541211027848,
    "accuracy": 0.9984446871573466,
    "precision": 0.9420611709879158,
    "recall": 0.9350248257319134
}