{
    "dsc": 0.9050545301967198,
    "loss": 0.06940459394454955,
    "iou": 0.8499411158561706,
    "accuracy": 0.9990544227430556,
    "precision": 0.9143823744455973,
    "recall": 0.9251381345854867
}