{
    "epoch_01": {
        "dsc": 0.7280990680058798,
        "iou": 0.6124889871530366,
        "accuracy": 0.9960877535635966,
        "precision": 0.6790396644358049,
        "recall": 0.919407844543457,
        "loss": 0.9437734359189084
    },
    "epoch_02": {
        "dsc": 0.6871299910963627,
        "iou": 0.5538577238718667,
        "accuracy": 0.9943332391036183,
        "precision": 0.5692042509714762,
        "recall": 0.9600071990699099,
        "loss": 0.9154829006446036
    },
    "epoch_03": {
        "dsc": 0.7438235910315264,
        "iou": 0.6283147230482937,
        "accuracy": 0.996333864446272,
        "precision": 0.6968968562912522,
        "recall": 0.9094659403750769,
        "loss": 0.8313644277422052
    },
    "epoch_04": {
        "dsc": 0.8165466827258728,
        "iou": 0.7288046510596025,
        "accuracy": 0.9977196408991227,
        "precision": 0.7731292582394783,
        "recall": 0.9325919946034749,
        "loss": 0.6984942963248805
    },
    "epoch_05": {
        "dsc": 0.8847115541759291,
        "iou": 0.8201924457884671,
        "accuracy": 0.9988247412966009,
        "precision": 0.9020120930253415,
        "recall": 0.913103743603355,
        "loss": 0.4843447898563586
    },
    "epoch_06": {
        "dsc": 0.8702729752189234,
        "iou": 0.80195044634635,
        "accuracy": 0.9986084412691887,
        "precision": 0.84948075863353,
        "recall": 0.9352709577794661,
        "loss": 0.25848274795632614
    },
    "epoch_07": {
        "dsc": 0.8934584207702101,
        "iou": 0.8365186431951691,
        "accuracy": 0.9989997944078948,
        "precision": 0.9207030681141637,
        "recall": 0.9099783102671306,
        "loss": 0.18399450026060404
    },
    "epoch_08": {
        "dsc": 0.9247267748180189,
        "iou": 0.8731363572572407,
        "accuracy": 0.9991577576754387,
        "precision": 0.9359637226974754,
        "recall": 0.9322599026194789,
        "loss": 0.14115384377931295
    },
    "epoch_09": {
        "dsc": 0.918848568933052,
        "iou": 0.8642548845525374,
        "accuracy": 0.999088927151864,
        "precision": 0.925487430472123,
        "recall": 0.933924072667172,
        "loss": 0.12513549076883415
    },
    "epoch_10": {
        "dsc": 0.9063123109047874,
        "iou": 0.8466491322768362,
        "accuracy": 0.9989631733141447,
        "precision": 0.8973709365777802,
        "recall": 0.9372788521281461,
        "loss": 0.1267483391259846
    },
    "epoch_11": {
        "dsc": 0.9230915245256925,
        "iou": 0.8683811698043556,
        "accuracy": 0.9991207082648027,
        "precision": 0.9448044216423703,
        "recall": 0.9179686579787941,
        "loss": 0.10281229646582353
    },
    "epoch_12": {
        "dsc": 0.9259808188990543,
        "iou": 0.87447134235449,
        "accuracy": 0.9991705215186404,
        "precision": 0.9288970211095977,
        "recall": 0.9410956324192515,
        "loss": 0.0969144858812031
    },
    "epoch_13": {
        "dsc": 0.929679184629206,
        "iou": 0.8789076721459106,
        "accuracy": 0.9991979337993421,
        "precision": 0.9487286408742268,
        "recall": 0.9248740547581723,
        "loss": 0.09192358192644622
    },
    "epoch_14": {
        "dsc": 0.8901676713374623,
        "iou": 0.8142985921157034,
        "accuracy": 0.9986563270970393,
        "precision": 0.9693090832024289,
        "recall": 0.8400163608684874,
        "loss": 0.12539704849845484
    },
    "epoch_15": {
        "dsc": 0.9218865612096954,
        "iou": 0.8652400384869493,
        "accuracy": 0.9990749640213815,
        "precision": 0.8991840764095909,
        "recall": 0.961194076036152,
        "loss": 0.09229351344861482
    },
    "epoch_16": {
        "dsc": 0.9243396667011998,
        "iou": 0.8703087338230067,
        "accuracy": 0.9991288462856358,
        "precision": 0.9284350286450301,
        "recall": 0.9361078571854977,
        "loss": 0.08146471412558305
    },
    "epoch_17": {
        "dsc": 0.9249064169431988,
        "iou": 0.8762559179674114,
        "accuracy": 0.9992033734237937,
        "precision": 0.942498901434112,
        "recall": 0.9284891914903073,
        "loss": 0.08482682077508223
    },
    "epoch_18": {
        "dsc": 0.8986815527865761,
        "iou": 0.840403393695229,
        "accuracy": 0.9989192708333334,
        "precision": 0.8946992388942787,
        "recall": 0.9421111240721586,
        "loss": 0.10609497522052966
    },
    "epoch_19": {
        "dsc": 0.9046996518185264,
        "iou": 0.8515733292228297,
        "accuracy": 0.9990495219983553,
        "precision": 0.9352070406863564,
        "recall": 0.9116244316101074,
        "loss": 0.09968458351336028
    },
    "epoch_20": {
        "dsc": 0.907631987019589,
        "iou": 0.8520668180365312,
        "accuracy": 0.9990402275219297,
        "precision": 0.9404434572186385,
        "recall": 0.905976366578487,
        "loss": 0.08697127982189781
    },
    "epoch_21": {
        "dsc": 0.9123118676637351,
        "iou": 0.863004069579275,
        "accuracy": 0.9991647392406799,
        "precision": 0.937950008793881,
        "recall": 0.9196719161251135,
        "loss": 0.07796007708499306
    },
    "epoch_22": {
        "dsc": 0.913666470008984,
        "iou": 0.8551672257875141,
        "accuracy": 0.9990243797971491,
        "precision": 0.9475780495426109,
        "recall": 0.9019322813602917,
        "loss": 0.07551193237304688
    },
    "epoch_23": {
        "dsc": 0.9098474519294606,
        "iou": 0.8536390421683328,
        "accuracy": 0.9990571888706142,
        "precision": 0.9742962310188695,
        "recall": 0.8749004037756669,
        "loss": 0.07776497853429694
    },
    "epoch_24": {
        "dsc": 0.9177972308376379,
        "iou": 0.8672209706222801,
        "accuracy": 0.999125334087171,
        "precision": 0.9336835752453722,
        "recall": 0.9284891036518834,
        "loss": 0.06874495430996544
    },
    "epoch_25": {
        "dsc": 0.9195325960192763,
        "iou": 0.8689273993174236,
        "accuracy": 0.9991575006853068,
        "precision": 0.9157124151263322,
        "recall": 0.948571895298205,
        "loss": 0.06585690222288433
    },
    "epoch_26": {
        "dsc": 0.921312687689798,
        "iou": 0.8726288477579751,
        "accuracy": 0.9991927083333332,
        "precision": 0.9508686860402427,
        "recall": 0.9163320817445454,
        "loss": 0.06364133169776515
    },
    "epoch_27": {
        "dsc": 0.9205389064654969,
        "iou": 0.8716205212107875,
        "accuracy": 0.9991897957785089,
        "precision": 0.9321086657674689,
        "recall": 0.9339090522966889,
        "loss": 0.06350047023672807
    },
    "epoch_28": {
        "dsc": 0.9172337013378477,
        "iou": 0.8641370513982941,
        "accuracy": 0.9991270045230263,
        "precision": 0.9617644067396196,
        "recall": 0.8973598605708072,
        "loss": 0.06696151432238127
    },
    "epoch_29": {
        "dsc": 0.9236479181992379,
        "iou": 0.874285380045573,
        "accuracy": 0.9991927083333332,
        "precision": 0.9351034164428711,
        "recall": 0.9345461109228302,
        "loss": 0.06029833617963289
    },
    "epoch_30": {
        "dsc": 0.9104969668806644,
        "iou": 0.8441203226122939,
        "accuracy": 0.9989272803591008,
        "precision": 0.9672277141035648,
        "recall": 0.870948306301184,
        "loss": 0.0741626588921798
    },
    "epoch_31": {
        "dsc": 0.9259052485750431,
        "iou": 0.878131255768893,
        "accuracy": 0.9992154519599779,
        "precision": 0.939867517404389,
        "recall": 0.933083592799672,
        "loss": 0.05825321611605192
    },
    "epoch_32": {
        "dsc": 0.9173129901551363,
        "iou": 0.866677543573212,
        "accuracy": 0.9991389545641446,
        "precision": 0.9322881154846726,
        "recall": 0.9289546389328805,
        "loss": 0.06653400157627307
    },