{
    "epoch_01": {
        "dsc": 0.3409766619166373,
        "iou": 0.23530860698669617,
        "accuracy": 0.9386540579288565,
        "precision": 0.23783213241316434,
        "recall": 0.9306835267983431,
        "loss": 0.9558726669626033
    },
    "epoch_02": {
        "dsc": 0.6152374152596115,
        "iou": 0.4791075667590959,
        "accuracy": 0.9922064858294548,
        "precision": 0.48475435365599095,
        "recall": 0.9697524818545539,
        "loss": 0.932866263896861
    },
    "epoch_03": {
        "dsc": 0.6661522697049674,
        "iou": 0.5401637666191615,
        "accuracy": 0.9939779511580231,
        "precision": 0.554898627683626,
        "recall": 0.9563485620715093,
        "loss": 0.8866384745912349
    },
    "epoch_04": {
        "dsc": 0.7445914707285293,
        "iou": 0.6384058926545136,
        "accuracy": 0.9960470862422427,
        "precision": 0.6675154683015025,
        "recall": 0.9443292531138616,
        "loss": 0.7700071138270358
    },
    "epoch_05": {
        "dsc": 0.8141099482986098,
        "iou": 0.7314762293446995,
        "accuracy": 0.9978593801944814,
        "precision": 0.7652601975921197,
        "recall": 0.9420376100861432,
        "loss": 0.5798947272148538
    },
    "epoch_06": {
        "dsc": 0.8450097025286221,
        "iou": 0.7723653075542856,
        "accuracy": 0.9984666496980276,
        "precision": 0.8262599235308087,
        "recall": 0.9271390440193477,
        "loss": 0.3698929319990442
    },
    "epoch_07": {
        "dsc": 0.8740741443549487,
        "iou": 0.8092015013627127,
        "accuracy": 0.9987867855856604,
        "precision": 0.867056706907056,
        "recall": 0.9311519434266056,
        "loss": 0.23514630819888824
    },
    "epoch_08": {
        "dsc": 0.881808798363868,
        "iou": 0.8190027912880512,
        "accuracy": 0.9988629107103281,
        "precision": 0.8749413291613262,
        "recall": 0.9314563525906691,
        "loss": 0.18312793209197673
    },
    "epoch_09": {
        "dsc": 0.8909218000604752,
        "iou": 0.8284698809292299,
        "accuracy": 0.9988825112200796,
        "precision": 0.8874026484100531,
        "recall": 0.9305731552712461,
        "loss": 0.1589975819942799
    },
    "epoch_10": {
        "dsc": 0.8952696636213476,
        "iou": 0.8364051559292679,
        "accuracy": 0.9989689560477615,
        "precision": 0.8914722026662624,
        "recall": 0.9350370012276562,
        "loss": 0.14184752043257368
    },
    "epoch_11": {
        "dsc": 0.8912327057080914,
        "iou": 0.8304880963149645,
        "accuracy": 0.9988909176224511,
        "precision": 0.8862426078065915,
        "recall": 0.9336565265841518,
        "loss": 0.1382136268818632
    },
    "epoch_12": {
        "dsc": 0.8949399808197156,
        "iou": 0.8355536703945051,
        "accuracy": 0.9989604111258864,
        "precision": 0.8946294797227737,
        "recall": 0.929933024636397,
        "loss": 0.12997198421904382
    },
    "epoch_13": {
        "dsc": 0.901059148793525,
        "iou": 0.8435762220240653,
        "accuracy": 0.9990082003546098,
        "precision": 0.900116302654253,
        "recall": 0.9344391731928426,
        "loss": 0.12223362034939705
    },
    "epoch_14": {
        "dsc": 0.9017304532916833,
        "iou": 0.8450798491636913,
        "accuracy": 0.9990236712516621,
        "precision": 0.9010407935220299,
        "recall": 0.9349238980323712,
        "loss": 0.12007271228952611
    },
    "epoch_15": {
        "dsc": 0.9071411930077465,
        "iou": 0.8514933628393402,
        "accuracy": 0.9990585002493353,
        "precision": 0.9076090700237462,
        "recall": 0.9350772565560983,
        "loss": 0.11073878153841546
    },
    "epoch_16": {
        "dsc": 0.9134295455952907,
        "iou": 0.8586357796023079,
        "accuracy": 0.9990629934757315,
        "precision": 0.911350243480493,
        "recall": 0.9373831744735124,
        "loss": 0.1063573937466804
    },
    "epoch_17": {
        "dsc": 0.9060409426266421,
        "iou": 0.8500238955020905,
        "accuracy": 0.9990325624722962,
        "precision": 0.9068369017847887,
        "recall": 0.9338122599936548,
        "loss": 0.1070157416323398
    },
    "epoch_18": {
        "dsc": 0.9117400316481895,
        "iou": 0.856895239217907,
        "accuracy": 0.9990629415309175,
        "precision": 0.9118899958776243,
        "recall": 0.9353761970996856,
        "loss": 0.09985845520141277
    },
    "epoch_19": {
        "dsc": 0.9077719570474422,
        "iou": 0.8509510670993345,
        "accuracy": 0.9990303721326462,
        "precision": 0.9109492692964294,
        "recall": 0.9303071748280356,
        "loss": 0.09925910640270152
    },
    "epoch_20": {
        "dsc": 0.9036769613306573,
        "iou": 0.8471787726202753,
        "accuracy": 0.9990347787843529,
        "precision": 0.9107445922303709,
        "recall": 0.9265739964255203,
        "loss": 0.09607941799975456
    },
    "epoch_21": {
        "dsc": 0.9121834895712264,
        "iou": 0.8586760268989186,
        "accuracy": 0.9990779535821144,
        "precision": 0.9170784645892203,
        "recall": 0.9321874980385421,
        "loss": 0.08277275968105235
    },
    "epoch_22": {
        "dsc": 0.8805641447398679,
        "iou": 0.8143190842993716,
        "accuracy": 0.9987351870705895,
        "precision": 0.9029967960313704,
        "recall": 0.900906804182851,
        "loss": 0.11578372818358401
    },
    "epoch_23": {
        "dsc": 0.8499666737749222,
        "iou": 0.7845442100619594,
        "accuracy": 0.998573006704344,
        "precision": 0.8914552056197581,
        "recall": 0.8737511710917696,
        "loss": 0.1413491203429851
    },
    "epoch_24": {
        "dsc": 0.8925420984308768,
        "iou": 0.8306424567039977,
        "accuracy": 0.9988820177443485,
        "precision": 0.9017874539321199,
        "recall": 0.9163377621072403,
        "loss": 0.09522778683520378
    },
    "epoch_25": {
        "dsc": 0.8988310257171062,
        "iou": 0.8395459055900573,
        "accuracy": 0.9989432953097297,
        "precision": 0.9089681189110939,
        "recall": 0.9214209516843161,
        "loss": 0.08502931607530471
    },
    "epoch_26": {
        "dsc": 0.9057581048485236,
        "iou": 0.8477903608734728,
        "accuracy": 0.9989982442652924,
        "precision": 0.9152078235403021,
        "recall": 0.922808231402796,
        "loss": 0.07301998645701308
    },
    "epoch_27": {
        "dsc": 0.8887501039826279,
        "iou": 0.8283501153296613,
        "accuracy": 0.998881186627327,
        "precision": 0.9097509122063928,
        "recall": 0.9059697021829322,
        "loss": 0.0885403149939598
    },
    "epoch_28": {
        "dsc": 0.9047831235625221,
        "iou": 0.8492565514348076,
        "accuracy": 0.9990310560726949,
        "precision": 0.9140189256228454,
        "recall": 0.9265563931870969,
        "loss": 0.07305034487805467
    },
    "epoch_29": {
        "dsc": 0.9111997208274002,
        "iou": 0.8571975398148206,
        "accuracy": 0.9990717721492686,
        "precision": 0.9195866895482897,
        "recall": 0.9275432647542752,
        "loss": 0.06588638082463691
    },
    "epoch_30": {
        "dsc": 0.8322480382226036,
        "iou": 0.7633111817194214,
        "accuracy": 0.998441482435727,
        "precision": 0.9048901918932055,
        "recall": 0.8440004523764264,
        "loss": 0.1439651016225206
    },
    "epoch_31": {
        "dsc": 0.874311070915655,
        "iou": 0.8121225827551906,
        "accuracy": 0.9988117883560504,
        "precision": 0.9123440258046414,
        "recall": 0.8898891872125315,
        "loss": 0.09965317997526615
    },
    "epoch_32": {
        "dsc": 0.895286128453329,
        "iou": 0.83471028728688,
        "accuracy": 0.9989442476313165,
        "precision": 0.9083701198828137,
        "recall": 0.9160492361014617,
        "loss": 0.08186989198339746
    },