{
    "dsc": 0.851635500213556,
    "loss": 0.13278766368564807,
    "iou": 0.7825444947209274,
    "accuracy": 0.9980616861979168,
    "precision": 0.843696129322052,
    "recall": 0.923163438261601
}