{
    "dsc": 0.8928995866524547,
    "loss": 0.11776475278954757,
    "iou": 0.8347968229076319,
    "accuracy": 0.9989504394531249,
    "precision": 0.9020992138929534,
    "recall": 0.9223589765398126
}