{
    "epoch_01": {
        "dsc": 0.32888803201734174,
        "iou": 0.2246404349150017,
        "accuracy": 0.9368806533272387,
        "precision": 0.22554648383883827,
        "recall": 0.9296783551256709,
        "loss": 0.956097145029839
    },
    "epoch_02": {
        "dsc": 0.6079801390779779,
        "iou": 0.46943494709248246,
        "accuracy": 0.9918772163120567,
        "precision": 0.47210308349301616,
        "recall": 0.9722246836263236,
        "loss": 0.9331435294861489
    },
    "epoch_03": {
        "dsc": 0.669655959868262,
        "iou": 0.544023556700835,
        "accuracy": 0.9942045777232935,
        "precision": 0.5569505575278125,
        "recall": 0.9591528802898758,
        "loss": 0.886751154001723
    },
    "epoch_04": {
        "dsc": 0.7476944128672283,
        "iou": 0.6410257562677911,
        "accuracy": 0.9961725416251108,
        "precision": 0.6640726279282401,
        "recall": 0.9528521498044333,
        "loss": 0.7687055671468694
    },
    "epoch_05": {
        "dsc": 0.8266451223522214,
        "iou": 0.7434472437445998,
        "accuracy": 0.9980722154116798,
        "precision": 0.7862251823675547,
        "recall": 0.9406503679904532,
        "loss": 0.5708394608599074
    },
    "epoch_06": {
        "dsc": 0.8581735633366496,
        "iou": 0.7888078137915187,
        "accuracy": 0.9985814910239361,
        "precision": 0.8435620471095363,
        "recall": 0.9292803666693099,
        "loss": 0.34698202698788744
    },
    "epoch_07": {
        "dsc": 0.8664114781728027,
        "iou": 0.8011641371334698,
        "accuracy": 0.9987240102781472,
        "precision": 0.8667428702750106,
        "recall": 0.9171481876508565,
        "loss": 0.23519682567170325
    },
    "epoch_08": {
        "dsc": 0.8847360987189812,
        "iou": 0.8246512778684603,
        "accuracy": 0.9989033410904254,
        "precision": 0.8828182554414087,
        "recall": 0.9273355795559309,
        "loss": 0.18176793925305632
    },
    "epoch_09": {
        "dsc": 0.8846967057556127,
        "iou": 0.8232989746628079,
        "accuracy": 0.9988605645362368,
        "precision": 0.8816159371788619,
        "recall": 0.9277384359363124,
        "loss": 0.16317930437148886
    },
    "epoch_10": {
        "dsc": 0.8924173448525423,
        "iou": 0.8334828181892421,
        "accuracy": 0.9989528531554742,
        "precision": 0.890468973640009,
        "recall": 0.9313316543896992,
        "loss": 0.14414438605308533
    },
    "epoch_11": {
        "dsc": 0.8935540819421726,
        "iou": 0.8345736184864181,
        "accuracy": 0.9989626014655365,
        "precision": 0.8898450013593578,
        "recall": 0.9339364179482696,
        "loss": 0.1353203368947861
    },
    "epoch_12": {
        "dsc": 0.9011608543970907,
        "iou": 0.8451500156669753,
        "accuracy": 0.9990355492990913,
        "precision": 0.897963690842297,
        "recall": 0.9370112114764276,
        "loss": 0.12339604661819782
    },
    "epoch_13": {
        "dsc": 0.8987995242396144,
        "iou": 0.8418962272769172,
        "accuracy": 0.9990247707502216,
        "precision": 0.8971682351531712,
        "recall": 0.9359159797218675,
        "loss": 0.12129677483376036
    },
    "epoch_14": {
        "dsc": 0.9005343603326917,
        "iou": 0.8436745758175004,
        "accuracy": 0.9990123126523714,
        "precision": 0.9040659448356492,
        "recall": 0.930055116508024,
        "loss": 0.12110886611837021
    },
    "epoch_15": {
        "dsc": 0.903305582543637,
        "iou": 0.8449972652374431,
        "accuracy": 0.9990025297124335,
        "precision": 0.9040664248432676,
        "recall": 0.9312048734079861,
        "loss": 0.11597244219577059
    },
    "epoch_16": {
        "dsc": 0.9094670321924467,
        "iou": 0.8539862131818811,
        "accuracy": 0.9990505700077569,
        "precision": 0.9066599334808106,
        "recall": 0.9382477859233288,
        "loss": 0.10756117105484009
    },
    "epoch_17": {
        "dsc": 0.9118750137640227,
        "iou": 0.8580066690630946,
        "accuracy": 0.9990834943622564,
        "precision": 0.9112324737910684,
        "recall": 0.9379273156325023,
        "loss": 0.10212231506692603
    },
    "epoch_18": {
        "dsc": 0.9069776046783367,
        "iou": 0.8514055797817016,
        "accuracy": 0.9990338784075798,
        "precision": 0.9123418684124098,
        "recall": 0.928168164288744,
        "loss": 0.10300479924425165
    },
    "epoch_19": {
        "dsc": 0.9020274103956021,
        "iou": 0.8449388721310501,
        "accuracy": 0.9990172647246234,
        "precision": 0.9104510871231133,
        "recall": 0.9255919775641559,
        "loss": 0.10144802167060528
    },
    "epoch_20": {
        "dsc": 0.8816955486933391,
        "iou": 0.8206474292785565,
        "accuracy": 0.9988551189882536,
        "precision": 0.9017633022146023,
        "recall": 0.903192459057409,
        "loss": 0.11682699842655912
    },
    "epoch_21": {
        "dsc": 0.9005529453568427,
        "iou": 0.843251517055728,
        "accuracy": 0.9989772585605053,
        "precision": 0.9105650526834717,
        "recall": 0.920718878930342,
        "loss": 0.09136060070484242
    },
    "epoch_22": {
        "dsc": 0.9034157619408681,
        "iou": 0.8467946084255867,
        "accuracy": 0.9990136372451243,
        "precision": 0.9170011795581654,
        "recall": 0.9214917013408445,
        "loss": 0.08153868102012797
    },
    "epoch_23": {
        "dsc": 0.9041867501346778,
        "iou": 0.8487881665111433,
        "accuracy": 0.9990402329898048,
        "precision": 0.9104096663336384,
        "recall": 0.9294387816537357,
        "loss": 0.08143533037063923
    },
    "epoch_24": {
        "dsc": 0.8913384352592714,
        "iou": 0.8314487101338432,
        "accuracy": 0.9988989863835329,
        "precision": 0.911649411240368,
        "recall": 0.908637488776065,
        "loss": 0.09384317410753128
    },
    "epoch_25": {
        "dsc": 0.9052961422196517,
        "iou": 0.8504117739961502,
        "accuracy": 0.9990456525653812,
        "precision": 0.9127384705323699,
        "recall": 0.9293490648269653,
        "loss": 0.07694394664561495
    },
    "epoch_26": {
        "dsc": 0.9114682192498067,
        "iou": 0.8589927334312009,
        "accuracy": 0.9990950001385197,
        "precision": 0.9200802593366474,
        "recall": 0.9301527468025262,
        "loss": 0.06461705996635113
    },
    "epoch_27": {
        "dsc": 0.9146735729477928,
        "iou": 0.8632510319246467,
        "accuracy": 0.999117154601618,
        "precision": 0.9233940326152962,
        "recall": 0.9313765612054379,
        "loss": 0.0616189292136659
    },
    "epoch_28": {
        "dsc": 0.9083448405384171,
        "iou": 0.8538044593858379,
        "accuracy": 0.9990613052692822,
        "precision": 0.9101703959576628,
        "recall": 0.9349317474568144,
        "loss": 0.07302155710281209
    },
    "epoch_29": {
        "dsc": 0.912425549106395,
        "iou": 0.8588859113395636,
        "accuracy": 0.9990993635028812,
        "precision": 0.9167463069266463,
        "recall": 0.9330346969002528,
        "loss": 0.06549579729425146
    },
    "epoch_30": {
        "dsc": 0.9125429586315832,
        "iou": 0.8600098224396401,
        "accuracy": 0.9991096918633643,
        "precision": 0.9195484559163981,
        "recall": 0.9324271562674368,
        "loss": 0.06459577476724665
    },
    "epoch_31": {
        "dsc": 0.9125475743983655,
        "iou": 0.8590820769891673,
        "accuracy": 0.9990934504515734,
        "precision": 0.917083867052768,
        "recall": 0.933736817211124,
        "loss": 0.06502757554358625
    },
    "epoch_32": {
        "dsc": 0.9142319519891805,
        "iou": 0.8620953147715709,
        "accuracy": 0.9991181934978947,
        "precision": 0.9179646554568134,
        "recall": 0.9345418717844266,
        "loss": 0.06221370050247679
    },