{
    "dsc": 0.8638062277899848,
    "loss": 0.1107674306233724,
    "iou": 0.8053358971277873,
    "accuracy": 0.9988247352430555,
    "precision": 0.9123617845111422,
    "recall": 0.8810866210460663
}