{
    "dsc": 0.8981951362607437,
    "loss": 0.08357114491571907,
    "iou": 0.8410100896849887,
    "accuracy": 0.9988145649451334,
    "precision": 0.9164193926876738,
    "recall": 0.9132613371346743
}