{
    "dsc": 0.9174160525004069,
    "loss": 0.04139972315231959,
    "iou": 0.8680833944214715,
    "accuracy": 0.9844681076388889,
    "precision": 0.924957922882504,
    "recall": 0.9240974356333416
}