{
    "epoch_01": {
        "dsc": 0.8345528208372887,
        "iou": 0.7628223038556283,
        "accuracy": 0.9692021313048247,
        "precision": 0.8846217953322226,
        "recall": 0.8301647985190674,
        "loss": 0.2847275737869112
    },
    "epoch_02": {
        "dsc": 0.8661995315760898,
        "iou": 0.7975020894878789,
        "accuracy": 0.9727441406249999,
        "precision": 0.866166547725075,
        "recall": 0.8955203958770686,
        "loss": 0.21065183101516022
    },
    "epoch_03": {
        "dsc": 0.8895455551774878,
        "iou": 0.8264559873363427,
        "accuracy": 0.9777560906661185,
        "precision": 0.8959250277594518,
        "recall": 0.9002765882433506,
        "loss": 0.15686228792918355
    },
    "epoch_04": {
        "dsc": 0.8991682963413105,
        "iou": 0.8414337734381357,
        "accuracy": 0.9811033442982456,
        "precision": 0.9353366844486772,
        "recall": 0.8845926016046287,
        "loss": 0.11817604068078492
    },
    "epoch_05": {
        "dsc": 0.9067749365379938,
        "iou": 0.8498669507210713,
        "accuracy": 0.9804116125274123,
        "precision": 0.909009339516623,
        "recall": 0.9173379284248017,
        "loss": 0.09733761788198822
    },
    "epoch_06": {
        "dsc": 0.906665106091583,
        "iou": 0.8493244423155198,
        "accuracy": 0.9810852264939693,
        "precision": 0.9345851472595281,
        "recall": 0.891795748158505,
        "loss": 0.07636530584606685
    },
    "epoch_07": {
        "dsc": 0.9196718648860329,
        "iou": 0.8686979339833844,
        "accuracy": 0.9838432017543862,
        "precision": 0.9349181301761093,
        "recall": 0.9131880407793479,
        "loss": 0.06593948818351093
    },
    "epoch_08": {
        "dsc": 0.9251342640634171,
        "iou": 0.8775231775484587,
        "accuracy": 0.9847977487664474,
        "precision": 0.9317441776133419,
        "recall": 0.9252811178826447,
        "loss": 0.057000059683464076
    },
    "epoch_09": {
        "dsc": 0.9216120860032868,
        "iou": 0.872023917603911,
        "accuracy": 0.9837278988486842,
        "precision": 0.9292633057686321,
        "recall": 0.9259613851706188,
        "loss": 0.0554882217884848
    },
    "epoch_10": {
        "dsc": 0.9267765267899164,
        "iou": 0.8794315859936831,
        "accuracy": 0.9849075263843199,
        "precision": 0.9420343156446491,
        "recall": 0.9262289927716839,
        "loss": 0.04869710301098071
    },
    "epoch_11": {
        "dsc": 0.9126735308714081,
        "iou": 0.8604716632449835,
        "accuracy": 0.9828050901178728,
        "precision": 0.9553390751805223,
        "recall": 0.8866948166437317,
        "loss": 0.051194151030167154
    },
    "epoch_12": {
        "dsc": 0.9247593450964542,
        "iou": 0.8771657473162601,
        "accuracy": 0.9847634834155701,
        "precision": 0.9429834579166615,
        "recall": 0.9135317436435766,
        "loss": 0.04409001534804702
    },
    "epoch_13": {
        "dsc": 0.9213740815196122,
        "iou": 0.8718849326434889,
        "accuracy": 0.9839489960252191,
        "precision": 0.9436410926935965,
        "recall": 0.9117019087599033,
        "loss": 0.04555514391119543
    },
    "epoch_14": {
        "dsc": 0.9278610238903447,
        "iou": 0.8814276232008348,
        "accuracy": 0.9850794527823463,
        "precision": 0.9474608035464037,
        "recall": 0.9188285496151237,
        "loss": 0.04209758081522427
    },
    "epoch_15": {
        "dsc": 0.9314925780421809,
        "iou": 0.886881877455795,
        "accuracy": 0.9857401315789475,
        "precision": 0.9273034867487455,
        "recall": 0.9400705438956881,
        "loss": 0.03858051407396009
    },
    "epoch_16": {
        "dsc": 0.9264503330515145,
        "iou": 0.8822526142262576,
        "accuracy": 0.9857004266036186,
        "precision": 0.9432656629043712,
        "recall": 0.923099015888415,
        "loss": 0.039210156267999036
    },
    "epoch_17": {
        "dsc": 0.9331562215821784,
        "iou": 0.8900154473488792,
        "accuracy": 0.9863091933936404,
        "precision": 0.9471145235655601,
        "recall": 0.9313669037400629,
        "loss": 0.03595140757725427
    },
    "epoch_18": {
        "dsc": 0.9298489198350071,
        "iou": 0.8836345186359004,
        "accuracy": 0.985489352042215,
        "precision": 0.9547399758246906,
        "recall": 0.9152805183017465,
        "loss": 0.037661484638719184
    },
    "epoch_19": {
        "dsc": 0.9324846042875657,
        "iou": 0.8878729573467321,
        "accuracy": 0.9861417643229168,
        "precision": 0.9564358445636016,
        "recall": 0.9238159123219942,
        "loss": 0.036244256887584925
    },
    "epoch_20": {
        "dsc": 0.9302387363032288,
        "iou": 0.8867587980471158,
        "accuracy": 0.9861767578124997,
        "precision": 0.9414745945679514,
        "recall": 0.9332995435647797,
        "loss": 0.03566080873439971
    },
    "epoch_21": {
        "dsc": 0.930950214988307,
        "iou": 0.8866595338311111,
        "accuracy": 0.9858632298519736,
        "precision": 0.9395194592183097,
        "recall": 0.9321004837228543,
        "loss": 0.036605252443175564
    },
    "epoch_22": {
        "dsc": 0.9312518971008167,
        "iou": 0.8869634824886657,
        "accuracy": 0.9861709327028508,
        "precision": 0.9492017187570269,
        "recall": 0.930538016453124,
        "loss": 0.03583027733685939
    },
    "epoch_23": {
        "dsc": 0.9338271351237046,
        "iou": 0.8900246614949746,
        "accuracy": 0.9862717584978069,
        "precision": 0.9479723211966062,
        "recall": 0.9303193374683982,
        "loss": 0.035094579338635266
    },
    "epoch_24": {
        "dsc": 0.9370963364316708,
        "iou": 0.8944369821172014,
        "accuracy": 0.9868516138980262,
        "precision": 0.9375709692637124,
        "recall": 0.9420913954575856,
        "loss": 0.032708741699982634
    },
    "epoch_25": {
        "dsc": 0.9316454644788776,
        "iou": 0.8859889857601702,
        "accuracy": 0.9856964004248902,
        "precision": 0.9491604085554157,
        "recall": 0.9286839182962447,
        "loss": 0.03711912773647591
    },
    "epoch_26": {
        "dsc": 0.9337790326068274,
        "iou": 0.8903603417831555,
        "accuracy": 0.9864881013569079,
        "precision": 0.9450026081319441,
        "recall": 0.9337292172406849,
        "loss": 0.03526594786365565
    },
    "epoch_27": {
        "dsc": 0.9307200391041603,
        "iou": 0.8855854675435183,
        "accuracy": 0.9861267304002193,
        "precision": 0.952177032566907,
        "recall": 0.9214896266920524,
        "loss": 0.03592165478652245
    },
    "epoch_28": {
        "dsc": 0.9362275417436632,
        "iou": 0.8933718533892381,
        "accuracy": 0.9868518708881578,
        "precision": 0.9464119892371329,
        "recall": 0.9403904226788302,
        "loss": 0.03360630794869442
    },
    "epoch_29": {
        "dsc": 0.9349981985594099,
        "iou": 0.8919198199322349,
        "accuracy": 0.9867270165158993,
        "precision": 0.9633783457571999,
        "recall": 0.9238256655241314,
        "loss": 0.03415170917287469
    },
    "epoch_30": {
        "dsc": 0.9346346264345601,
        "iou": 0.8912696331216575,
        "accuracy": 0.9867262883771929,
        "precision": 0.9365743199984233,
        "recall": 0.9456319458651964,
        "loss": 0.0333484249238513
    },
    "epoch_31": {
        "dsc": 0.9353579230475845,
        "iou": 0.8913161749379676,
        "accuracy": 0.9863377621299342,
        "precision": 0.9394950605275337,
        "recall": 0.9467098644950935,
        "loss": 0.03400973767336262
    },
    "epoch_32": {
        "dsc": 0.9362852667507372,
        "iou": 0.8935270387875408,
        "accuracy": 0.9868136221902412,
        "precision": 0.94014709246786,
        "recall": 0.9405580115945715,
        "loss": 0.03296946668017067
    },