{
    "dsc": 0.9120751741727193,
    "loss": 0.04526306523382664,
    "iou": 0.862856466770172,
    "accuracy": 0.9843343706597223,
    "precision": 0.935926151752472,
    "recall": 0.9086960512797037
}