{
    "dsc": 0.8941427201694913,
    "loss": 0.12342272472381592,
    "iou": 0.8388288958337572,
    "accuracy": 0.9990101302083332,
    "precision": 0.9041665335231357,
    "recall": 0.9250861030154759
}