{
    "dsc": 0.881930302946191,
    "loss": 0.18077862074500636,
    "iou": 0.824786567792558,
    "accuracy": 0.9988646175986841,
    "precision": 0.9081009762328968,
    "recall": 0.9085030398870769
}