{
    "dsc": 0.8878845409343118,
    "loss": 0.0030330974584151255,
    "iou": 0.8328795970531931,
    "accuracy": 0.9989922988623903,
    "precision": 0.9227260137859143,
    "recall": 0.8978009328507539
}