{
    "dsc": 0.8854592645377444,
    "loss": 0.0909493509091829,
    "iou": 0.827236843736548,
    "accuracy": 0.9989012215597587,
    "precision": 0.8999598626504863,
    "recall": 0.9158901804371883
}