{
    "dsc": 0.8788191945929276,
    "loss": 0.0969898920310171,
    "iou": 0.817360033696158,
    "accuracy": 0.9988606299684758,
    "precision": 0.9071284200015821,
    "recall": 0.8986767015959087
}