{
    "epoch_01": {
        "dsc": 0.7090161918548116,
        "iou": 0.581145738561948,
        "accuracy": 0.9536650219298246,
        "precision": 0.5923635245938049,
        "recall": 0.9535207596787236,
        "loss": 0.7078369204935274
    },
    "epoch_02": {
        "dsc": 0.7429332754068207,
        "iou": 0.6255406515117278,
        "accuracy": 0.9641001062225875,
        "precision": 0.6338648430088111,
        "recall": 0.9669536284187383,
        "loss": 0.6700941026210785
    },
    "epoch_03": {
        "dsc": 0.7756604473841817,
        "iou": 0.6690790695056582,
        "accuracy": 0.9703238503974781,
        "precision": 0.6787532379752711,
        "recall": 0.9650005593634489,
        "loss": 0.6267979066622885
    },
    "epoch_04": {
        "dsc": 0.7941794144479853,
        "iou": 0.6937217864028196,
        "accuracy": 0.9748930921052632,
        "precision": 0.7040445038623977,
        "recall": 0.9701962863144121,
        "loss": 0.5858659814847144
    },
    "epoch_05": {
        "dsc": 0.8605139773142966,
        "iou": 0.7881788240190136,
        "accuracy": 0.9872805732593204,
        "precision": 0.8183458405628539,
        "recall": 0.9474743646487854,
        "loss": 0.516535358209359
    },
    "epoch_06": {
        "dsc": 0.8397410998218938,
        "iou": 0.7608842828817535,
        "accuracy": 0.9832162743283991,
        "precision": 0.7925673284028706,
        "recall": 0.9532407783625418,
        "loss": 0.4651580821526678
    },
    "epoch_07": {
        "dsc": 0.8798778198267284,
        "iou": 0.8144991753394143,
        "accuracy": 0.9897846851014254,
        "precision": 0.8575158767532884,
        "recall": 0.9454548348460282,
        "loss": 0.40121478626602575
    },
    "epoch_08": {
        "dsc": 0.8736347101236647,
        "iou": 0.8065910872660185,
        "accuracy": 0.989273745888158,
        "precision": 0.8373817843303344,
        "recall": 0.9540569588803409,
        "loss": 0.3542486852721164
    },
    "epoch_09": {
        "dsc": 0.8747731462905282,
        "iou": 0.8073353641911557,
        "accuracy": 0.9893842088130481,
        "precision": 0.8370082299960288,
        "recall": 0.9582761008488504,
        "loss": 0.3140818131597419
    },
    "epoch_10": {
        "dsc": 0.880069972653138,
        "iou": 0.8143499509284371,
        "accuracy": 0.9900102367735748,
        "precision": 0.8621997770510221,
        "recall": 0.9405243522242496,
        "loss": 0.2807540642587762
    },
    "epoch_11": {
        "dsc": 0.8919843069294042,
        "iou": 0.8333809386219896,
        "accuracy": 0.9913735265899123,
        "precision": 0.8814144531885786,
        "recall": 0.9357226522345293,
        "loss": 0.24446396451247365
    },
    "epoch_12": {
        "dsc": 0.888953287350504,
        "iou": 0.8283755381902058,
        "accuracy": 0.9912218167489035,
        "precision": 0.8712044509879329,
        "recall": 0.9444008464353125,
        "loss": 0.21458658889720314
    },
    "epoch_13": {
        "dsc": 0.8934798920363711,
        "iou": 0.8365349366999508,
        "accuracy": 0.9915559039199561,
        "precision": 0.8933477684071189,
        "recall": 0.9307142621592471,
        "loss": 0.19308742488685407
    },
    "epoch_14": {
        "dsc": 0.891776952304338,
        "iou": 0.8332356376606121,
        "accuracy": 0.9914038085937501,
        "precision": 0.8924108461329812,
        "recall": 0.9301049280584905,
        "loss": 0.17770738272290482
    },
    "epoch_15": {
        "dsc": 0.9034782287321592,
        "iou": 0.8451918170117495,
        "accuracy": 0.9915520918996711,
        "precision": 0.902723130426909,
        "recall": 0.9310486745416073,
        "loss": 0.16262370975393997
    },
    "epoch_16": {
        "dsc": 0.8959153200450698,
        "iou": 0.8389439551453841,
        "accuracy": 0.9919433165433111,
        "precision": 0.8970899435511805,
        "recall": 0.9272316150497972,
        "loss": 0.14973188936710358
    },
    "epoch_17": {
        "dsc": 0.8985899775697471,
        "iou": 0.8424751580807202,
        "accuracy": 0.9918464312637061,
        "precision": 0.9029263854026792,
        "recall": 0.9294852478462353,
        "loss": 0.14079338155294718
    },
    "epoch_18": {
        "dsc": 0.9016276211069342,
        "iou": 0.8459171982187974,
        "accuracy": 0.9920327919407895,
        "precision": 0.9203197720803713,
        "recall": 0.9148590559499304,
        "loss": 0.1346491238004283
    },
    "epoch_19": {
        "dsc": 0.9028731804145012,
        "iou": 0.845562572019142,
        "accuracy": 0.9919242136101973,
        "precision": 0.8894596460618471,
        "recall": 0.9396287788424574,
        "loss": 0.12766151365480924
    },
    "epoch_20": {
        "dsc": 0.9000858586085472,
        "iou": 0.844391108082052,
        "accuracy": 0.9917850534539475,
        "precision": 0.9124526993224498,
        "recall": 0.9208825241055406,
        "loss": 0.1216044943583639
    },
    "epoch_21": {
        "dsc": 0.9057226824133021,
        "iou": 0.8485697471258933,
        "accuracy": 0.9919480280290569,
        "precision": 0.8931227504161365,
        "recall": 0.9423599222250152,
        "loss": 0.11556618150911833
    },
    "epoch_22": {
        "dsc": 0.9015834890959555,
        "iou": 0.8460547610333091,
        "accuracy": 0.9920811917489035,
        "precision": 0.9071982006231945,
        "recall": 0.9266255759356316,
        "loss": 0.11266601477798663
    },
    "epoch_23": {
        "dsc": 0.9046093633300379,
        "iou": 0.8491742725957905,
        "accuracy": 0.9919941149259868,
        "precision": 0.9267372619687466,
        "recall": 0.9100036506067241,
        "loss": 0.1128456545503516
    },
    "epoch_24": {
        "dsc": 0.8954183762533622,
        "iou": 0.836472482534877,
        "accuracy": 0.991514828330592,
        "precision": 0.9156514317320105,
        "recall": 0.9089430303950059,
        "loss": 0.11475539364312824
    },
    "epoch_25": {
        "dsc": 0.9078697489019029,
        "iou": 0.8532557958050778,
        "accuracy": 0.992219880756579,
        "precision": 0.9171045961087211,
        "recall": 0.9234591288524762,
        "loss": 0.10824261997875415
    },
    "epoch_26": {
        "dsc": 0.8977715242327303,
        "iou": 0.8413095024594089,
        "accuracy": 0.9917888226425438,
        "precision": 0.9065569905858291,
        "recall": 0.9214191269456296,
        "loss": 0.10938759618683865
    },
    "epoch_27": {
        "dsc": 0.907092632431733,
        "iou": 0.8519268459395358,
        "accuracy": 0.9922539319490131,
        "precision": 0.9146670500437416,
        "recall": 0.924258990245953,
        "loss": 0.10326200723648071
    },
    "epoch_28": {
        "dsc": 0.9031153734315904,
        "iou": 0.8489291835249515,
        "accuracy": 0.9922219366776317,
        "precision": 0.9125622991929976,
        "recall": 0.9231694298878051,
        "loss": 0.1016781055613568
    },
    "epoch_29": {
        "dsc": 0.9066358616477564,
        "iou": 0.8528620496130825,
        "accuracy": 0.9923592122395832,
        "precision": 0.9211549544543549,
        "recall": 0.9199904731491158,
        "loss": 0.10131060449700606
    },
    "epoch_30": {
        "dsc": 0.9056423217581028,
        "iou": 0.8496557578705904,
        "accuracy": 0.991915433114035,
        "precision": 0.940468682008877,
        "recall": 0.9002511564053988,
        "loss": 0.105488279148152
    },
    "epoch_31": {
        "dsc": 0.9039660760185175,
        "iou": 0.8468739766823618,
        "accuracy": 0.9918733723958333,
        "precision": 0.9291084361703772,
        "recall": 0.9047618450825675,
        "loss": 0.10253805000531047
    },
    "epoch_32": {
        "dsc": 0.9036546056730707,
        "iou": 0.8445138277714713,
        "accuracy": 0.9912939881441886,
        "precision": 0.9230916322323314,
        "recall": 0.9130122515193204,
        "loss": 0.10264706376351808
    },