{
    "dsc": 0.8725497410032483,
    "loss": 0.13717444960276287,
    "iou": 0.8064562199380662,
    "accuracy": 0.9899792100694444,
    "precision": 0.8875148560206096,
    "recall": 0.9018214875327215
}