{
    "dsc": 0.8820196898248461,
    "loss": 0.12708034722010295,
    "iou": 0.8190806410047744,
    "accuracy": 0.9908313888888889,
    "precision": 0.8932185689078436,
    "recall": 0.9112471452289158
}