{
    "dsc": 0.8956760955386691,
    "loss": 0.12405303986867271,
    "iou": 0.8380475166108873,
    "accuracy": 0.9989867621527777,
    "precision": 0.9197393124898273,
    "recall": 0.9090866275363497
}