{
    "dsc": 0.9019584581587049,
    "loss": 0.0746473019917806,
    "iou": 0.8471769202550252,
    "accuracy": 0.9990668315972222,
    "precision": 0.9166081948280335,
    "recall": 0.9201190404362147
}