{
    "epoch_01": {
        "dsc": 0.5983160175582304,
        "iou": 0.4861952392135393,
        "accuracy": 0.9065234462037656,
        "precision": 0.6454228652963239,
        "recall": 0.5957661163652858,
        "loss": 0.4435544278532426
    },
    "epoch_02": {
        "dsc": 0.8176086115752098,
        "iou": 0.7333436641251126,
        "accuracy": 0.9622959750306372,
        "precision": 0.8350935902400026,
        "recall": 0.8249638319121749,
        "loss": 0.3177801870247897
    },
    "epoch_03": {
        "dsc": 0.8498511594884536,
        "iou": 0.776650321781104,
        "accuracy": 0.9706023789132131,
        "precision": 0.8641631413855441,
        "recall": 0.8582342638370187,
        "loss": 0.2658989024273852
    },
    "epoch_04": {
        "dsc": 0.8698058706872603,
        "iou": 0.8031182086191501,
        "accuracy": 0.9751603059547681,
        "precision": 0.8826253289844901,
        "recall": 0.877045147559222,
        "loss": 0.22417373230113066
    },
    "epoch_05": {
        "dsc": 0.877484298060497,
        "iou": 0.8142867412371645,
        "accuracy": 0.9768853661848262,
        "precision": 0.8890615415870613,
        "recall": 0.8859731510361248,
        "loss": 0.19218264464388557
    },
    "epoch_06": {
        "dsc": 0.8857703655692559,
        "iou": 0.8261062642576009,
        "accuracy": 0.9789155717329545,
        "precision": 0.8981297498505807,
        "recall": 0.889897925012252,
        "loss": 0.16382456104704404
    },
    "epoch_07": {
        "dsc": 0.8917862607196053,
        "iou": 0.834502157096132,
        "accuracy": 0.9799038669089795,
        "precision": 0.9050294844543233,
        "recall": 0.8972092873803647,
        "loss": 0.14188815392354592
    },
    "epoch_08": {
        "dsc": 0.8966348392759415,
        "iou": 0.8412954311638592,
        "accuracy": 0.9811565650763147,
        "precision": 0.9068062347418059,
        "recall": 0.9006665882367287,
        "loss": 0.12270883426946752
    },
    "epoch_09": {
        "dsc": 0.9006210711656832,
        "iou": 0.8470123305040247,
        "accuracy": 0.9820151567374109,
        "precision": 0.9125113258812303,
        "recall": 0.904280096026878,
        "loss": 0.10715881609582009
    },
    "epoch_10": {
        "dsc": 0.90378138720458,
        "iou": 0.850882037225679,
        "accuracy": 0.9820731151125224,
        "precision": 0.9139484765801625,
        "recall": 0.9069860133470274,
        "loss": 0.0958142404090912
    },
    "epoch_11": {
        "dsc": 0.9084662992686512,
        "iou": 0.8569928443793093,
        "accuracy": 0.9831512940758689,
        "precision": 0.9214736793236724,
        "recall": 0.9111040103350517,
        "loss": 0.08453902036429727
    },
    "epoch_12": {
        "dsc": 0.9090436667257028,
        "iou": 0.8581752685727071,
        "accuracy": 0.9835577860405526,
        "precision": 0.9181671188264393,
        "recall": 0.9121516536051363,
        "loss": 0.07591110548592188
    },
    "epoch_13": {
        "dsc": 0.9116400716139034,
        "iou": 0.8611387838335598,
        "accuracy": 0.9837985321969698,
        "precision": 0.9240318491072153,
        "recall": 0.913303191542838,
        "loss": 0.06925997553383284
    },
    "epoch_14": {
        "dsc": 0.9133859860599574,
        "iou": 0.864094793105933,
        "accuracy": 0.9842528513536097,
        "precision": 0.9259583171782435,
        "recall": 0.915893405091529,
        "loss": 0.06327851626643523
    },
    "epoch_15": {
        "dsc": 0.9148162048236995,
        "iou": 0.8661190370187403,
        "accuracy": 0.9845487619763814,
        "precision": 0.9276776413654048,
        "recall": 0.9170844555432359,
        "loss": 0.05831999101621263
    },
    "epoch_16": {
        "dsc": 0.9189095614534435,
        "iou": 0.870533922883066,
        "accuracy": 0.9849193596117425,
        "precision": 0.9328583552769375,
        "recall": 0.9207815139051427,
        "loss": 0.05391737324668762
    },
    "epoch_17": {
        "dsc": 0.9201141483749723,
        "iou": 0.871702489155924,
        "accuracy": 0.9849057643298798,
        "precision": 0.9304926097393036,
        "recall": 0.9212876083379123,
        "loss": 0.05111444899862144
    },
    "epoch_18": {
        "dsc": 0.9220635824024996,
        "iou": 0.8744480213591973,
        "accuracy": 0.9854448842747326,
        "precision": 0.9326868873229002,
        "recall": 0.9235563550190917,
        "loss": 0.047593114738238046
    },
    "epoch_19": {
        "dsc": 0.9229226453950273,
        "iou": 0.8756697097670374,
        "accuracy": 0.9855925697693848,
        "precision": 0.9354672939807123,
        "recall": 0.9240764189318965,
        "loss": 0.04507318831342746
    },
    "epoch_20": {
        "dsc": 0.9240476980460095,
        "iou": 0.876868006804835,
        "accuracy": 0.9856504759219029,
        "precision": 0.9377087725993783,
        "recall": 0.9253892068769417,
        "loss": 0.04336049515295794
    },
    "epoch_21": {
        "dsc": 0.9260546064631824,
        "iou": 0.8796655702505943,
        "accuracy": 0.9858614726075089,
        "precision": 0.9376335870242162,
        "recall": 0.9289313691291367,
        "loss": 0.041768530956444574
    },
    "epoch_22": {
        "dsc": 0.926519330438233,
        "iou": 0.8814957357557912,
        "accuracy": 0.9862503394468581,
        "precision": 0.9386830557795132,
        "recall": 0.9271383309428067,
        "loss": 0.039805089626560874
    },
    "epoch_23": {
        "dsc": 0.930297146400241,
        "iou": 0.8848065152206522,
        "accuracy": 0.9864910420844474,
        "precision": 0.9385250136389026,
        "recall": 0.9312763295921626,
        "loss": 0.03806984797120094
    },
    "epoch_24": {
        "dsc": 0.9281499614796326,
        "iou": 0.8821060123078113,
        "accuracy": 0.9861478961257799,
        "precision": 0.9366895298269343,
        "recall": 0.9293352383555789,
        "loss": 0.03824586028800929
    },
    "epoch_25": {
        "dsc": 0.9321095212470615,
        "iou": 0.8872330975511281,
        "accuracy": 0.9866155755626114,
        "precision": 0.9399762102095625,
        "recall": 0.9335731801289714,
        "loss": 0.0364160334820894
    },
    "epoch_26": {
        "dsc": 0.9300198065724602,
        "iou": 0.8856736027939435,
        "accuracy": 0.986713823668672,
        "precision": 0.9412414884184771,
        "recall": 0.9324015563290811,
        "loss": 0.035625004050207326
    },
    "epoch_27": {
        "dsc": 0.9331855720802211,
        "iou": 0.8894504798499872,
        "accuracy": 0.9870844387115643,
        "precision": 0.944682639391027,
        "recall": 0.9343239397288644,
        "loss": 0.03439385448408159
    },
    "epoch_28": {
        "dsc": 0.9357542368498716,
        "iou": 0.8921373523174123,
        "accuracy": 0.9871542951342468,
        "precision": 0.9424193575314236,
        "recall": 0.9368994308771721,
        "loss": 0.03343348948653528
    },
    "epoch_29": {
        "dsc": 0.9351888612948637,
        "iou": 0.8916030096391517,
        "accuracy": 0.9872787067596925,
        "precision": 0.945401114097891,
        "recall": 0.9359750156415337,
        "loss": 0.03309128870241304
    },
    "epoch_30": {
        "dsc": 0.9365914418310617,
        "iou": 0.893323632219471,
        "accuracy": 0.987454174674131,
        "precision": 0.9465996901937984,
        "recall": 0.9378796133765562,
        "loss": 0.032182968460660884
    },
    "epoch_31": {
        "dsc": 0.9379413893409804,
        "iou": 0.8950411159936971,
        "accuracy": 0.9875451638396836,
        "precision": 0.9452363521976268,
        "recall": 0.9393044622505412,
        "loss": 0.03163334476776461
    },
    "epoch_32": {
        "dsc": 0.9345446936188535,
        "iou": 0.8912586842575599,
        "accuracy": 0.9870929509943183,
        "precision": 0.9401268289090796,
        "recall": 0.9379044388704759,
        "loss": 0.0332212294327384
    },