{
    "dsc": 0.8913648650759743,
    "loss": 0.15300243298212685,
    "iou": 0.8333588925618974,
    "accuracy": 0.9989749968998016,
    "precision": 0.9006047324528769,
    "recall": 0.9208468762655106
}