{
    "dsc": 0.9236020920390174,
    "loss": 0.08372066915035248,
    "iou": 0.8810583673204693,
    "accuracy": 0.9983758835565476,
    "precision": 0.9442466518992468,
    "recall": 0.9286668888727825
}