{
    "dsc": 0.7623165439406728,
    "loss": 0.6741488726994465,
    "iou": 0.6669128636822446,
    "accuracy": 0.9961218764909351,
    "precision": 0.719040976574706,
    "recall": 0.9097127669640169
}