{
    "dsc": 0.7520858127500569,
    "loss": 0.6910446578309736,
    "iou": 0.6542112468914828,
    "accuracy": 0.9952993822558842,
    "precision": 0.6994909371280185,
    "recall": 0.9163875390555113
}