{
    "dsc": 0.8857155482504103,
    "loss": 0.024197218959530194,
    "iou": 0.828222098933326,
    "accuracy": 0.9915137282986111,
    "precision": 0.9037643553415935,
    "recall": 0.9117010003725688
}