{
    "epoch_01": {
        "dsc": 0.7244518013945642,
        "iou": 0.6252426360462232,
        "accuracy": 0.9711891345671791,
        "precision": 0.7694155431228326,
        "recall": 0.766929272123996,
        "loss": 0.2328059781282981
    },
    "epoch_02": {
        "dsc": 0.8187586052107515,
        "iou": 0.7395423164926535,
        "accuracy": 0.9853546610405526,
        "precision": 0.853308339807439,
        "recall": 0.8461089854040673,
        "loss": 0.07346283530886161
    },
    "epoch_03": {
        "dsc": 0.8434085068218211,
        "iou": 0.7705487256965959,
        "accuracy": 0.9881312318961676,
        "precision": 0.8813780294382636,
        "recall": 0.8664608859654629,
        "loss": 0.0431327316411995
    },
    "epoch_04": {
        "dsc": 0.8525196892373702,
        "iou": 0.7847720396019346,
        "accuracy": 0.9888467162433155,
        "precision": 0.8823862539308805,
        "recall": 0.8773340322542105,
        "loss": 0.03489630891478317
    },
    "epoch_05": {
        "dsc": 0.8652337880642444,
        "iou": 0.7999063413092159,
        "accuracy": 0.989787662934492,
        "precision": 0.8946774557046924,
        "recall": 0.8861453782056529,
        "loss": 0.03005152364774423
    },
    "epoch_06": {
        "dsc": 0.8748315981258896,
        "iou": 0.8101604050705989,
        "accuracy": 0.990207088694853,
        "precision": 0.895790539376451,
        "recall": 0.8956043806836779,
        "loss": 0.027711759122178197
    },
    "epoch_07": {
        "dsc": 0.8741265502418002,
        "iou": 0.8127501158578297,
        "accuracy": 0.9908476249164438,
        "precision": 0.9010230048880007,
        "recall": 0.8978059882042456,
        "loss": 0.025553539776327936
    },
    "epoch_08": {
        "dsc": 0.883839392566426,
        "iou": 0.8217624041273419,
        "accuracy": 0.9909501726827094,
        "precision": 0.9034633470197836,
        "recall": 0.9056032026940275,
        "loss": 0.024586878749317823
    },
    "epoch_09": {
        "dsc": 0.8900343869777925,
        "iou": 0.8294090248259207,
        "accuracy": 0.9914194275011141,
        "precision": 0.9089871830906248,
        "recall": 0.9083438538506281,
        "loss": 0.022899452101359553
    },
    "epoch_10": {
        "dsc": 0.8804821129788689,
        "iou": 0.8199071250922326,
        "accuracy": 0.9911090164048574,
        "precision": 0.9067612033795546,
        "recall": 0.9016659652910556,
        "loss": 0.02359288961148477
    },
    "epoch_11": {
        "dsc": 0.8888711358774155,
        "iou": 0.8293627824056595,
        "accuracy": 0.9914220473345587,
        "precision": 0.9102849016852558,
        "recall": 0.9079992586809897,
        "loss": 0.022908142165226096
    },
    "epoch_12": {
        "dsc": 0.8864901484440143,
        "iou": 0.8269598786312415,
        "accuracy": 0.9913285950033423,
        "precision": 0.9065941369788532,
        "recall": 0.9081084877518195,
        "loss": 0.023009926035880725
    },
    "epoch_13": {
        "dsc": 0.889239772383967,
        "iou": 0.8300498303776332,
        "accuracy": 0.9914494554924242,
        "precision": 0.9111101282577889,
        "recall": 0.9075032071527525,
        "loss": 0.022477711928151747
    },
    "epoch_14": {
        "dsc": 0.8963644224804714,
        "iou": 0.8395085030598585,
        "accuracy": 0.991955588165664,
        "precision": 0.9137538461351365,
        "recall": 0.911345378663281,
        "loss": 0.020952592202945347
    },
    "epoch_15": {
        "dsc": 0.8920747408254899,
        "iou": 0.833502912903852,
        "accuracy": 0.9915776271446078,
        "precision": 0.9143222071588996,
        "recall": 0.9090265949354666,
        "loss": 0.02200797826106496
    },
    "epoch_16": {
        "dsc": 0.8997545622143092,
        "iou": 0.8423548408264356,
        "accuracy": 0.9920554116532977,
        "precision": 0.9173300450604656,
        "recall": 0.9144457494723818,
        "loss": 0.020473107476444805
    },
    "epoch_17": {
        "dsc": 0.9020210111948683,
        "iou": 0.8467580947540236,
        "accuracy": 0.9922940602022059,
        "precision": 0.9157072179245227,
        "recall": 0.9185633499992085,
        "loss": 0.019881615656761723
    },
    "epoch_18": {
        "dsc": 0.9029334528029709,
        "iou": 0.8472850734962287,
        "accuracy": 0.9922279725100267,
        "precision": 0.9187408505064067,
        "recall": 0.9177451071573451,
        "loss": 0.019714198065274222
    },
    "epoch_19": {
        "dsc": 0.9016454719179667,
        "iou": 0.845472980894932,
        "accuracy": 0.9922417244596702,
        "precision": 0.9172142087457015,
        "recall": 0.9156360456225282,
        "loss": 0.01969289265443536
    },
    "epoch_20": {
        "dsc": 0.8977592394632452,
        "iou": 0.8423742721000032,
        "accuracy": 0.9920779631099597,
        "precision": 0.9181784302686837,
        "recall": 0.9129276320258564,
        "loss": 0.02012257229033758
    },
    "epoch_21": {
        "dsc": 0.8916376094979612,
        "iou": 0.8355153401161473,
        "accuracy": 0.992000508299911,
        "precision": 0.9096913738259231,
        "recall": 0.9151908362188016,
        "loss": 0.020479496133907194
    },
    "epoch_22": {
        "dsc": 0.90767078369909,
        "iou": 0.8531491861623877,
        "accuracy": 0.9925342580213904,
        "precision": 0.9225136313633909,
        "recall": 0.9200539260093328,
        "loss": 0.01858364539295634
    },
    "epoch_23": {
        "dsc": 0.9082752668071347,
        "iou": 0.8548466203578228,
        "accuracy": 0.9926562412962344,
        "precision": 0.9252330450981906,
        "recall": 0.9198412511650468,
        "loss": 0.018124555176582166
    },
    "epoch_24": {
        "dsc": 0.9087723386266439,
        "iou": 0.8546504443660777,
        "accuracy": 0.9926147939644607,
        "precision": 0.922918510946998,
        "recall": 0.9216188113213435,
        "loss": 0.01821066581589334
    },
    "epoch_25": {
        "dsc": 0.9040763565138276,
        "iou": 0.8490765555338426,
        "accuracy": 0.9924025004177807,
        "precision": 0.9190284171525169,
        "recall": 0.9174136553431151,
        "loss": 0.018723562836676914
    },
    "epoch_26": {
        "dsc": 0.9033053489717359,
        "iou": 0.8468101674860175,
        "accuracy": 0.9922590710645053,
        "precision": 0.9205018899232522,
        "recall": 0.9151698432185433,
        "loss": 0.01923972818338098
    },
    "epoch_27": {
        "dsc": 0.910030517242384,
        "iou": 0.8571783386556009,
        "accuracy": 0.9928687089182263,
        "precision": 0.924995290404335,
        "recall": 0.9211882836784696,
        "loss": 0.017386452213333133
    },
    "epoch_28": {
        "dsc": 0.9070384573065235,
        "iou": 0.8543827781808994,
        "accuracy": 0.9928356346089573,
        "precision": 0.9234452660920999,
        "recall": 0.9209763792321856,
        "loss": 0.017449189822891738
    },
    "epoch_29": {
        "dsc": 0.9106564444760376,
        "iou": 0.8582334125318205,
        "accuracy": 0.9929163185160428,
        "precision": 0.9224798527949634,
        "recall": 0.9239936967690786,
        "loss": 0.017156401001673968
    },
    "epoch_30": {
        "dsc": 0.9128466925837777,
        "iou": 0.8606679828940442,
        "accuracy": 0.9930301985851158,
        "precision": 0.9296960033834937,
        "recall": 0.9218826940990387,
        "loss": 0.016633614603888222
    },
    "epoch_31": {
        "dsc": 0.9165274971521687,
        "iou": 0.8657019156929432,
        "accuracy": 0.9932767849682488,
        "precision": 0.9321030658302885,
        "recall": 0.9248208540114914,
        "loss": 0.016142294241643367
    },
    "epoch_32": {
        "dsc": 0.9137033580564984,
        "iou": 0.8623858296616193,
        "accuracy": 0.9932886569045232,
        "precision": 0.9285554893832794,
        "recall": 0.9255316745682408,