{
    "dsc": 0.8800416459507414,
    "loss": 0.02563205438728134,
    "iou": 0.8196986757914224,
    "accuracy": 0.9910095703125,
    "precision": 0.9204167136616178,
    "recall": 0.8841807068718804
}