{
    "epoch_01": {
        "dsc": 0.8249582107129849,
        "iou": 0.7463375975688298,
        "accuracy": 0.9846594880756581,
        "precision": 0.874727346918039,
        "recall": 0.8305463600054123,
        "loss": 0.09999770494668107
    },
    "epoch_02": {
        "dsc": 0.8663336686920702,
        "iou": 0.7946955891031968,
        "accuracy": 0.9889267235471488,
        "precision": 0.8965791971014258,
        "recall": 0.8797961164984786,
        "loss": 0.04770173352995986
    },
    "epoch_03": {
        "dsc": 0.8632731871646747,
        "iou": 0.7856807734882622,
        "accuracy": 0.9866476922286187,
        "precision": 0.8186339981723251,
        "recall": 0.9582750917526713,
        "loss": 0.03930754153254001
    },
    "epoch_04": {
        "dsc": 0.8792568204695718,
        "iou": 0.8182027873240019,
        "accuracy": 0.9907224849232454,
        "precision": 0.8827425644063113,
        "recall": 0.9171223284905415,
        "loss": 0.026371580695635395
    },
    "epoch_05": {
        "dsc": 0.8999390926277427,
        "iou": 0.8438942568343983,
        "accuracy": 0.9920701840049343,
        "precision": 0.9254767032046067,
        "recall": 0.9112713258517414,
        "loss": 0.023213268625304886
    },
    "epoch_06": {
        "dsc": 0.8961425690274492,
        "iou": 0.8350474400478496,
        "accuracy": 0.9907869037828947,
        "precision": 0.9141511263554557,
        "recall": 0.9145194872429496,
        "loss": 0.024994856420610296
    },
    "epoch_07": {
        "dsc": 0.913491090138753,
        "iou": 0.8603678863299521,
        "accuracy": 0.9925984700520832,
        "precision": 0.9349238496077689,
        "recall": 0.919682006041209,
        "loss": 0.01980816458940114
    },
    "epoch_08": {
        "dsc": 0.9137330562399145,
        "iou": 0.8604802541565477,
        "accuracy": 0.9925382486979166,
        "precision": 0.943132580372325,
        "recall": 0.9112446135596223,
        "loss": 0.01940628598248096
    },
    "epoch_09": {
        "dsc": 0.8967979236652976,
        "iou": 0.8393469907735525,
        "accuracy": 0.9915944524396929,
        "precision": 0.8936382919027094,
        "recall": 0.9407545066716377,
        "loss": 0.01995358575674656
    },
    "epoch_10": {
        "dsc": 0.8804403867637901,
        "iou": 0.8192422844861683,
        "accuracy": 0.9903280479029606,
        "precision": 0.8780113615487749,
        "recall": 0.9278867809396043,
        "loss": 0.02357881673072514
    },
    "epoch_11": {
        "dsc": 0.9047962071602805,
        "iou": 0.8527088400564695,
        "accuracy": 0.992723966899671,
        "precision": 0.9362697256238839,
        "recall": 0.90916687093283,
        "loss": 0.018124221186888844
    },
    "epoch_12": {
        "dsc": 0.9144149710211839,
        "iou": 0.8603730750711339,
        "accuracy": 0.992472202234101,
        "precision": 0.9137301601861655,
        "recall": 0.9417322581274469,
        "loss": 0.018249166798532793
    },
    "epoch_13": {
        "dsc": 0.9071883125263347,
        "iou": 0.8553918275916784,
        "accuracy": 0.9928155838815789,
        "precision": 0.9242722663963051,
        "recall": 0.9255598997860623,
        "loss": 0.01747283536793762
    },
    "epoch_14": {
        "dsc": 0.914965493114371,
        "iou": 0.8617119255818819,
        "accuracy": 0.9926165878563595,
        "precision": 0.9559668626701624,
        "recall": 0.9001483661040922,
        "loss": 0.018505031941458583
    },
    "epoch_15": {
        "dsc": 0.9057193335733915,
        "iou": 0.8489356187351964,
        "accuracy": 0.9920188288103069,
        "precision": 0.9414486581819098,
        "recall": 0.9015221297740934,
        "loss": 0.020653284755290338
    },
    "epoch_16": {
        "dsc": 0.9104113474226835,
        "iou": 0.8581470836672868,
        "accuracy": 0.9928965786047147,
        "precision": 0.9392330358948627,
        "recall": 0.912483485121476,
        "loss": 0.017931642280401366
    },
    "epoch_17": {
        "dsc": 0.9103699054634361,
        "iou": 0.857257313895644,
        "accuracy": 0.9927064487390351,
        "precision": 0.9193028771040732,
        "recall": 0.92793282395915,
        "loss": 0.017960434656982358
    },
    "epoch_18": {
        "dsc": 0.9104827720867958,
        "iou": 0.856067569632279,
        "accuracy": 0.9924075692160087,
        "precision": 0.951872279769496,
        "recall": 0.895699461301168,
        "loss": 0.01871281258124662
    },
    "epoch_19": {
        "dsc": 0.8925846302718448,
        "iou": 0.833912184886765,
        "accuracy": 0.991449766995614,
        "precision": 0.8879983900931844,
        "recall": 0.9378219633771665,
        "loss": 0.021174892084673047
    },
    "epoch_20": {
        "dsc": 0.8885942268789861,
        "iou": 0.830321825387185,
        "accuracy": 0.9908029228344299,
        "precision": 0.9187051836858715,
        "recall": 0.8945322617104179,
        "loss": 0.023089247547384156
    },
    "epoch_21": {
        "dsc": 0.912477283101333,
        "iou": 0.8592199134199243,
        "accuracy": 0.9924916478207236,
        "precision": 0.9122311493806672,
        "recall": 0.9420832463523798,
        "loss": 0.01775662653687361
    },
    "epoch_22": {
        "dsc": 0.9099228821302715,
        "iou": 0.855449378490448,
        "accuracy": 0.9923340272066886,
        "precision": 0.908912920115287,
        "recall": 0.9416270820718065,
        "loss": 0.018971322177860298
    },
    "epoch_23": {
        "dsc": 0.9155082760149972,
        "iou": 0.8631148333089392,
        "accuracy": 0.9929272460937499,
        "precision": 0.9304453741040144,
        "recall": 0.9272025959533559,
        "loss": 0.01706101463519429
    },
    "epoch_24": {
        "dsc": 0.9077470558777191,
        "iou": 0.8516662633209899,
        "accuracy": 0.992043242872807,
        "precision": 0.927387723797246,
        "recall": 0.9173920781988848,
        "loss": 0.019951638759505983
    },
    "epoch_25": {
        "dsc": 0.916580715200357,
        "iou": 0.8649786407487435,
        "accuracy": 0.9930152652138156,
        "precision": 0.9360290546166268,
        "recall": 0.9230135255738307,
        "loss": 0.016933191984303687
    },
    "epoch_26": {
        "dsc": 0.9166290336533599,
        "iou": 0.8664485765130895,
        "accuracy": 0.9931831226014255,
        "precision": 0.9426741035361037,
        "recall": 0.9183274314068912,
        "loss": 0.0164786156781606
    },
    "epoch_27": {
        "dsc": 0.9061662397886577,
        "iou": 0.8520560180931762,
        "accuracy": 0.9923388243558113,
        "precision": 0.9415529338937056,
        "recall": 0.9036343636219962,
        "loss": 0.019494199120488605
    },
    "epoch_28": {
        "dsc": 0.9120365077989147,
        "iou": 0.8583533335150335,
        "accuracy": 0.9925881904468203,
        "precision": 0.962054989839855,
        "recall": 0.8900207249741805,
        "loss": 0.019615102314243193
    },
    "epoch_29": {
        "dsc": 0.9006702994045458,
        "iou": 0.8444451904087733,
        "accuracy": 0.9918913188733555,
        "precision": 0.9590264673818624,
        "recall": 0.8787297350272799,
        "loss": 0.019835752459537042
    },
    "epoch_30": {
        "dsc": 0.9178148664926228,
        "iou": 0.8669194401356212,
        "accuracy": 0.9928835577713817,
        "precision": 0.9399023463851529,
        "recall": 0.9210322263993715,
        "loss": 0.017172241068788265
    },
    "epoch_31": {
        "dsc": 0.9183480216745744,
        "iou": 0.8676397094601079,
        "accuracy": 0.9930926192434211,
        "precision": 0.9334570179905809,
        "recall": 0.9240123132864635,
        "loss": 0.01635482767596841
    },
    "epoch_32": {
        "dsc": 0.914660818744124,
        "iou": 0.8640845496403543,
        "accuracy": 0.9929537589089911,
        "precision": 0.9369113905388011,
        "recall": 0.9199735945776889,
        "loss": 0.016735529600593605
    },