{
    "dsc": 0.8919797931114832,
    "loss": 0.12022004822889965,
    "iou": 0.8357299933830896,
    "accuracy": 0.999001513671875,
    "precision": 0.905391446352005,
    "recall": 0.9207996465762456
}