{
    "epoch_01": {
        "dsc": 0.587493289373656,
        "iou": 0.4708109944564511,
        "accuracy": 0.9499389866031639,
        "precision": 0.6089044784395757,
        "recall": 0.6527184842224109,
        "loss": 0.43135706865213774
    },
    "epoch_02": {
        "dsc": 0.7600492303277931,
        "iou": 0.6588318507567233,
        "accuracy": 0.9772577393883691,
        "precision": 0.7902619766466544,
        "recall": 0.8049604499085065,
        "loss": 0.3315833912176244
    },
    "epoch_03": {
        "dsc": 0.7998071370277813,
        "iou": 0.712211800290939,
        "accuracy": 0.9828910950033423,
        "precision": 0.8216458988274694,
        "recall": 0.8480834368078466,
        "loss": 0.2799930496808679
    },
    "epoch_04": {
        "dsc": 0.819765281762244,
        "iou": 0.7380792195518598,
        "accuracy": 0.9848798184046346,
        "precision": 0.8383345108565586,
        "recall": 0.8637230285242493,
        "loss": 0.2389954074340708
    },
    "epoch_05": {
        "dsc": 0.8318089311029397,
        "iou": 0.7548355304514874,
        "accuracy": 0.9864866553865864,
        "precision": 0.8526700065203953,
        "recall": 0.865449281724804,
        "loss": 0.2033418958040482
    },
    "epoch_06": {
        "dsc": 0.8448628188242036,
        "iou": 0.7716018750918314,
        "accuracy": 0.9877382829907531,
        "precision": 0.8622664677214921,
        "recall": 0.8745462573573337,
        "loss": 0.17313010408916576
    },
    "epoch_07": {
        "dsc": 0.8515737942833314,
        "iou": 0.7806993363269085,
        "accuracy": 0.9886024624693628,
        "precision": 0.8763714225534449,
        "recall": 0.8781417660853442,
        "loss": 0.1478800670428072
    },
    "epoch_08": {
        "dsc": 0.8566547149855397,
        "iou": 0.7877387836867688,
        "accuracy": 0.9891956066872771,
        "precision": 0.8739108383761794,
        "recall": 0.8854359693280728,
        "loss": 0.12672735880163902
    },
    "epoch_09": {
        "dsc": 0.859258769827093,
        "iou": 0.7932496194108498,
        "accuracy": 0.9897627701648841,
        "precision": 0.8899206281664537,
        "recall": 0.8823118090842073,
        "loss": 0.10859146493083653
    },
    "epoch_10": {
        "dsc": 0.8674645021743741,
        "iou": 0.8020186737153194,
        "accuracy": 0.9898747963318851,
        "precision": 0.8936311127136525,
        "recall": 0.8882785038939558,
        "loss": 0.09414461006056817
    },
    "epoch_11": {
        "dsc": 0.8664693688963824,
        "iou": 0.8035752558134457,
        "accuracy": 0.9904196520582664,
        "precision": 0.8952090359839101,
        "recall": 0.8877406913435182,
        "loss": 0.08146520144241379
    },
    "epoch_12": {
        "dsc": 0.8703043772150064,
        "iou": 0.8075477420460306,
        "accuracy": 0.9903468276515153,
        "precision": 0.8957105673278505,
        "recall": 0.8902338529653089,
        "loss": 0.072191825206267
    },
    "epoch_13": {
        "dsc": 0.8745673587296736,
        "iou": 0.8133200237564014,
        "accuracy": 0.9908709945270721,
        "precision": 0.9010163614137925,
        "recall": 0.8929717086003214,
        "loss": 0.06284334605191162
    },
    "epoch_14": {
        "dsc": 0.877633625738877,
        "iou": 0.8174117256744121,
        "accuracy": 0.990956726618204,
        "precision": 0.9017411306871302,
        "recall": 0.8934460452950577,
        "loss": 0.05604126864177658
    },
    "epoch_15": {
        "dsc": 0.8799932517788627,
        "iou": 0.8196814304048364,
        "accuracy": 0.9910850462344029,
        "precision": 0.9113659873578214,
        "recall": 0.8953785525498754,
        "loss": 0.050158851535960954
    },
    "epoch_16": {
        "dsc": 0.8812582421642787,
        "iou": 0.8213973142565253,
        "accuracy": 0.9913035542697192,
        "precision": 0.9076937007287821,
        "recall": 0.8983447185174667,
        "loss": 0.04510442632683777
    },
    "epoch_17": {
        "dsc": 0.885280565144544,
        "iou": 0.8264874676225867,
        "accuracy": 0.9915059951537433,
        "precision": 0.9120905276607064,
        "recall": 0.9011446419777929,
        "loss": 0.04086080763269873
    },
    "epoch_18": {
        "dsc": 0.8885619856563268,
        "iou": 0.8301298966276028,
        "accuracy": 0.9916048264120989,
        "precision": 0.9120875657826609,
        "recall": 0.9045751777987218,
        "loss": 0.037366378957774234
    },
    "epoch_19": {
        "dsc": 0.8878715857996237,
        "iou": 0.8290065557906758,
        "accuracy": 0.9915556414327094,
        "precision": 0.912350602780009,
        "recall": 0.9031068313993021,
        "loss": 0.034806431809011946
    },
    "epoch_20": {
        "dsc": 0.8896714132312361,
        "iou": 0.8315902574920825,
        "accuracy": 0.9917147810828876,
        "precision": 0.9135576191220479,
        "recall": 0.9065848527320142,
        "loss": 0.03225614762501443
    },
    "epoch_21": {
        "dsc": 0.8936669499266382,
        "iou": 0.8366996215095281,
        "accuracy": 0.9919927445409982,
        "precision": 0.9145908551207624,
        "recall": 0.9082996474974083,
        "loss": 0.029593993097862457
    },
    "epoch_22": {
        "dsc": 0.8926972260237166,
        "iou": 0.8353051009875144,
        "accuracy": 0.9918612480503566,
        "precision": 0.9158451225668351,
        "recall": 0.9086421702634842,
        "loss": 0.028266083110462536
    },
    "epoch_23": {
        "dsc": 0.8953497307557684,
        "iou": 0.8385000671932404,
        "accuracy": 0.9921486376866088,
        "precision": 0.9149615589841378,
        "recall": 0.9088812874175224,
        "loss": 0.026140286923351293
    },
    "epoch_24": {
        "dsc": 0.8955210763927876,
        "iou": 0.8390417582423504,
        "accuracy": 0.9920990436302363,
        "precision": 0.9169455856456689,
        "recall": 0.9086232872251521,
        "loss": 0.02540452539283324
    },
    "epoch_25": {
        "dsc": 0.9010523080613313,
        "iou": 0.8432428945725826,
        "accuracy": 0.9920014396028298,
        "precision": 0.9158185441013752,
        "recall": 0.9121819772291099,
        "loss": 0.02456269602236502
    },
    "epoch_26": {
        "dsc": 0.8978274287174518,
        "iou": 0.8409636342589231,
        "accuracy": 0.9921863598067068,
        "precision": 0.920508622007574,
        "recall": 0.9104199121023882,
        "loss": 0.023460625170326647
    },
    "epoch_27": {
        "dsc": 0.8982933649192306,
        "iou": 0.8422534602317369,
        "accuracy": 0.99229630577373,
        "precision": 0.9200287928768233,
        "recall": 0.9107118023695581,
        "loss": 0.022613214811977537
    },
    "epoch_28": {
        "dsc": 0.9056879088096653,
        "iou": 0.8501114667843156,
        "accuracy": 0.9924907566009359,
        "precision": 0.9227514917200262,
        "recall": 0.914392502709506,
        "loss": 0.021456186418087882
    },
    "epoch_29": {
        "dsc": 0.8988567426030437,
        "iou": 0.84386476688419,
        "accuracy": 0.9924652197526738,
        "precision": 0.9189426291222667,
        "recall": 0.912117602300304,
        "loss": 0.02117491175325956
    },
    "epoch_30": {
        "dsc": 0.9053066140190166,
        "iou": 0.850539411612373,
        "accuracy": 0.9924593273033644,
        "precision": 0.9253480044490727,
        "recall": 0.913261107263718,
        "loss": 0.0205507074572385
    },
    "epoch_31": {
        "dsc": 0.9021070348281487,
        "iou": 0.8477601592234749,
        "accuracy": 0.992595776236631,
        "precision": 0.9272273502672844,
        "recall": 0.9112798063194051,
        "loss": 0.020047274062081295
    },
    "epoch_32": {
        "dsc": 0.910547501369381,
        "iou": 0.8553941556901642,
        "accuracy": 0.992617361575312,
        "precision": 0.9270584092951926,
        "recall": 0.9165439609962777,
        "loss": 0.01960605417781654
    },