{
    "dsc": 0.8925111787659781,
    "loss": 0.12556830644607545,
    "iou": 0.8369551669983636,
    "accuracy": 0.9990039760044643,
    "precision": 0.9089026024228051,
    "recall": 0.9168859292211986
}